
> vite-office@0.1.0 inventory:parity
> tsx scripts/libreoffice-inventory/parity-mapping-cli.ts --baseline docs/program/libreoffice-baseline.json --mappings docs/program/parity/writer-command-slice.json --runtime-inventory docs/program/parity/runtime-inventory.json --runtime-root apps/office/src --local-root . --upstream-root vendor/libreoffice-reference

{
  "baselineCommit": "9bc445578031fecf56086729d8e4940c77e14d65",
  "behaviorParityCount": 43,
  "classifiedDivergenceCount": 105,
  "contractParityCount": 43,
  "defaultParityCount": 43,
  "differentialParityCount": 43,
  "exceptionCount": 2,
  "exceptions": [
    {
      "exception": {
        "approvedBy": "User decision reaffirming 202609221113-N9GZ47",
        "disposition": "not-implementable",
        "reason": "browser-runtime-inapplicable",
        "rationale": "Native crash/session recovery depends on desktop process and backup-file lifecycle not used by this browser document workflow."
      },
      "id": "LO-WRITER-0122",
      "scope": "capability"
    },
    {
      "exception": {
        "approvedBy": "User decision reaffirming 202609221113-N9GZ47",
        "disposition": "not-implementable",
        "reason": "browser-runtime-inapplicable",
        "rationale": "Native crash/session recovery depends on desktop process and backup-file lifecycle not used by this browser document workflow."
      },
      "id": "LO-WRITER-0133",
      "scope": "capability"
    }
  ],
  "gapCount": 2,
  "implementedCount": 43,
  "parityReady": true,
  "ownershipParityCount": 43,
  "closureEvidence": [
    {
      "dimension": "contract",
      "path": "apps/office/src/framework/browser/presentation/CommandMenuBar.tsx",
      "side": "local"
    },
    {
      "dimension": "contract",
      "path": "sw/uiconfig/swriter/menubar/menubar.xml",
      "side": "upstream"
    },
    {
      "dimension": "ownership",
      "path": "apps/office/src/framework/browser/presentation/CommandMenuBar.tsx",
      "side": "local"
    },
    {
      "dimension": "ownership",
      "path": "sw/uiconfig/swriter/menubar/menubar.xml",
      "side": "upstream"
    },
    {
      "dimension": "behavior",
      "path": "apps/office/src/sw/browser/presentation/WriterMenuBar.test.tsx",
      "side": "local"
    },
    {
      "dimension": "behavior",
      "path": "sw/qa/extras/tiledrendering/tiledrendering.cxx",
      "side": "upstream"
    },
    {
      "dimension": "defaults",
      "path": "apps/office/src/sw/browser/presentation/WriterMenuBar.test.tsx",
      "side": "local"
    },
    {
      "dimension": "defaults",
      "path": "sw/qa/extras/tiledrendering/tiledrendering.cxx",
      "side": "upstream"
    },
    {
      "dimension": "differential",
      "path": "apps/office/src/sw/browser/presentation/WriterMenuBar.test.tsx",
      "side": "local"
    },
    {
      "dimension": "differential",
      "path": "sw/qa/extras/tiledrendering/tiledrendering.cxx",
      "side": "upstream"
    },
    {
      "dimension": "divergence",
      "path": "docs/program/writer-command-placement.md",
      "side": "local"
    },
    {
      "dimension": "divergence",
      "path": "sw/uiconfig/swriter/menubar/menubar.xml",
      "side": "upstream"
    },
    {
      "dimension": "divergence",
      "path": "docs/program/writer-command-placement.md",
      "side": "local"
    },
    {
      "dimension": "divergence",
      "path": "sw/uiconfig/swriter/menubar/menubar.xml",
      "side": "upstream"
    },
    {
      "dimension": "divergence",
      "path": "docs/program/writer-command-placement.md",
      "side": "local"
    },
    {
      "dimension": "divergence",
      "path": "sw/uiconfig/swriter/menubar/menubar.xml",
      "side": "upstream"
    },
    {
      "dimension": "contract",
      "path": "apps/office/src/svl/source/undo/undo.ts",
      "side": "local"
    },
    {
      "dimension": "contract",
      "path": "svl/source/undo/undo.cxx",
      "side": "upstream"
    },
    {
      "dimension": "ownership",
      "path": "apps/office/src/svl/source/undo/undo.ts",
      "side": "local"
    },
    {
      "dimension": "ownership",
      "path": "svl/source/undo/undo.cxx",
      "side": "upstream"
    },
    {
      "dimension": "behavior",
      "path": "apps/office/src/svl/source/undo/undo.test.ts",
      "side": "local"
    },
    {
      "dimension": "behavior",
      "path": "sw/qa/extras/tiledrendering/tiledrendering.cxx",
      "side": "upstream"
    },
    {
      "dimension": "defaults",
      "path": "apps/office/src/svl/source/undo/undo.test.ts",
      "side": "local"
    },
    {
      "dimension": "defaults",
      "path": "sw/qa/extras/tiledrendering/tiledrendering.cxx",
      "side": "upstream"
    },
    {
      "dimension": "operationCycle",
      "path": "apps/office/src/svl/source/undo/undo.test.ts",
      "side": "local"
    },
    {
      "dimension": "operationCycle",
      "path": "sw/qa/extras/tiledrendering/tiledrendering.cxx",
      "side": "upstream"
    },
    {
      "dimension": "differential",
      "path": "apps/office/src/svl/source/undo/undo.test.ts",
      "side": "local"
    },
    {
      "dimension": "differential",
      "path": "sw/qa/extras/tiledrendering/tiledrendering.cxx",
      "side": "upstream"
    },
    {
      "dimension": "divergence",
      "path": "docs/program/transaction-history.md",
      "side": "local"
    },
    {
      "dimension": "divergence",
      "path": "svl/source/undo/undo.cxx",
      "side": "upstream"
    },
    {
      "dimension": "divergence",
      "path": "docs/program/transaction-history.md",
      "side": "local"
    },
    {
      "dimension": "divergence",
      "path": "svl/source/undo/undo.cxx",
      "side": "upstream"
    },
    {
      "dimension": "divergence",
      "path": "docs/program/transaction-history.md",
      "side": "local"
    },
    {
      "dimension": "divergence",
      "path": "svl/source/undo/undo.cxx",
      "side": "upstream"
    },
    {
      "dimension": "contract",
      "path": "apps/office/src/vcl/browser/browser-clipboard.ts",
      "side": "local"
    },
    {
      "dimension": "contract",
      "path": "sw/uiconfig/swriter/menubar/menubar.xml",
      "side": "upstream"
    },
    {
      "dimension": "ownership",
      "path": "apps/office/src/vcl/browser/browser-clipboard.ts",
      "side": "local"
    },
    {
      "dimension": "ownership",
      "path": "sw/uiconfig/swriter/menubar/menubar.xml",
      "side": "upstream"
    },
    {
      "dimension": "behavior",
      "path": "apps/office/src/sw/browser/presentation/WriterMenuBar.test.tsx",
      "side": "local"
    },
    {
      "dimension": "behavior",
      "path": "sw/qa/extras/uiwriter/uiwriter6.cxx",
      "side": "upstream"
    },
    {
      "dimension": "defaults",
      "path": "apps/office/src/sw/browser/presentation/WriterMenuBar.test.tsx",
      "side": "local"
    },
    {
      "dimension": "defaults",
      "path": "sw/qa/extras/uiwriter/uiwriter6.cxx",
      "side": "upstream"
    },
    {
      "dimension": "operationCycle",
      "path": "apps/office/src/sw/browser/presentation/WriterMenuBar.test.tsx",
      "side": "local"
    },
    {
      "dimension": "operationCycle",
      "path": "sw/qa/extras/uiwriter/uiwriter6.cxx",
      "side": "upstream"
    },
    {
      "dimension": "differential",
      "path": "apps/office/src/sw/browser/presentation/WriterMenuBar.test.tsx",
      "side": "local"
    },
    {
      "dimension": "differential",
      "path": "sw/qa/extras/uiwriter/uiwriter6.cxx",
      "side": "upstream"
    },
    {
      "dimension": "divergence",
      "path": "docs/program/writer-clipboard.md",
      "side": "local"
    },
    {
      "dimension": "divergence",
      "path": "sw/uiconfig/swriter/menubar/menubar.xml",
      "side": "upstream"
    },
    {
      "dimension": "divergence",
      "path": "docs/program/writer-clipboard.md",
      "side": "local"
    },
    {
      "dimension": "divergence",
      "path": "sw/uiconfig/swriter/menubar/menubar.xml",
      "side": "upstream"
    },
    {
      "dimension": "divergence",
      "path": "docs/program/writer-clipboard.md",
      "side": "local"
    },
    {
      "dimension": "divergence",
      "path": "sw/uiconfig/swriter/menubar/menubar.xml",
      "side": "upstream"
    },
    {
      "dimension": "contract",
      "path": "apps/office/src/sw/source/uibase/uiview/view.ts",
      "side": "local"
    },
    {
      "dimension": "contract",
      "path": "sw/uiconfig/swriter/menubar/menubar.xml",
      "side": "upstream"
    },
    {
      "dimension": "ownership",
      "path": "apps/office/src/sw/source/uibase/uiview/view.ts",
      "side": "local"
    },
    {
      "dimension": "ownership",
      "path": "sw/uiconfig/swriter/menubar/menubar.xml",
      "side": "upstream"
    },
    {
      "dimension": "behavior",
      "path": "apps/office/src/sw/browser/presentation/writer-view.test.tsx",
      "side": "local"
    },
    {
      "dimension": "behavior",
      "path": "sw/qa/extras/tiledrendering/tiledrendering2.cxx",
      "side": "upstream"
    },
    {
      "dimension": "defaults",
      "path": "apps/office/src/sw/browser/presentation/writer-view.test.tsx",
      "side": "local"
    },
    {
      "dimension": "defaults",
      "path": "sw/qa/extras/tiledrendering/tiledrendering2.cxx",
      "side": "upstream"
    },
    {
      "dimension": "differential",
      "path": "apps/office/src/sw/browser/presentation/writer-view.test.tsx",
      "side": "local"
    },
    {
      "dimension": "differential",
      "path": "sw/qa/extras/tiledrendering/tiledrendering2.cxx",
      "side": "upstream"
    },
    {
      "dimension": "divergence",
      "path": "docs/program/writer-ui-shell.md",
      "side": "local"
    },
    {
      "dimension": "divergence",
      "path": "sw/uiconfig/swriter/menubar/menubar.xml",
      "side": "upstream"
    },
    {
      "dimension": "divergence",
      "path": "docs/program/writer-ui-shell.md",
      "side": "local"
    },
    {
      "dimension": "divergence",
      "path": "sw/uiconfig/swriter/menubar/menubar.xml",
      "side": "upstream"
    },
    {
      "dimension": "divergence",
      "path": "docs/program/writer-ui-shell.md",
      "side": "local"
    },
    {
      "dimension": "divergence",
      "path": "sw/uiconfig/swriter/menubar/menubar.xml",
      "side": "upstream"
    },
    {
      "dimension": "contract",
      "path": "apps/office/src/sw/source/core/doc/list.ts",
      "side": "local"
    },
    {
      "dimension": "contract",
      "path": "sw/source/core/doc/list.cxx",
      "side": "upstream"
    },
    {
      "dimension": "ownership",
      "path": "apps/office/src/sw/source/core/doc/list.ts",
      "side": "local"
    },
    {
      "dimension": "ownership",
      "path": "sw/source/core/doc/list.cxx",
      "side": "upstream"
    },
    {
      "dimension": "behavior",
      "path": "apps/office/src/sw/source/core/doc/list.test.ts",
      "side": "local"
    },
    {
      "dimension": "behavior",
      "path": "sw/qa/extras/uiwriter/uiwriter8.cxx",
      "side": "upstream"
    },
    {
      "dimension": "defaults",
      "path": "apps/office/src/sw/source/core/doc/list.test.ts",
      "side": "local"
    },
    {
      "dimension": "defaults",
      "path": "sw/qa/extras/uiwriter/uiwriter8.cxx",
      "side": "upstream"
    },
    {
      "dimension": "operationCycle",
      "path": "apps/office/src/sw/source/core/doc/list.test.ts",
      "side": "local"
    },
    {
      "dimension": "operationCycle",
      "path": "sw/qa/extras/uiwriter/uiwriter8.cxx",
      "side": "upstream"
    },
    {
      "dimension": "differential",
      "path": "apps/office/src/sw/source/core/doc/list.test.ts",
      "side": "local"
    },
    {
      "dimension": "differential",
      "path": "sw/qa/extras/uiwriter/uiwriter8.cxx",
      "side": "upstream"
    },
    {
      "dimension": "divergence",
      "path": "docs/program/writer-paragraph-lists.md",
      "side": "local"
    },
    {
      "dimension": "divergence",
      "path": "sw/source/core/doc/list.cxx",
      "side": "upstream"
    },
    {
      "dimension": "divergence",
      "path": "docs/program/writer-paragraph-lists.md",
      "side": "local"
    },
    {
      "dimension": "divergence",
      "path": "sw/source/core/doc/list.cxx",
      "side": "upstream"
    },
    {
      "dimension": "contract",
      "path": "apps/office/src/sw/source/uibase/dochdl/swdtflvr.ts",
      "side": "local"
    },
    {
      "dimension": "contract",
      "path": "sw/source/uibase/dochdl/swdtflvr.cxx",
      "side": "upstream"
    },
    {
      "dimension": "ownership",
      "path": "apps/office/src/sw/source/uibase/dochdl/swdtflvr.ts",
      "side": "local"
    },
    {
      "dimension": "ownership",
      "path": "sw/source/uibase/dochdl/swdtflvr.cxx",
      "side": "upstream"
    },
    {
      "dimension": "behavior",
      "path": "apps/office/src/sw/source/uibase/dochdl/swdtflvr.test.ts",
      "side": "local"
    },
    {
      "dimension": "behavior",
      "path": "sw/qa/extras/uiwriter/uiwriter9.cxx",
      "side": "upstream"
    },
    {
      "dimension": "defaults",
      "path": "apps/office/src/sw/source/uibase/dochdl/swdtflvr.test.ts",
      "side": "local"
    },
    {
      "dimension": "defaults",
      "path": "sw/qa/extras/uiwriter/uiwriter9.cxx",
      "side": "upstream"
    },
    {
      "dimension": "serialization",
      "path": "apps/office/src/sw/source/uibase/dochdl/swdtflvr.test.ts",
      "side": "local"
    },
    {
      "dimension": "serialization",
      "path": "sw/qa/extras/uiwriter/uiwriter9.cxx",
      "side": "upstream"
    },
    {
      "dimension": "operationCycle",
      "path": "apps/office/src/sw/source/uibase/dochdl/swdtflvr.test.ts",
      "side": "local"
    },
    {
      "dimension": "operationCycle",
      "path": "sw/qa/extras/uiwriter/uiwriter9.cxx",
      "side": "upstream"
    },
    {
      "dimension": "differential",
      "path": "apps/office/src/sw/source/uibase/dochdl/swdtflvr.test.ts",
      "side": "local"
    },
    {
      "dimension": "differential",
      "path": "sw/qa/extras/uiwriter/uiwriter9.cxx",
      "side": "upstream"
    },
    {
      "dimension": "divergence",
      "path": "docs/program/writer-clipboard.md",
      "side": "local"
    },
    {
      "dimension": "divergence",
      "path": "sw/source/uibase/dochdl/swdtflvr.cxx",
      "side": "upstream"
    },
    {
      "dimension": "divergence",
      "path": "docs/program/writer-clipboard.md",
      "side": "local"
    },
    {
      "dimension": "divergence",
      "path": "sw/source/uibase/dochdl/swdtflvr.cxx",
      "side": "upstream"
    },
    {
      "dimension": "divergence",
      "path": "docs/program/writer-clipboard.md",
      "side": "local"
    },
    {
      "dimension": "divergence",
      "path": "sw/source/uibase/dochdl/swdtflvr.cxx",
      "side": "upstream"
    },
    {
      "dimension": "contract",
      "path": "apps/office/src/sw/source/uibase/shells/listsh.ts",
      "side": "local"
    },
    {
      "dimension": "contract",
      "path": "sw/source/uibase/shells/listsh.cxx",
      "side": "upstream"
    },
    {
      "dimension": "ownership",
      "path": "apps/office/src/sw/source/uibase/shells/listsh.ts",
      "side": "local"
    },
    {
      "dimension": "ownership",
      "path": "sw/source/uibase/shells/listsh.cxx",
      "side": "upstream"
    },
    {
      "dimension": "behavior",
      "path": "apps/office/src/sw/source/uibase/wrtsh/wrtsh1.test.ts",
      "side": "local"
    },
    {
      "dimension": "behavior",
      "path": "sw/qa/uitest/writer_tests2/formatBulletsNumbering.py",
      "side": "upstream"
    },
    {
      "dimension": "defaults",
      "path": "apps/office/src/sw/source/uibase/wrtsh/wrtsh1.test.ts",
      "side": "local"
    },
    {
      "dimension": "defaults",
      "path": "sw/qa/uitest/writer_tests2/formatBulletsNumbering.py",
      "side": "upstream"
    },
    {
      "dimension": "operationCycle",
      "path": "apps/office/src/sw/source/uibase/wrtsh/wrtsh1.test.ts",
      "side": "local"
    },
    {
      "dimension": "operationCycle",
      "path": "sw/qa/uitest/writer_tests2/formatBulletsNumbering.py",
      "side": "upstream"
    },
    {
      "dimension": "differential",
      "path": "apps/office/src/sw/source/uibase/wrtsh/wrtsh1.test.ts",
      "side": "local"
    },
    {
      "dimension": "differential",
      "path": "sw/qa/uitest/writer_tests2/formatBulletsNumbering.py",
      "side": "upstream"
    },
    {
      "dimension": "divergence",
      "path": "docs/program/writer-paragraph-lists.md",
      "side": "local"
    },
    {
      "dimension": "divergence",
      "path": "sw/source/uibase/shells/listsh.cxx",
      "side": "upstream"
    },
    {
      "dimension": "divergence",
      "path": "docs/program/writer-paragraph-lists.md",
      "side": "local"
    },
    {
      "dimension": "divergence",
      "path": "sw/source/uibase/shells/listsh.cxx",
      "side": "upstream"
    },
    {
      "dimension": "contract",
      "path": "apps/office/src/sw/source/uibase/dochdl/swdtflvr.ts",
      "side": "local"
    },
    {
      "dimension": "contract",
      "path": "sw/source/uibase/dochdl/swdtflvr.cxx",
      "side": "upstream"
    },
    {
      "dimension": "ownership",
      "path": "apps/office/src/sw/source/uibase/dochdl/swdtflvr.ts",
      "side": "local"
    },
    {
      "dimension": "ownership",
      "path": "sw/source/uibase/dochdl/swdtflvr.cxx",
      "side": "upstream"
    },
    {
      "dimension": "behavior",
      "path": "apps/office/src/sw/source/uibase/dochdl/swdtflvr.test.ts",
      "side": "local"
    },
    {
      "dimension": "behavior",
      "path": "sw/qa/extras/htmlexport/htmlexport2.cxx",
      "side": "upstream"
    },
    {
      "dimension": "defaults",
      "path": "apps/office/src/sw/source/uibase/dochdl/swdtflvr.test.ts",
      "side": "local"
    },
    {
      "dimension": "defaults",
      "path": "sw/qa/extras/htmlexport/htmlexport2.cxx",
      "side": "upstream"
    },
    {
      "dimension": "serialization",
      "path": "apps/office/src/sw/source/uibase/dochdl/swdtflvr.test.ts",
      "side": "local"
    },
    {
      "dimension": "serialization",
      "path": "sw/qa/extras/htmlexport/htmlexport2.cxx",
      "side": "upstream"
    },
    {
      "dimension": "operationCycle",
      "path": "apps/office/src/sw/source/uibase/dochdl/swdtflvr.test.ts",
      "side": "local"
    },
    {
      "dimension": "operationCycle",
      "path": "sw/qa/extras/htmlexport/htmlexport2.cxx",
      "side": "upstream"
    },
    {
      "dimension": "differential",
      "path": "apps/office/src/sw/source/uibase/dochdl/swdtflvr.test.ts",
      "side": "local"
    },
    {
      "dimension": "differential",
      "path": "sw/qa/extras/htmlexport/htmlexport2.cxx",
      "side": "upstream"
    },
    {
      "dimension": "divergence",
      "path": "docs/program/writer-clipboard.md",
      "side": "local"
    },
    {
      "dimension": "divergence",
      "path": "sw/source/uibase/dochdl/swdtflvr.cxx",
      "side": "upstream"
    },
    {
      "dimension": "divergence",
      "path": "docs/program/writer-clipboard.md",
      "side": "local"
    },
    {
      "dimension": "divergence",
      "path": "sw/source/uibase/dochdl/swdtflvr.cxx",
      "side": "upstream"
    },
    {
      "dimension": "divergence",
      "path": "docs/program/writer-clipboard.md",
      "side": "local"
    },
    {
      "dimension": "divergence",
      "path": "sw/source/uibase/dochdl/swdtflvr.cxx",
      "side": "upstream"
    },
    {
      "dimension": "contract",
      "path": "apps/office/src/sw/source/core/txtnode/ndtxt.ts",
      "side": "local"
    },
    {
      "dimension": "contract",
      "path": "sw/source/uibase/shells/txtattr.cxx",
      "side": "upstream"
    },
    {
      "dimension": "ownership",
      "path": "apps/office/src/sw/source/core/txtnode/ndtxt.ts",
      "side": "local"
    },
    {
      "dimension": "ownership",
      "path": "sw/source/uibase/shells/txtattr.cxx",
      "side": "upstream"
    },
    {
      "dimension": "behavior",
      "path": "apps/office/src/sw/source/core/txtnode/ndtxt.test.ts",
      "side": "local"
    },
    {
      "dimension": "behavior",
      "path": "sw/qa/extras/tiledrendering/tiledrendering.cxx",
      "side": "upstream"
    },
    {
      "dimension": "defaults",
      "path": "apps/office/src/sw/source/core/txtnode/ndtxt.test.ts",
      "side": "local"
    },
    {
      "dimension": "defaults",
      "path": "sw/qa/extras/tiledrendering/tiledrendering.cxx",
      "side": "upstream"
    },
    {
      "dimension": "operationCycle",
      "path": "apps/office/src/sw/source/core/txtnode/ndtxt.test.ts",
      "side": "local"
    },
    {
      "dimension": "operationCycle",
      "path": "sw/qa/extras/tiledrendering/tiledrendering.cxx",
      "side": "upstream"
    },
    {
      "dimension": "differential",
      "path": "apps/office/src/sw/source/core/txtnode/ndtxt.test.ts",
      "side": "local"
    },
    {
      "dimension": "differential",
      "path": "sw/qa/extras/tiledrendering/tiledrendering.cxx",
      "side": "upstream"
    },
    {
      "dimension": "divergence",
      "path": "docs/program/writer-character-formatting.md",
      "side": "local"
    },
    {
      "dimension": "divergence",
      "path": "sw/source/uibase/shells/txtattr.cxx",
      "side": "upstream"
    },
    {
      "dimension": "divergence",
      "path": "docs/program/writer-character-formatting.md",
      "side": "local"
    },
    {
      "dimension": "divergence",
      "path": "sw/source/uibase/shells/txtattr.cxx",
      "side": "upstream"
    },
    {
      "dimension": "contract",
      "path": "apps/office/src/sw/source/uibase/wrtsh/wrtsh1.ts",
      "side": "local"
    },
    {
      "dimension": "contract",
      "path": "sw/source/uibase/dochdl/swdtflvr.cxx",
      "side": "upstream"
    },
    {
      "dimension": "ownership",
      "path": "apps/office/src/sw/source/uibase/wrtsh/wrtsh1.ts",
      "side": "local"
    },
    {
      "dimension": "ownership",
      "path": "sw/source/uibase/dochdl/swdtflvr.cxx",
      "side": "upstream"
    },
    {
      "dimension": "behavior",
      "path": "apps/office/src/sw/source/uibase/wrtsh/wrtsh1.test.ts",
      "side": "local"
    },
    {
      "dimension": "behavior",
      "path": "sw/qa/extras/uiwriter/uiwriter8.cxx",
      "side": "upstream"
    },
    {
      "dimension": "defaults",
      "path": "apps/office/src/sw/source/uibase/wrtsh/wrtsh1.test.ts",
      "side": "local"
    },
    {
      "dimension": "defaults",
      "path": "sw/qa/extras/uiwriter/uiwriter8.cxx",
      "side": "upstream"
    },
    {
      "dimension": "operationCycle",
      "path": "apps/office/src/sw/source/uibase/wrtsh/wrtsh1.test.ts",
      "side": "local"
    },
    {
      "dimension": "operationCycle",
      "path": "sw/qa/extras/uiwriter/uiwriter8.cxx",
      "side": "upstream"
    },
    {
      "dimension": "differential",
      "path": "apps/office/src/sw/source/uibase/wrtsh/wrtsh1.test.ts",
      "side": "local"
    },
    {
      "dimension": "differential",
      "path": "sw/qa/extras/uiwriter/uiwriter8.cxx",
      "side": "upstream"
    },
    {
      "dimension": "divergence",
      "path": "docs/program/writer-clipboard.md",
      "side": "local"
    },
    {
      "dimension": "divergence",
      "path": "sw/source/uibase/dochdl/swdtflvr.cxx",
      "side": "upstream"
    },
    {
      "dimension": "divergence",
      "path": "docs/program/writer-clipboard.md",
      "side": "local"
    },
    {
      "dimension": "divergence",
      "path": "sw/source/uibase/dochdl/swdtflvr.cxx",
      "side": "upstream"
    },
    {
      "dimension": "divergence",
      "path": "docs/program/writer-clipboard.md",
      "side": "local"
    },
    {
      "dimension": "divergence",
      "path": "sw/source/uibase/dochdl/swdtflvr.cxx",
      "side": "upstream"
    },
    {
      "dimension": "contract",
      "path": "apps/office/src/sw/source/core/doc/doc.ts",
      "side": "local"
    },
    {
      "dimension": "contract",
      "path": "sw/source/core/doc/docnew.cxx",
      "side": "upstream"
    },
    {
      "dimension": "ownership",
      "path": "apps/office/src/sw/source/core/doc/doc.ts",
      "side": "local"
    },
    {
      "dimension": "ownership",
      "path": "sw/source/core/doc/docnew.cxx",
      "side": "upstream"
    },
    {
      "dimension": "behavior",
      "path": "apps/office/src/sw/source/core/doc/writer-model.test.ts",
      "side": "local"
    },
    {
      "dimension": "behavior",
      "path": "sw/qa/core/uwriter.cxx",
      "side": "upstream"
    },
    {
      "dimension": "defaults",
      "path": "apps/office/src/sw/source/core/doc/writer-model.test.ts",
      "side": "local"
    },
    {
      "dimension": "defaults",
      "path": "sw/qa/core/uwriter.cxx",
      "side": "upstream"
    },
    {
      "dimension": "operationCycle",
      "path": "apps/office/src/sw/source/core/doc/writer-model.test.ts",
      "side": "local"
    },
    {
      "dimension": "operationCycle",
      "path": "sw/qa/core/uwriter.cxx",
      "side": "upstream"
    },
    {
      "dimension": "differential",
      "path": "apps/office/src/sw/source/core/doc/writer-model.test.ts",
      "side": "local"
    },
    {
      "dimension": "differential",
      "path": "sw/qa/core/uwriter.cxx",
      "side": "upstream"
    },
    {
      "dimension": "divergence",
      "path": "docs/program/writer-core-model.md",
      "side": "local"
    },
    {
      "dimension": "divergence",
      "path": "sw/source/core/doc/docnew.cxx",
      "side": "upstream"
    },
    {
      "dimension": "divergence",
      "path": "docs/program/writer-core-model.md",
      "side": "local"
    },
    {
      "dimension": "divergence",
      "path": "sw/source/core/doc/docnew.cxx",
      "side": "upstream"
    },
    {
      "dimension": "contract",
      "path": "apps/office/src/svl/source/items/itemset.ts",
      "side": "local"
    },
    {
      "dimension": "contract",
      "path": "svl/source/items/itemset.cxx",
      "side": "upstream"
    },
    {
      "dimension": "ownership",
      "path": "apps/office/src/svl/source/items/itemset.ts",
      "side": "local"
    },
    {
      "dimension": "ownership",
      "path": "svl/source/items/itemset.cxx",
      "side": "upstream"
    },
    {
      "dimension": "behavior",
      "path": "apps/office/src/svl/source/items/itemset.test.ts",
      "side": "local"
    },
    {
      "dimension": "behavior",
      "path": "sw/qa/core/attr/attr.cxx",
      "side": "upstream"
    },
    {
      "dimension": "defaults",
      "path": "apps/office/src/svl/source/items/itemset.test.ts",
      "side": "local"
    },
    {
      "dimension": "defaults",
      "path": "sw/qa/core/attr/attr.cxx",
      "side": "upstream"
    },
    {
      "dimension": "operationCycle",
      "path": "apps/office/src/svl/source/items/itemset.test.ts",
      "side": "local"
    },
    {
      "dimension": "operationCycle",
      "path": "sw/qa/core/attr/attr.cxx",
      "side": "upstream"
    },
    {
      "dimension": "differential",
      "path": "apps/office/src/svl/source/items/itemset.test.ts",
      "side": "local"
    },
    {
      "dimension": "differential",
      "path": "sw/qa/core/attr/attr.cxx",
      "side": "upstream"
    },
    {
      "dimension": "divergence",
      "path": "docs/program/writer-core-model.md",
      "side": "local"
    },
    {
      "dimension": "divergence",
      "path": "svl/source/items/itemset.cxx",
      "side": "upstream"
    },
    {
      "dimension": "divergence",
      "path": "docs/program/writer-core-model.md",
      "side": "local"
    },
    {
      "dimension": "divergence",
      "path": "svl/source/items/itemset.cxx",
      "side": "upstream"
    },
    {
      "dimension": "contract",
      "path": "apps/office/src/package/source/zipapi/CRC32.ts",
      "side": "local"
    },
    {
      "dimension": "contract",
      "path": "package/source/zipapi/CRC32.cxx",
      "side": "upstream"
    },
    {
      "dimension": "ownership",
      "path": "apps/office/src/package/source/zipapi/CRC32.ts",
      "side": "local"
    },
    {
      "dimension": "ownership",
      "path": "package/source/zipapi/CRC32.cxx",
      "side": "upstream"
    },
    {
      "dimension": "behavior",
      "path": "scripts/libreoffice-inventory/odt-upstream-fixtures.test.ts",
      "side": "local"
    },
    {
      "dimension": "behavior",
      "path": "sw/qa/extras/odfimport/odffeatures.cxx",
      "side": "upstream"
    },
    {
      "dimension": "defaults",
      "path": "scripts/libreoffice-inventory/odt-upstream-fixtures.test.ts",
      "side": "local"
    },
    {
      "dimension": "defaults",
      "path": "sw/qa/extras/odfimport/odffeatures.cxx",
      "side": "upstream"
    },
    {
      "dimension": "serialization",
      "path": "scripts/libreoffice-inventory/odt-upstream-fixtures.test.ts",
      "side": "local"
    },
    {
      "dimension": "serialization",
      "path": "sw/qa/extras/odfimport/odffeatures.cxx",
      "side": "upstream"
    },
    {
      "dimension": "operationCycle",
      "path": "scripts/libreoffice-inventory/odt-upstream-fixtures.test.ts",
      "side": "local"
    },
    {
      "dimension": "operationCycle",
      "path": "sw/qa/extras/odfimport/odffeatures.cxx",
      "side": "upstream"
    },
    {
      "dimension": "differential",
      "path": "scripts/libreoffice-inventory/odt-upstream-fixtures.test.ts",
      "side": "local"
    },
    {
      "dimension": "differential",
      "path": "sw/qa/extras/odfimport/odffeatures.cxx",
      "side": "upstream"
    },
    {
      "dimension": "divergence",
      "path": "docs/program/writer-odt-format.md",
      "side": "local"
    },
    {
      "dimension": "divergence",
      "path": "package/source/zipapi/CRC32.cxx",
      "side": "upstream"
    },
    {
      "dimension": "divergence",
      "path": "docs/program/writer-odt-format.md",
      "side": "local"
    },
    {
      "dimension": "divergence",
      "path": "package/source/zipapi/CRC32.cxx",
      "side": "upstream"
    },
    {
      "dimension": "divergence",
      "path": "docs/program/writer-odt-format.md",
      "side": "local"
    },
    {
      "dimension": "divergence",
      "path": "package/source/zipapi/CRC32.cxx",
      "side": "upstream"
    },
    {
      "dimension": "contract",
      "path": "apps/office/src/sfx2/source/doc/objsh.ts",
      "side": "local"
    },
    {
      "dimension": "contract",
      "path": "sfx2/source/doc/objmisc.cxx",
      "side": "upstream"
    },
    {
      "dimension": "ownership",
      "path": "apps/office/src/sfx2/source/doc/objsh.ts",
      "side": "local"
    },
    {
      "dimension": "ownership",
      "path": "sfx2/source/doc/objmisc.cxx",
      "side": "upstream"
    },
    {
      "dimension": "behavior",
      "path": "apps/office/src/sfx2/source/doc/objsh.test.ts",
      "side": "local"
    },
    {
      "dimension": "behavior",
      "path": "sw/qa/core/undo/undo.cxx",
      "side": "upstream"
    },
    {
      "dimension": "defaults",
      "path": "apps/office/src/sfx2/source/doc/objsh.test.ts",
      "side": "local"
    },
    {
      "dimension": "defaults",
      "path": "sw/qa/core/undo/undo.cxx",
      "side": "upstream"
    },
    {
      "dimension": "serialization",
      "path": "apps/office/src/sfx2/source/doc/objsh.test.ts",
      "side": "local"
    },
    {
      "dimension": "serialization",
      "path": "sw/qa/core/undo/undo.cxx",
      "side": "upstream"
    },
    {
      "dimension": "operationCycle",
      "path": "apps/office/src/sfx2/source/doc/objsh.test.ts",
      "side": "local"
    },
    {
      "dimension": "operationCycle",
      "path": "sw/qa/core/undo/undo.cxx",
      "side": "upstream"
    },
    {
      "dimension": "differential",
      "path": "apps/office/src/sfx2/source/doc/objsh.test.ts",
      "side": "local"
    },
    {
      "dimension": "differential",
      "path": "sw/qa/core/undo/undo.cxx",
      "side": "upstream"
    },
    {
      "dimension": "divergence",
      "path": "docs/program/document-lifecycle.md",
      "side": "local"
    },
    {
      "dimension": "divergence",
      "path": "sfx2/source/doc/objmisc.cxx",
      "side": "upstream"
    },
    {
      "dimension": "divergence",
      "path": "docs/program/document-lifecycle.md",
      "side": "local"
    },
    {
      "dimension": "divergence",
      "path": "sfx2/source/doc/objmisc.cxx",
      "side": "upstream"
    },
    {
      "dimension": "contract",
      "path": "apps/office/src/framework/browser/presentation/CommandMenuBar.tsx",
      "side": "local"
    },
    {
      "dimension": "contract",
      "path": "sw/uiconfig/swriter/menubar/menubar.xml",
      "side": "upstream"
    },
    {
      "dimension": "ownership",
      "path": "apps/office/src/framework/browser/presentation/CommandMenuBar.tsx",
      "side": "local"
    },
    {
      "dimension": "ownership",
      "path": "sw/uiconfig/swriter/menubar/menubar.xml",
      "side": "upstream"
    },
    {
      "dimension": "behavior",
      "path": "apps/office/src/sw/browser/presentation/WriterMenuBar.test.tsx",
      "side": "local"
    },
    {
      "dimension": "behavior",
      "path": "sw/qa/extras/tiledrendering/tiledrendering.cxx",
      "side": "upstream"
    },
    {
      "dimension": "defaults",
      "path": "apps/office/src/sw/browser/presentation/WriterMenuBar.test.tsx",
      "side": "local"
    },
    {
      "dimension": "defaults",
      "path": "sw/qa/extras/tiledrendering/tiledrendering.cxx",
      "side": "upstream"
    },
    {
      "dimension": "differential",
      "path": "apps/office/src/sw/browser/presentation/WriterMenuBar.test.tsx",
      "side": "local"
    },
    {
      "dimension": "differential",
      "path": "sw/qa/extras/tiledrendering/tiledrendering.cxx",
      "side": "upstream"
    },
    {
      "dimension": "divergence",
      "path": "docs/program/writer-command-placement.md",
      "side": "local"
    },
    {
      "dimension": "divergence",
      "path": "sw/uiconfig/swriter/menubar/menubar.xml",
      "side": "upstream"
    },
    {
      "dimension": "divergence",
      "path": "docs/program/writer-command-placement.md",
      "side": "local"
    },
    {
      "dimension": "divergence",
      "path": "sw/uiconfig/swriter/menubar/menubar.xml",
      "side": "upstream"
    },
    {
      "dimension": "divergence",
      "path": "docs/program/writer-command-placement.md",
      "side": "local"
    },
    {
      "dimension": "divergence",
      "path": "sw/uiconfig/swriter/menubar/menubar.xml",
      "side": "upstream"
    },
    {
      "dimension": "contract",
      "path": "apps/office/src/framework/browser/presentation/CommandMenuBar.tsx",
      "side": "local"
    },
    {
      "dimension": "contract",
      "path": "sw/uiconfig/swriter/menubar/menubar.xml",
      "side": "upstream"
    },
    {
      "dimension": "ownership",
      "path": "apps/office/src/framework/browser/presentation/CommandMenuBar.tsx",
      "side": "local"
    },
    {
      "dimension": "ownership",
      "path": "sw/uiconfig/swriter/menubar/menubar.xml",
      "side": "upstream"
    },
    {
      "dimension": "behavior",
      "path": "apps/office/src/sw/browser/presentation/WriterMenuBar.test.tsx",
      "side": "local"
    },
    {
      "dimension": "behavior",
      "path": "sw/qa/extras/tiledrendering/tiledrendering.cxx",
      "side": "upstream"
    },
    {
      "dimension": "defaults",
      "path": "apps/office/src/sw/browser/presentation/WriterMenuBar.test.tsx",
      "side": "local"
    },
    {
      "dimension": "defaults",
      "path": "sw/qa/extras/tiledrendering/tiledrendering.cxx",
      "side": "upstream"
    },
    {
      "dimension": "differential",
      "path": "apps/office/src/sw/browser/presentation/WriterMenuBar.test.tsx",
      "side": "local"
    },
    {
      "dimension": "differential",
      "path": "sw/qa/extras/tiledrendering/tiledrendering.cxx",
      "side": "upstream"
    },
    {
      "dimension": "divergence",
      "path": "docs/program/writer-command-placement.md",
      "side": "local"
    },
    {
      "dimension": "divergence",
      "path": "sw/uiconfig/swriter/menubar/menubar.xml",
      "side": "upstream"
    },
    {
      "dimension": "divergence",
      "path": "docs/program/writer-command-placement.md",
      "side": "local"
    },
    {
      "dimension": "divergence",
      "path": "sw/uiconfig/swriter/menubar/menubar.xml",
      "side": "upstream"
    },
    {
      "dimension": "divergence",
      "path": "docs/program/writer-command-placement.md",
      "side": "local"
    },
    {
      "dimension": "divergence",
      "path": "sw/uiconfig/swriter/menubar/menubar.xml",
      "side": "upstream"
    },
    {
      "dimension": "contract",
      "path": "apps/office/src/vcl/browser/browser-clipboard.ts",
      "side": "local"
    },
    {
      "dimension": "contract",
      "path": "sw/uiconfig/swriter/menubar/menubar.xml",
      "side": "upstream"
    },
    {
      "dimension": "ownership",
      "path": "apps/office/src/vcl/browser/browser-clipboard.ts",
      "side": "local"
    },
    {
      "dimension": "ownership",
      "path": "sw/uiconfig/swriter/menubar/menubar.xml",
      "side": "upstream"
    },
    {
      "dimension": "behavior",
      "path": "apps/office/src/sw/browser/presentation/WriterMenuBar.test.tsx",
      "side": "local"
    },
    {
      "dimension": "behavior",
      "path": "sw/qa/extras/uiwriter/uiwriter6.cxx",
      "side": "upstream"
    },
    {
      "dimension": "defaults",
      "path": "apps/office/src/sw/browser/presentation/WriterMenuBar.test.tsx",
      "side": "local"
    },
    {
      "dimension": "defaults",
      "path": "sw/qa/extras/uiwriter/uiwriter6.cxx",
      "side": "upstream"
    },
    {
      "dimension": "differential",
      "path": "apps/office/src/sw/browser/presentation/WriterMenuBar.test.tsx",
      "side": "local"
    },
    {
      "dimension": "differential",
      "path": "sw/qa/extras/uiwriter/uiwriter6.cxx",
      "side": "upstream"
    },
    {
      "dimension": "divergence",
      "path": "docs/program/writer-clipboard.md",
      "side": "local"
    },
    {
      "dimension": "divergence",
      "path": "sw/uiconfig/swriter/menubar/menubar.xml",
      "side": "upstream"
    },
    {
      "dimension": "divergence",
      "path": "docs/program/writer-clipboard.md",
      "side": "local"
    },
    {
      "dimension": "divergence",
      "path": "sw/uiconfig/swriter/menubar/menubar.xml",
      "side": "upstream"
    },
    {
      "dimension": "divergence",
      "path": "docs/program/writer-clipboard.md",
      "side": "local"
    },
    {
      "dimension": "divergence",
      "path": "sw/uiconfig/swriter/menubar/menubar.xml",
      "side": "upstream"
    },
    {
      "dimension": "contract",
      "path": "apps/office/src/vcl/browser/browser-clipboard.ts",
      "side": "local"
    },
    {
      "dimension": "contract",
      "path": "sw/uiconfig/swriter/menubar/menubar.xml",
      "side": "upstream"
    },
    {
      "dimension": "ownership",
      "path": "apps/office/src/vcl/browser/browser-clipboard.ts",
      "side": "local"
    },
    {
      "dimension": "ownership",
      "path": "sw/uiconfig/swriter/menubar/menubar.xml",
      "side": "upstream"
    },
    {
      "dimension": "behavior",
      "path": "apps/office/src/sw/browser/presentation/WriterMenuBar.test.tsx",
      "side": "local"
    },
    {
      "dimension": "behavior",
      "path": "sw/qa/extras/uiwriter/uiwriter6.cxx",
      "side": "upstream"
    },
    {
      "dimension": "defaults",
      "path": "apps/office/src/sw/browser/presentation/WriterMenuBar.test.tsx",
      "side": "local"
    },
    {
      "dimension": "defaults",
      "path": "sw/qa/extras/uiwriter/uiwriter6.cxx",
      "side": "upstream"
    },
    {
      "dimension": "differential",
      "path": "apps/office/src/sw/browser/presentation/WriterMenuBar.test.tsx",
      "side": "local"
    },
    {
      "dimension": "differential",
      "path": "sw/qa/extras/uiwriter/uiwriter6.cxx",
      "side": "upstream"
    },
    {
      "dimension": "divergence",
      "path": "docs/program/writer-clipboard.md",
      "side": "local"
    },
    {
      "dimension": "divergence",
      "path": "sw/uiconfig/swriter/menubar/menubar.xml",
      "side": "upstream"
    },
    {
      "dimension": "divergence",
      "path": "docs/program/writer-clipboard.md",
      "side": "local"
    },
    {
      "dimension": "divergence",
      "path": "sw/uiconfig/swriter/menubar/menubar.xml",
      "side": "upstream"
    },
    {
      "dimension": "divergence",
      "path": "docs/program/writer-clipboard.md",
      "side": "local"
    },
    {
      "dimension": "divergence",
      "path": "sw/uiconfig/swriter/menubar/menubar.xml",
      "side": "upstream"
    },
    {
      "dimension": "contract",
      "path": "apps/office/src/sw/source/core/txtnode/ndtxt.ts",
      "side": "local"
    },
    {
      "dimension": "contract",
      "path": "sw/source/uibase/shells/txtattr.cxx",
      "side": "upstream"
    },
    {
      "dimension": "ownership",
      "path": "apps/office/src/sw/source/core/txtnode/ndtxt.ts",
      "side": "local"
    },
    {
      "dimension": "ownership",
      "path": "sw/source/uibase/shells/txtattr.cxx",
      "side": "upstream"
    },
    {
      "dimension": "behavior",
      "path": "apps/office/src/sw/source/core/txtnode/ndtxt.test.ts",
      "side": "local"
    },
    {
      "dimension": "behavior",
      "path": "sw/qa/extras/tiledrendering/tiledrendering.cxx",
      "side": "upstream"
    },
    {
      "dimension": "defaults",
      "path": "apps/office/src/sw/source/core/txtnode/ndtxt.test.ts",
      "side": "local"
    },
    {
      "dimension": "defaults",
      "path": "sw/qa/extras/tiledrendering/tiledrendering.cxx",
      "side": "upstream"
    },
    {
      "dimension": "differential",
      "path": "apps/office/src/sw/source/core/txtnode/ndtxt.test.ts",
      "side": "local"
    },
    {
      "dimension": "differential",
      "path": "sw/qa/extras/tiledrendering/tiledrendering.cxx",
      "side": "upstream"
    },
    {
      "dimension": "divergence",
      "path": "docs/program/writer-character-formatting.md",
      "side": "local"
    },
    {
      "dimension": "divergence",
      "path": "sw/source/uibase/shells/txtattr.cxx",
      "side": "upstream"
    },
    {
      "dimension": "divergence",
      "path": "docs/program/writer-character-formatting.md",
      "side": "local"
    },
    {
      "dimension": "divergence",
      "path": "sw/source/uibase/shells/txtattr.cxx",
      "side": "upstream"
    },
    {
      "dimension": "contract",
      "path": "apps/office/src/sw/source/uibase/wrtsh/wrtsh1.ts",
      "side": "local"
    },
    {
      "dimension": "contract",
      "path": "sw/source/uibase/dochdl/swdtflvr.cxx",
      "side": "upstream"
    },
    {
      "dimension": "ownership",
      "path": "apps/office/src/sw/source/uibase/wrtsh/wrtsh1.ts",
      "side": "local"
    },
    {
      "dimension": "ownership",
      "path": "sw/source/uibase/dochdl/swdtflvr.cxx",
      "side": "upstream"
    },
    {
      "dimension": "behavior",
      "path": "apps/office/src/sw/source/uibase/wrtsh/wrtsh1.test.ts",
      "side": "local"
    },
    {
      "dimension": "behavior",
      "path": "sw/qa/extras/uiwriter/uiwriter8.cxx",
      "side": "upstream"
    },
    {
      "dimension": "defaults",
      "path": "apps/office/src/sw/source/uibase/wrtsh/wrtsh1.test.ts",
      "side": "local"
    },
    {
      "dimension": "defaults",
      "path": "sw/qa/extras/uiwriter/uiwriter8.cxx",
      "side": "upstream"
    },
    {
      "dimension": "differential",
      "path": "apps/office/src/sw/source/uibase/wrtsh/wrtsh1.test.ts",
      "side": "local"
    },
    {
      "dimension": "differential",
      "path": "sw/qa/extras/uiwriter/uiwriter8.cxx",
      "side": "upstream"
    },
    {
      "dimension": "divergence",
      "path": "docs/program/writer-clipboard.md",
      "side": "local"
    },
    {
      "dimension": "divergence",
      "path": "sw/source/uibase/dochdl/swdtflvr.cxx",
      "side": "upstream"
    },
    {
      "dimension": "divergence",
      "path": "docs/program/writer-clipboard.md",
      "side": "local"
    },
    {
      "dimension": "divergence",
      "path": "sw/source/uibase/dochdl/swdtflvr.cxx",
      "side": "upstream"
    },
    {
      "dimension": "divergence",
      "path": "docs/program/writer-clipboard.md",
      "side": "local"
    },
    {
      "dimension": "divergence",
      "path": "sw/source/uibase/dochdl/swdtflvr.cxx",
      "side": "upstream"
    },
    {
      "dimension": "contract",
      "path": "apps/office/src/package/source/zipapi/CRC32.ts",
      "side": "local"
    },
    {
      "dimension": "contract",
      "path": "package/source/zipapi/CRC32.cxx",
      "side": "upstream"
    },
    {
      "dimension": "ownership",
      "path": "apps/office/src/package/source/zipapi/CRC32.ts",
      "side": "local"
    },
    {
      "dimension": "ownership",
      "path": "package/source/zipapi/CRC32.cxx",
      "side": "upstream"
    },
    {
      "dimension": "behavior",
      "path": "apps/office/src/package/source/zipapi/CRC32.test.ts",
      "side": "local"
    },
    {
      "dimension": "behavior",
      "path": "sw/qa/extras/odfimport/odffeatures.cxx",
      "side": "upstream"
    },
    {
      "dimension": "defaults",
      "path": "apps/office/src/package/source/zipapi/CRC32.test.ts",
      "side": "local"
    },
    {
      "dimension": "defaults",
      "path": "sw/qa/extras/odfimport/odffeatures.cxx",
      "side": "upstream"
    },
    {
      "dimension": "differential",
      "path": "apps/office/src/package/source/zipapi/CRC32.test.ts",
      "side": "local"
    },
    {
      "dimension": "differential",
      "path": "sw/qa/extras/odfimport/odffeatures.cxx",
      "side": "upstream"
    },
    {
      "dimension": "divergence",
      "path": "docs/program/writer-odt-format.md",
      "side": "local"
    },
    {
      "dimension": "divergence",
      "path": "package/source/zipapi/CRC32.cxx",
      "side": "upstream"
    },
    {
      "dimension": "divergence",
      "path": "docs/program/writer-odt-format.md",
      "side": "local"
    },
    {
      "dimension": "divergence",
      "path": "package/source/zipapi/CRC32.cxx",
      "side": "upstream"
    },
    {
      "dimension": "divergence",
      "path": "docs/program/writer-odt-format.md",
      "side": "local"
    },
    {
      "dimension": "divergence",
      "path": "package/source/zipapi/CRC32.cxx",
      "side": "upstream"
    },
    {
      "dimension": "contract",
      "path": "apps/office/src/sw/source/core/doc/doc.ts",
      "side": "local"
    },
    {
      "dimension": "contract",
      "path": "sw/source/core/doc/docnew.cxx",
      "side": "upstream"
    },
    {
      "dimension": "ownership",
      "path": "apps/office/src/sw/source/core/doc/doc.ts",
      "side": "local"
    },
    {
      "dimension": "ownership",
      "path": "sw/source/core/doc/docnew.cxx",
      "side": "upstream"
    },
    {
      "dimension": "behavior",
      "path": "apps/office/src/sw/source/core/doc/writer-model.test.ts",
      "side": "local"
    },
    {
      "dimension": "behavior",
      "path": "sw/qa/core/uwriter.cxx",
      "side": "upstream"
    },
    {
      "dimension": "defaults",
      "path": "apps/office/src/sw/source/core/doc/writer-model.test.ts",
      "side": "local"
    },
    {
      "dimension": "defaults",
      "path": "sw/qa/core/uwriter.cxx",
      "side": "upstream"
    },
    {
      "dimension": "operationCycle",
      "path": "apps/office/src/sw/source/core/doc/writer-model.test.ts",
      "side": "local"
    },
    {
      "dimension": "operationCycle",
      "path": "sw/qa/core/uwriter.cxx",
      "side": "upstream"
    },
    {
      "dimension": "differential",
      "path": "apps/office/src/sw/source/core/doc/writer-model.test.ts",
      "side": "local"
    },
    {
      "dimension": "differential",
      "path": "sw/qa/core/uwriter.cxx",
      "side": "upstream"
    },
    {
      "dimension": "divergence",
      "path": "docs/program/writer-core-model.md",
      "side": "local"
    },
    {
      "dimension": "divergence",
      "path": "sw/source/core/doc/docnew.cxx",
      "side": "upstream"
    },
    {
      "dimension": "divergence",
      "path": "docs/program/writer-core-model.md",
      "side": "local"
    },
    {
      "dimension": "divergence",
      "path": "sw/source/core/doc/docnew.cxx",
      "side": "upstream"
    },
    {
      "dimension": "contract",
      "path": "apps/office/src/sw/source/core/doc/doc.ts",
      "side": "local"
    },
    {
      "dimension": "contract",
      "path": "sw/source/core/doc/docnew.cxx",
      "side": "upstream"
    },
    {
      "dimension": "ownership",
      "path": "apps/office/src/sw/source/core/doc/doc.ts",
      "side": "local"
    },
    {
      "dimension": "ownership",
      "path": "sw/source/core/doc/docnew.cxx",
      "side": "upstream"
    },
    {
      "dimension": "behavior",
      "path": "apps/office/src/sw/source/core/doc/writer-model.test.ts",
      "side": "local"
    },
    {
      "dimension": "behavior",
      "path": "sw/qa/core/uwriter.cxx",
      "side": "upstream"
    },
    {
      "dimension": "defaults",
      "path": "apps/office/src/sw/source/core/doc/writer-model.test.ts",
      "side": "local"
    },
    {
      "dimension": "defaults",
      "path": "sw/qa/core/uwriter.cxx",
      "side": "upstream"
    },
    {
      "dimension": "operationCycle",
      "path": "apps/office/src/sw/source/core/doc/writer-model.test.ts",
      "side": "local"
    },
    {
      "dimension": "operationCycle",
      "path": "sw/qa/core/uwriter.cxx",
      "side": "upstream"
    },
    {
      "dimension": "differential",
      "path": "apps/office/src/sw/source/core/doc/writer-model.test.ts",
      "side": "local"
    },
    {
      "dimension": "differential",
      "path": "sw/qa/core/uwriter.cxx",
      "side": "upstream"
    },
    {
      "dimension": "divergence",
      "path": "docs/program/writer-core-model.md",
      "side": "local"
    },
    {
      "dimension": "divergence",
      "path": "sw/source/core/doc/docnew.cxx",
      "side": "upstream"
    },
    {
      "dimension": "divergence",
      "path": "docs/program/writer-core-model.md",
      "side": "local"
    },
    {
      "dimension": "divergence",
      "path": "sw/source/core/doc/docnew.cxx",
      "side": "upstream"
    },
    {
      "dimension": "contract",
      "path": "apps/office/src/svl/source/items/itemset.ts",
      "side": "local"
    },
    {
      "dimension": "contract",
      "path": "svl/source/items/itemset.cxx",
      "side": "upstream"
    },
    {
      "dimension": "ownership",
      "path": "apps/office/src/svl/source/items/itemset.ts",
      "side": "local"
    },
    {
      "dimension": "ownership",
      "path": "svl/source/items/itemset.cxx",
      "side": "upstream"
    },
    {
      "dimension": "behavior",
      "path": "apps/office/src/svl/source/items/itemset.test.ts",
      "side": "local"
    },
    {
      "dimension": "behavior",
      "path": "sw/qa/core/attr/attr.cxx",
      "side": "upstream"
    },
    {
      "dimension": "defaults",
      "path": "apps/office/src/svl/source/items/itemset.test.ts",
      "side": "local"
    },
    {
      "dimension": "defaults",
      "path": "sw/qa/core/attr/attr.cxx",
      "side": "upstream"
    },
    {
      "dimension": "operationCycle",
      "path": "apps/office/src/svl/source/items/itemset.test.ts",
      "side": "local"
    },
    {
      "dimension": "operationCycle",
      "path": "sw/qa/core/attr/attr.cxx",
      "side": "upstream"
    },
    {
      "dimension": "differential",
      "path": "apps/office/src/svl/source/items/itemset.test.ts",
      "side": "local"
    },
    {
      "dimension": "differential",
      "path": "sw/qa/core/attr/attr.cxx",
      "side": "upstream"
    },
    {
      "dimension": "divergence",
      "path": "docs/program/writer-core-model.md",
      "side": "local"
    },
    {
      "dimension": "divergence",
      "path": "svl/source/items/itemset.cxx",
      "side": "upstream"
    },
    {
      "dimension": "divergence",
      "path": "docs/program/writer-core-model.md",
      "side": "local"
    },
    {
      "dimension": "divergence",
      "path": "svl/source/items/itemset.cxx",
      "side": "upstream"
    },
    {
      "dimension": "contract",
      "path": "apps/office/src/svl/source/items/itemset.ts",
      "side": "local"
    },
    {
      "dimension": "contract",
      "path": "svl/source/items/itemset.cxx",
      "side": "upstream"
    },
    {
      "dimension": "ownership",
      "path": "apps/office/src/svl/source/items/itemset.ts",
      "side": "local"
    },
    {
      "dimension": "ownership",
      "path": "svl/source/items/itemset.cxx",
      "side": "upstream"
    },
    {
      "dimension": "behavior",
      "path": "apps/office/src/svl/source/items/itemset.test.ts",
      "side": "local"
    },
    {
      "dimension": "behavior",
      "path": "sw/qa/core/attr/attr.cxx",
      "side": "upstream"
    },
    {
      "dimension": "defaults",
      "path": "apps/office/src/svl/source/items/itemset.test.ts",
      "side": "local"
    },
    {
      "dimension": "defaults",
      "path": "sw/qa/core/attr/attr.cxx",
      "side": "upstream"
    },
    {
      "dimension": "operationCycle",
      "path": "apps/office/src/svl/source/items/itemset.test.ts",
      "side": "local"
    },
    {
      "dimension": "operationCycle",
      "path": "sw/qa/core/attr/attr.cxx",
      "side": "upstream"
    },
    {
      "dimension": "differential",
      "path": "apps/office/src/svl/source/items/itemset.test.ts",
      "side": "local"
    },
    {
      "dimension": "differential",
      "path": "sw/qa/core/attr/attr.cxx",
      "side": "upstream"
    },
    {
      "dimension": "divergence",
      "path": "docs/program/writer-core-model.md",
      "side": "local"
    },
    {
      "dimension": "divergence",
      "path": "svl/source/items/itemset.cxx",
      "side": "upstream"
    },
    {
      "dimension": "divergence",
      "path": "docs/program/writer-core-model.md",
      "side": "local"
    },
    {
      "dimension": "divergence",
      "path": "svl/source/items/itemset.cxx",
      "side": "upstream"
    },
    {
      "dimension": "contract",
      "path": "apps/office/src/svl/source/items/itemset.ts",
      "side": "local"
    },
    {
      "dimension": "contract",
      "path": "svl/source/items/itemset.cxx",
      "side": "upstream"
    },
    {
      "dimension": "ownership",
      "path": "apps/office/src/svl/source/items/itemset.ts",
      "side": "local"
    },
    {
      "dimension": "ownership",
      "path": "svl/source/items/itemset.cxx",
      "side": "upstream"
    },
    {
      "dimension": "behavior",
      "path": "apps/office/src/svl/source/items/itemset.test.ts",
      "side": "local"
    },
    {
      "dimension": "behavior",
      "path": "sw/qa/core/attr/attr.cxx",
      "side": "upstream"
    },
    {
      "dimension": "defaults",
      "path": "apps/office/src/svl/source/items/itemset.test.ts",
      "side": "local"
    },
    {
      "dimension": "defaults",
      "path": "sw/qa/core/attr/attr.cxx",
      "side": "upstream"
    },
    {
      "dimension": "operationCycle",
      "path": "apps/office/src/svl/source/items/itemset.test.ts",
      "side": "local"
    },
    {
      "dimension": "operationCycle",
      "path": "sw/qa/core/attr/attr.cxx",
      "side": "upstream"
    },
    {
      "dimension": "differential",
      "path": "apps/office/src/svl/source/items/itemset.test.ts",
      "side": "local"
    },
    {
      "dimension": "differential",
      "path": "sw/qa/core/attr/attr.cxx",
      "side": "upstream"
    },
    {
      "dimension": "divergence",
      "path": "docs/program/writer-core-model.md",
      "side": "local"
    },
    {
      "dimension": "divergence",
      "path": "svl/source/items/itemset.cxx",
      "side": "upstream"
    },
    {
      "dimension": "divergence",
      "path": "docs/program/writer-core-model.md",
      "side": "local"
    },
    {
      "dimension": "divergence",
      "path": "svl/source/items/itemset.cxx",
      "side": "upstream"
    },
    {
      "dimension": "contract",
      "path": "apps/office/src/package/source/zipapi/CRC32.ts",
      "side": "local"
    },
    {
      "dimension": "contract",
      "path": "package/source/zipapi/CRC32.cxx",
      "side": "upstream"
    },
    {
      "dimension": "ownership",
      "path": "apps/office/src/package/source/zipapi/CRC32.ts",
      "side": "local"
    },
    {
      "dimension": "ownership",
      "path": "package/source/zipapi/CRC32.cxx",
      "side": "upstream"
    },
    {
      "dimension": "behavior",
      "path": "scripts/libreoffice-inventory/odt-upstream-fixtures.test.ts",
      "side": "local"
    },
    {
      "dimension": "behavior",
      "path": "sw/qa/extras/odfimport/odffeatures.cxx",
      "side": "upstream"
    },
    {
      "dimension": "defaults",
      "path": "scripts/libreoffice-inventory/odt-upstream-fixtures.test.ts",
      "side": "local"
    },
    {
      "dimension": "defaults",
      "path": "sw/qa/extras/odfimport/odffeatures.cxx",
      "side": "upstream"
    },
    {
      "dimension": "serialization",
      "path": "scripts/libreoffice-inventory/odt-upstream-fixtures.test.ts",
      "side": "local"
    },
    {
      "dimension": "serialization",
      "path": "sw/qa/extras/odfimport/odffeatures.cxx",
      "side": "upstream"
    },
    {
      "dimension": "operationCycle",
      "path": "scripts/libreoffice-inventory/odt-upstream-fixtures.test.ts",
      "side": "local"
    },
    {
      "dimension": "operationCycle",
      "path": "sw/qa/extras/odfimport/odffeatures.cxx",
      "side": "upstream"
    },
    {
      "dimension": "differential",
      "path": "scripts/libreoffice-inventory/odt-upstream-fixtures.test.ts",
      "side": "local"
    },
    {
      "dimension": "differential",
      "path": "sw/qa/extras/odfimport/odffeatures.cxx",
      "side": "upstream"
    },
    {
      "dimension": "divergence",
      "path": "docs/program/writer-odt-format.md",
      "side": "local"
    },
    {
      "dimension": "divergence",
      "path": "package/source/zipapi/CRC32.cxx",
      "side": "upstream"
    },
    {
      "dimension": "divergence",
      "path": "docs/program/writer-odt-format.md",
      "side": "local"
    },
    {
      "dimension": "divergence",
      "path": "package/source/zipapi/CRC32.cxx",
      "side": "upstream"
    },
    {
      "dimension": "divergence",
      "path": "docs/program/writer-odt-format.md",
      "side": "local"
    },
    {
      "dimension": "divergence",
      "path": "package/source/zipapi/CRC32.cxx",
      "side": "upstream"
    },
    {
      "dimension": "contract",
      "path": "apps/office/src/package/source/zipapi/CRC32.ts",
      "side": "local"
    },
    {
      "dimension": "contract",
      "path": "package/source/zipapi/CRC32.cxx",
      "side": "upstream"
    },
    {
      "dimension": "ownership",
      "path": "apps/office/src/package/source/zipapi/CRC32.ts",
      "side": "local"
    },
    {
      "dimension": "ownership",
      "path": "package/source/zipapi/CRC32.cxx",
      "side": "upstream"
    },
    {
      "dimension": "behavior",
      "path": "scripts/libreoffice-inventory/odt-upstream-fixtures.test.ts",
      "side": "local"
    },
    {
      "dimension": "behavior",
      "path": "sw/qa/extras/odfimport/odffeatures.cxx",
      "side": "upstream"
    },
    {
      "dimension": "defaults",
      "path": "scripts/libreoffice-inventory/odt-upstream-fixtures.test.ts",
      "side": "local"
    },
    {
      "dimension": "defaults",
      "path": "sw/qa/extras/odfimport/odffeatures.cxx",
      "side": "upstream"
    },
    {
      "dimension": "serialization",
      "path": "scripts/libreoffice-inventory/odt-upstream-fixtures.test.ts",
      "side": "local"
    },
    {
      "dimension": "serialization",
      "path": "sw/qa/extras/odfimport/odffeatures.cxx",
      "side": "upstream"
    },
    {
      "dimension": "operationCycle",
      "path": "scripts/libreoffice-inventory/odt-upstream-fixtures.test.ts",
      "side": "local"
    },
    {
      "dimension": "operationCycle",
      "path": "sw/qa/extras/odfimport/odffeatures.cxx",
      "side": "upstream"
    },
    {
      "dimension": "differential",
      "path": "scripts/libreoffice-inventory/odt-upstream-fixtures.test.ts",
      "side": "local"
    },
    {
      "dimension": "differential",
      "path": "sw/qa/extras/odfimport/odffeatures.cxx",
      "side": "upstream"
    },
    {
      "dimension": "divergence",
      "path": "docs/program/writer-odt-format.md",
      "side": "local"
    },
    {
      "dimension": "divergence",
      "path": "package/source/zipapi/CRC32.cxx",
      "side": "upstream"
    },
    {
      "dimension": "divergence",
      "path": "docs/program/writer-odt-format.md",
      "side": "local"
    },
    {
      "dimension": "divergence",
      "path": "package/source/zipapi/CRC32.cxx",
      "side": "upstream"
    },
    {
      "dimension": "divergence",
      "path": "docs/program/writer-odt-format.md",
      "side": "local"
    },
    {
      "dimension": "divergence",
      "path": "package/source/zipapi/CRC32.cxx",
      "side": "upstream"
    },
    {
      "dimension": "contract",
      "path": "apps/office/src/package/source/zipapi/CRC32.ts",
      "side": "local"
    },
    {
      "dimension": "contract",
      "path": "package/source/zipapi/CRC32.cxx",
      "side": "upstream"
    },
    {
      "dimension": "ownership",
      "path": "apps/office/src/package/source/zipapi/CRC32.ts",
      "side": "local"
    },
    {
      "dimension": "ownership",
      "path": "package/source/zipapi/CRC32.cxx",
      "side": "upstream"
    },
    {
      "dimension": "behavior",
      "path": "scripts/libreoffice-inventory/odt-upstream-fixtures.test.ts",
      "side": "local"
    },
    {
      "dimension": "behavior",
      "path": "sw/qa/extras/odfimport/odffeatures.cxx",
      "side": "upstream"
    },
    {
      "dimension": "defaults",
      "path": "scripts/libreoffice-inventory/odt-upstream-fixtures.test.ts",
      "side": "local"
    },
    {
      "dimension": "defaults",
      "path": "sw/qa/extras/odfimport/odffeatures.cxx",
      "side": "upstream"
    },
    {
      "dimension": "serialization",
      "path": "scripts/libreoffice-inventory/odt-upstream-fixtures.test.ts",
      "side": "local"
    },
    {
      "dimension": "serialization",
      "path": "sw/qa/extras/odfimport/odffeatures.cxx",
      "side": "upstream"
    },
    {
      "dimension": "operationCycle",
      "path": "scripts/libreoffice-inventory/odt-upstream-fixtures.test.ts",
      "side": "local"
    },
    {
      "dimension": "operationCycle",
      "path": "sw/qa/extras/odfimport/odffeatures.cxx",
      "side": "upstream"
    },
    {
      "dimension": "differential",
      "path": "scripts/libreoffice-inventory/odt-upstream-fixtures.test.ts",
      "side": "local"
    },
    {
      "dimension": "differential",
      "path": "sw/qa/extras/odfimport/odffeatures.cxx",
      "side": "upstream"
    },
    {
      "dimension": "divergence",
      "path": "docs/program/writer-odt-format.md",
      "side": "local"
    },
    {
      "dimension": "divergence",
      "path": "package/source/zipapi/CRC32.cxx",
      "side": "upstream"
    },
    {
      "dimension": "divergence",
      "path": "docs/program/writer-odt-format.md",
      "side": "local"
    },
    {
      "dimension": "divergence",
      "path": "package/source/zipapi/CRC32.cxx",
      "side": "upstream"
    },
    {
      "dimension": "divergence",
      "path": "docs/program/writer-odt-format.md",
      "side": "local"
    },
    {
      "dimension": "divergence",
      "path": "package/source/zipapi/CRC32.cxx",
      "side": "upstream"
    },
    {
      "dimension": "contract",
      "path": "apps/office/src/sfx2/source/doc/objsh.ts",
      "side": "local"
    },
    {
      "dimension": "contract",
      "path": "sfx2/source/doc/objmisc.cxx",
      "side": "upstream"
    },
    {
      "dimension": "ownership",
      "path": "apps/office/src/sfx2/source/doc/objsh.ts",
      "side": "local"
    },
    {
      "dimension": "ownership",
      "path": "sfx2/source/doc/objmisc.cxx",
      "side": "upstream"
    },
    {
      "dimension": "behavior",
      "path": "apps/office/src/sfx2/source/doc/objsh.test.ts",
      "side": "local"
    },
    {
      "dimension": "behavior",
      "path": "sw/qa/core/undo/undo.cxx",
      "side": "upstream"
    },
    {
      "dimension": "defaults",
      "path": "apps/office/src/sfx2/source/doc/objsh.test.ts",
      "side": "local"
    },
    {
      "dimension": "defaults",
      "path": "sw/qa/core/undo/undo.cxx",
      "side": "upstream"
    },
    {
      "dimension": "serialization",
      "path": "apps/office/src/sfx2/source/doc/objsh.test.ts",
      "side": "local"
    },
    {
      "dimension": "serialization",
      "path": "sw/qa/core/undo/undo.cxx",
      "side": "upstream"
    },
    {
      "dimension": "operationCycle",
      "path": "apps/office/src/sfx2/source/doc/objsh.test.ts",
      "side": "local"
    },
    {
      "dimension": "operationCycle",
      "path": "sw/qa/core/undo/undo.cxx",
      "side": "upstream"
    },
    {
      "dimension": "differential",
      "path": "apps/office/src/sfx2/source/doc/objsh.test.ts",
      "side": "local"
    },
    {
      "dimension": "differential",
      "path": "sw/qa/core/undo/undo.cxx",
      "side": "upstream"
    },
    {
      "dimension": "divergence",
      "path": "docs/program/document-lifecycle.md",
      "side": "local"
    },
    {
      "dimension": "divergence",
      "path": "sfx2/source/doc/objmisc.cxx",
      "side": "upstream"
    },
    {
      "dimension": "divergence",
      "path": "docs/program/document-lifecycle.md",
      "side": "local"
    },
    {
      "dimension": "divergence",
      "path": "sfx2/source/doc/objmisc.cxx",
      "side": "upstream"
    },
    {
      "dimension": "divergence",
      "path": "docs/program/document-lifecycle.md",
      "side": "local"
    },
    {
      "dimension": "divergence",
      "path": "sfx2/source/doc/objmisc.cxx",
      "side": "upstream"
    },
    {
      "dimension": "contract",
      "path": "apps/office/src/sfx2/source/doc/objsh.ts",
      "side": "local"
    },
    {
      "dimension": "contract",
      "path": "sfx2/source/doc/objmisc.cxx",
      "side": "upstream"
    },
    {
      "dimension": "ownership",
      "path": "apps/office/src/sfx2/source/doc/objsh.ts",
      "side": "local"
    },
    {
      "dimension": "ownership",
      "path": "sfx2/source/doc/objmisc.cxx",
      "side": "upstream"
    },
    {
      "dimension": "behavior",
      "path": "apps/office/src/sfx2/source/doc/objsh.test.ts",
      "side": "local"
    },
    {
      "dimension": "behavior",
      "path": "sw/qa/core/undo/undo.cxx",
      "side": "upstream"
    },
    {
      "dimension": "defaults",
      "path": "apps/office/src/sfx2/source/doc/objsh.test.ts",
      "side": "local"
    },
    {
      "dimension": "defaults",
      "path": "sw/qa/core/undo/undo.cxx",
      "side": "upstream"
    },
    {
      "dimension": "operationCycle",
      "path": "apps/office/src/sfx2/source/doc/objsh.test.ts",
      "side": "local"
    },
    {
      "dimension": "operationCycle",
      "path": "sw/qa/core/undo/undo.cxx",
      "side": "upstream"
    },
    {
      "dimension": "differential",
      "path": "apps/office/src/sfx2/source/doc/objsh.test.ts",
      "side": "local"
    },
    {
      "dimension": "differential",
      "path": "sw/qa/core/undo/undo.cxx",
      "side": "upstream"
    },
    {
      "dimension": "divergence",
      "path": "docs/program/document-lifecycle.md",
      "side": "local"
    },
    {
      "dimension": "divergence",
      "path": "sfx2/source/doc/objmisc.cxx",
      "side": "upstream"
    },
    {
      "dimension": "divergence",
      "path": "docs/program/document-lifecycle.md",
      "side": "local"
    },
    {
      "dimension": "divergence",
      "path": "sfx2/source/doc/objmisc.cxx",
      "side": "upstream"
    },
    {
      "dimension": "divergence",
      "path": "docs/program/document-lifecycle.md",
      "side": "local"
    },
    {
      "dimension": "divergence",
      "path": "sfx2/source/doc/objmisc.cxx",
      "side": "upstream"
    },
    {
      "dimension": "contract",
      "path": "apps/office/src/sw/source/core/doc/doc.ts",
      "side": "local"
    },
    {
      "dimension": "contract",
      "path": "sw/source/core/doc/docnew.cxx",
      "side": "upstream"
    },
    {
      "dimension": "ownership",
      "path": "apps/office/src/sw/source/core/doc/doc.ts",
      "side": "local"
    },
    {
      "dimension": "ownership",
      "path": "sw/source/core/doc/docnew.cxx",
      "side": "upstream"
    },
    {
      "dimension": "behavior",
      "path": "apps/office/src/sw/source/core/doc/writer-model.test.ts",
      "side": "local"
    },
    {
      "dimension": "behavior",
      "path": "sw/qa/core/uwriter.cxx",
      "side": "upstream"
    },
    {
      "dimension": "defaults",
      "path": "apps/office/src/sw/source/core/doc/writer-model.test.ts",
      "side": "local"
    },
    {
      "dimension": "defaults",
      "path": "sw/qa/core/uwriter.cxx",
      "side": "upstream"
    },
    {
      "dimension": "differential",
      "path": "apps/office/src/sw/source/core/doc/writer-model.test.ts",
      "side": "local"
    },
    {
      "dimension": "differential",
      "path": "sw/qa/core/uwriter.cxx",
      "side": "upstream"
    },
    {
      "dimension": "divergence",
      "path": "docs/program/writer-core-model.md",
      "side": "local"
    },
    {
      "dimension": "divergence",
      "path": "sw/source/core/doc/docnew.cxx",
      "side": "upstream"
    },
    {
      "dimension": "divergence",
      "path": "docs/program/writer-core-model.md",
      "side": "local"
    },
    {
      "dimension": "divergence",
      "path": "sw/source/core/doc/docnew.cxx",
      "side": "upstream"
    },
    {
      "dimension": "contract",
      "path": "apps/office/src/sw/source/core/txtnode/fmtatr2.ts",
      "side": "local"
    },
    {
      "dimension": "contract",
      "path": "sw/source/core/txtnode/fmtatr2.cxx",
      "side": "upstream"
    },
    {
      "dimension": "ownership",
      "path": "apps/office/src/sw/source/core/txtnode/fmtatr2.ts",
      "side": "local"
    },
    {
      "dimension": "ownership",
      "path": "sw/source/core/txtnode/fmtatr2.cxx",
      "side": "upstream"
    },
    {
      "dimension": "behavior",
      "path": "apps/office/src/sw/source/filter/xml/odt-hyperlink-roundtrip.test.ts",
      "side": "local"
    },
    {
      "dimension": "behavior",
      "path": "sw/qa/extras/tiledrendering/tiledrendering.cxx",
      "side": "upstream"
    },
    {
      "dimension": "defaults",
      "path": "apps/office/src/sw/source/filter/xml/odt-hyperlink-roundtrip.test.ts",
      "side": "local"
    },
    {
      "dimension": "defaults",
      "path": "sw/qa/extras/tiledrendering/tiledrendering.cxx",
      "side": "upstream"
    },
    {
      "dimension": "serialization",
      "path": "apps/office/src/sw/source/filter/xml/odt-hyperlink-roundtrip.test.ts",
      "side": "local"
    },
    {
      "dimension": "serialization",
      "path": "sw/qa/extras/tiledrendering/tiledrendering.cxx",
      "side": "upstream"
    },
    {
      "dimension": "operationCycle",
      "path": "apps/office/src/sw/source/filter/xml/odt-hyperlink-roundtrip.test.ts",
      "side": "local"
    },
    {
      "dimension": "operationCycle",
      "path": "sw/qa/extras/tiledrendering/tiledrendering.cxx",
      "side": "upstream"
    },
    {
      "dimension": "differential",
      "path": "apps/office/src/sw/source/filter/xml/odt-hyperlink-roundtrip.test.ts",
      "side": "local"
    },
    {
      "dimension": "differential",
      "path": "sw/qa/extras/tiledrendering/tiledrendering.cxx",
      "side": "upstream"
    },
    {
      "dimension": "divergence",
      "path": "docs/program/writer-hyperlinks.md",
      "side": "local"
    },
    {
      "dimension": "divergence",
      "path": "sw/source/core/txtnode/fmtatr2.cxx",
      "side": "upstream"
    },
    {
      "dimension": "divergence",
      "path": "docs/program/writer-hyperlinks.md",
      "side": "local"
    },
    {
      "dimension": "divergence",
      "path": "sw/source/core/txtnode/fmtatr2.cxx",
      "side": "upstream"
    },
    {
      "dimension": "contract",
      "path": "apps/office/src/sw/source/filter/xml/swxml.ts",
      "side": "local"
    },
    {
      "dimension": "contract",
      "path": "sw/source/filter/xml/swxml.cxx",
      "side": "upstream"
    },
    {
      "dimension": "ownership",
      "path": "apps/office/src/sw/source/filter/xml/swxml.ts",
      "side": "local"
    },
    {
      "dimension": "ownership",
      "path": "sw/source/filter/xml/swxml.cxx",
      "side": "upstream"
    },
    {
      "dimension": "behavior",
      "path": "apps/office/src/sw/source/filter/xml/odt-roundtrip.test.ts",
      "side": "local"
    },
    {
      "dimension": "behavior",
      "path": "sw/qa/extras/odfimport/odffeatures.cxx",
      "side": "upstream"
    },
    {
      "dimension": "defaults",
      "path": "apps/office/src/sw/source/filter/xml/odt-roundtrip.test.ts",
      "side": "local"
    },
    {
      "dimension": "defaults",
      "path": "sw/qa/extras/odfimport/odffeatures.cxx",
      "side": "upstream"
    },
    {
      "dimension": "serialization",
      "path": "apps/office/src/sw/source/filter/xml/odt-roundtrip.test.ts",
      "side": "local"
    },
    {
      "dimension": "serialization",
      "path": "sw/qa/extras/odfimport/odffeatures.cxx",
      "side": "upstream"
    },
    {
      "dimension": "operationCycle",
      "path": "apps/office/src/sw/source/filter/xml/odt-roundtrip.test.ts",
      "side": "local"
    },
    {
      "dimension": "operationCycle",
      "path": "sw/qa/extras/odfimport/odffeatures.cxx",
      "side": "upstream"
    },
    {
      "dimension": "differential",
      "path": "apps/office/src/sw/source/filter/xml/odt-roundtrip.test.ts",
      "side": "local"
    },
    {
      "dimension": "differential",
      "path": "sw/qa/extras/odfimport/odffeatures.cxx",
      "side": "upstream"
    },
    {
      "dimension": "divergence",
      "path": "docs/program/writer-odt-format.md",
      "side": "local"
    },
    {
      "dimension": "divergence",
      "path": "sw/source/filter/xml/swxml.cxx",
      "side": "upstream"
    },
    {
      "dimension": "divergence",
      "path": "docs/program/writer-odt-format.md",
      "side": "local"
    },
    {
      "dimension": "divergence",
      "path": "sw/source/filter/xml/swxml.cxx",
      "side": "upstream"
    },
    {
      "dimension": "contract",
      "path": "apps/office/src/sw/source/filter/xml/swxml.ts",
      "side": "local"
    },
    {
      "dimension": "contract",
      "path": "sw/source/filter/xml/swxml.cxx",
      "side": "upstream"
    },
    {
      "dimension": "ownership",
      "path": "apps/office/src/sw/source/filter/xml/swxml.ts",
      "side": "local"
    },
    {
      "dimension": "ownership",
      "path": "sw/source/filter/xml/swxml.cxx",
      "side": "upstream"
    },
    {
      "dimension": "behavior",
      "path": "apps/office/src/sw/source/filter/xml/odt-roundtrip.test.ts",
      "side": "local"
    },
    {
      "dimension": "behavior",
      "path": "sw/qa/extras/odfimport/odffeatures.cxx",
      "side": "upstream"
    },
    {
      "dimension": "defaults",
      "path": "apps/office/src/sw/source/filter/xml/odt-roundtrip.test.ts",
      "side": "local"
    },
    {
      "dimension": "defaults",
      "path": "sw/qa/extras/odfimport/odffeatures.cxx",
      "side": "upstream"
    },
    {
      "dimension": "serialization",
      "path": "apps/office/src/sw/source/filter/xml/odt-roundtrip.test.ts",
      "side": "local"
    },
    {
      "dimension": "serialization",
      "path": "sw/qa/extras/odfimport/odffeatures.cxx",
      "side": "upstream"
    },
    {
      "dimension": "operationCycle",
      "path": "apps/office/src/sw/source/filter/xml/odt-roundtrip.test.ts",
      "side": "local"
    },
    {
      "dimension": "operationCycle",
      "path": "sw/qa/extras/odfimport/odffeatures.cxx",
      "side": "upstream"
    },
    {
      "dimension": "differential",
      "path": "apps/office/src/sw/source/filter/xml/odt-roundtrip.test.ts",
      "side": "local"
    },
    {
      "dimension": "differential",
      "path": "sw/qa/extras/odfimport/odffeatures.cxx",
      "side": "upstream"
    },
    {
      "dimension": "divergence",
      "path": "docs/program/writer-odt-format.md",
      "side": "local"
    },
    {
      "dimension": "divergence",
      "path": "sw/source/filter/xml/swxml.cxx",
      "side": "upstream"
    },
    {
      "dimension": "divergence",
      "path": "docs/program/writer-odt-format.md",
      "side": "local"
    },
    {
      "dimension": "divergence",
      "path": "sw/source/filter/xml/swxml.cxx",
      "side": "upstream"
    },
    {
      "dimension": "contract",
      "path": "apps/office/src/xmloff/source/text/txtparai.ts",
      "side": "local"
    },
    {
      "dimension": "contract",
      "path": "xmloff/source/text/txtparai.cxx",
      "side": "upstream"
    },
    {
      "dimension": "ownership",
      "path": "apps/office/src/xmloff/source/text/txtparai.ts",
      "side": "local"
    },
    {
      "dimension": "ownership",
      "path": "xmloff/source/text/txtparai.cxx",
      "side": "upstream"
    },
    {
      "dimension": "behavior",
      "path": "apps/office/src/sw/source/filter/xml/odt-roundtrip.test.ts",
      "side": "local"
    },
    {
      "dimension": "behavior",
      "path": "sw/qa/extras/odfimport/odffeatures.cxx",
      "side": "upstream"
    },
    {
      "dimension": "defaults",
      "path": "apps/office/src/sw/source/filter/xml/odt-roundtrip.test.ts",
      "side": "local"
    },
    {
      "dimension": "defaults",
      "path": "sw/qa/extras/odfimport/odffeatures.cxx",
      "side": "upstream"
    },
    {
      "dimension": "serialization",
      "path": "apps/office/src/sw/source/filter/xml/odt-roundtrip.test.ts",
      "side": "local"
    },
    {
      "dimension": "serialization",
      "path": "sw/qa/extras/odfimport/odffeatures.cxx",
      "side": "upstream"
    },
    {
      "dimension": "operationCycle",
      "path": "apps/office/src/sw/source/filter/xml/odt-roundtrip.test.ts",
      "side": "local"
    },
    {
      "dimension": "operationCycle",
      "path": "sw/qa/extras/odfimport/odffeatures.cxx",
      "side": "upstream"
    },
    {
      "dimension": "differential",
      "path": "apps/office/src/sw/source/filter/xml/odt-roundtrip.test.ts",
      "side": "local"
    },
    {
      "dimension": "differential",
      "path": "sw/qa/extras/odfimport/odffeatures.cxx",
      "side": "upstream"
    },
    {
      "dimension": "divergence",
      "path": "docs/program/writer-odt-format.md",
      "side": "local"
    },
    {
      "dimension": "divergence",
      "path": "xmloff/source/text/txtparai.cxx",
      "side": "upstream"
    },
    {
      "dimension": "divergence",
      "path": "docs/program/writer-odt-format.md",
      "side": "local"
    },
    {
      "dimension": "divergence",
      "path": "xmloff/source/text/txtparai.cxx",
      "side": "upstream"
    },
    {
      "dimension": "contract",
      "path": "apps/office/src/sw/source/filter/xml/xmlimp.ts",
      "side": "local"
    },
    {
      "dimension": "contract",
      "path": "xmloff/source/text/txtparai.cxx",
      "side": "upstream"
    },
    {
      "dimension": "ownership",
      "path": "apps/office/src/sw/source/filter/xml/xmlimp.ts",
      "side": "local"
    },
    {
      "dimension": "ownership",
      "path": "xmloff/source/text/txtparai.cxx",
      "side": "upstream"
    },
    {
      "dimension": "behavior",
      "path": "scripts/libreoffice-inventory/odt-upstream-fixtures.test.ts",
      "side": "local"
    },
    {
      "dimension": "behavior",
      "path": "sw/qa/extras/odfimport/odffeatures.cxx",
      "side": "upstream"
    },
    {
      "dimension": "defaults",
      "path": "scripts/libreoffice-inventory/odt-upstream-fixtures.test.ts",
      "side": "local"
    },
    {
      "dimension": "defaults",
      "path": "sw/qa/extras/odfimport/odffeatures.cxx",
      "side": "upstream"
    },
    {
      "dimension": "serialization",
      "path": "scripts/libreoffice-inventory/odt-upstream-fixtures.test.ts",
      "side": "local"
    },
    {
      "dimension": "serialization",
      "path": "sw/qa/extras/odfimport/odffeatures.cxx",
      "side": "upstream"
    },
    {
      "dimension": "operationCycle",
      "path": "scripts/libreoffice-inventory/odt-upstream-fixtures.test.ts",
      "side": "local"
    },
    {
      "dimension": "operationCycle",
      "path": "sw/qa/extras/odfimport/odffeatures.cxx",
      "side": "upstream"
    },
    {
      "dimension": "differential",
      "path": "scripts/libreoffice-inventory/odt-upstream-fixtures.test.ts",
      "side": "local"
    },
    {
      "dimension": "differential",
      "path": "sw/qa/extras/odfimport/odffeatures.cxx",
      "side": "upstream"
    },
    {
      "dimension": "divergence",
      "path": "docs/program/writer-odt-format.md",
      "side": "local"
    },
    {
      "dimension": "divergence",
      "path": "xmloff/source/text/txtparai.cxx",
      "side": "upstream"
    },
    {
      "dimension": "divergence",
      "path": "docs/program/writer-odt-format.md",
      "side": "local"
    },
    {
      "dimension": "divergence",
      "path": "xmloff/source/text/txtparai.cxx",
      "side": "upstream"
    },
    {
      "dimension": "contract",
      "path": "apps/office/src/sw/source/filter/xml/xmlimp.ts",
      "side": "local"
    },
    {
      "dimension": "contract",
      "path": "xmloff/source/text/txtparai.cxx",
      "side": "upstream"
    },
    {
      "dimension": "ownership",
      "path": "apps/office/src/sw/source/filter/xml/xmlimp.ts",
      "side": "local"
    },
    {
      "dimension": "ownership",
      "path": "xmloff/source/text/txtparai.cxx",
      "side": "upstream"
    },
    {
      "dimension": "behavior",
      "path": "scripts/libreoffice-inventory/odt-upstream-fixtures.test.ts",
      "side": "local"
    },
    {
      "dimension": "behavior",
      "path": "sw/qa/extras/odfimport/odffeatures.cxx",
      "side": "upstream"
    },
    {
      "dimension": "defaults",
      "path": "scripts/libreoffice-inventory/odt-upstream-fixtures.test.ts",
      "side": "local"
    },
    {
      "dimension": "defaults",
      "path": "sw/qa/extras/odfimport/odffeatures.cxx",
      "side": "upstream"
    },
    {
      "dimension": "serialization",
      "path": "scripts/libreoffice-inventory/odt-upstream-fixtures.test.ts",
      "side": "local"
    },
    {
      "dimension": "serialization",
      "path": "sw/qa/extras/odfimport/odffeatures.cxx",
      "side": "upstream"
    },
    {
      "dimension": "operationCycle",
      "path": "scripts/libreoffice-inventory/odt-upstream-fixtures.test.ts",
      "side": "local"
    },
    {
      "dimension": "operationCycle",
      "path": "sw/qa/extras/odfimport/odffeatures.cxx",
      "side": "upstream"
    },
    {
      "dimension": "differential",
      "path": "scripts/libreoffice-inventory/odt-upstream-fixtures.test.ts",
      "side": "local"
    },
    {
      "dimension": "differential",
      "path": "sw/qa/extras/odfimport/odffeatures.cxx",
      "side": "upstream"
    },
    {
      "dimension": "divergence",
      "path": "docs/program/writer-odt-format.md",
      "side": "local"
    },
    {
      "dimension": "divergence",
      "path": "xmloff/source/text/txtparai.cxx",
      "side": "upstream"
    },
    {
      "dimension": "divergence",
      "path": "docs/program/writer-odt-format.md",
      "side": "local"
    },
    {
      "dimension": "divergence",
      "path": "xmloff/source/text/txtparai.cxx",
      "side": "upstream"
    },
    {
      "dimension": "contract",
      "path": "apps/office/src/xmloff/source/text/txtparae.ts",
      "side": "local"
    },
    {
      "dimension": "contract",
      "path": "xmloff/source/text/txtparae.cxx",
      "side": "upstream"
    },
    {
      "dimension": "ownership",
      "path": "apps/office/src/xmloff/source/text/txtparae.ts",
      "side": "local"
    },
    {
      "dimension": "ownership",
      "path": "xmloff/source/text/txtparae.cxx",
      "side": "upstream"
    },
    {
      "dimension": "behavior",
      "path": "apps/office/src/sw/source/filter/xml/odt-roundtrip.test.ts",
      "side": "local"
    },
    {
      "dimension": "behavior",
      "path": "sw/qa/extras/odfimport/odffeatures.cxx",
      "side": "upstream"
    },
    {
      "dimension": "defaults",
      "path": "apps/office/src/sw/source/filter/xml/odt-roundtrip.test.ts",
      "side": "local"
    },
    {
      "dimension": "defaults",
      "path": "sw/qa/extras/odfimport/odffeatures.cxx",
      "side": "upstream"
    },
    {
      "dimension": "serialization",
      "path": "apps/office/src/sw/source/filter/xml/odt-roundtrip.test.ts",
      "side": "local"
    },
    {
      "dimension": "serialization",
      "path": "sw/qa/extras/odfimport/odffeatures.cxx",
      "side": "upstream"
    },
    {
      "dimension": "operationCycle",
      "path": "apps/office/src/sw/source/filter/xml/odt-roundtrip.test.ts",
      "side": "local"
    },
    {
      "dimension": "operationCycle",
      "path": "sw/qa/extras/odfimport/odffeatures.cxx",
      "side": "upstream"
    },
    {
      "dimension": "differential",
      "path": "apps/office/src/sw/source/filter/xml/odt-roundtrip.test.ts",
      "side": "local"
    },
    {
      "dimension": "differential",
      "path": "sw/qa/extras/odfimport/odffeatures.cxx",
      "side": "upstream"
    },
    {
      "dimension": "divergence",
      "path": "docs/program/writer-odt-format.md",
      "side": "local"
    },
    {
      "dimension": "divergence",
      "path": "xmloff/source/text/txtparae.cxx",
      "side": "upstream"
    },
    {
      "dimension": "divergence",
      "path": "docs/program/writer-odt-format.md",
      "side": "local"
    },
    {
      "dimension": "divergence",
      "path": "xmloff/source/text/txtparae.cxx",
      "side": "upstream"
    },
    {
      "dimension": "contract",
      "path": "apps/office/src/sw/source/filter/xml/xmlimp.ts",
      "side": "local"
    },
    {
      "dimension": "contract",
      "path": "sw/source/filter/xml/xmlimp.cxx",
      "side": "upstream"
    },
    {
      "dimension": "ownership",
      "path": "apps/office/src/sw/source/filter/xml/xmlimp.ts",
      "side": "local"
    },
    {
      "dimension": "ownership",
      "path": "sw/source/filter/xml/xmlimp.cxx",
      "side": "upstream"
    },
    {
      "dimension": "behavior",
      "path": "apps/office/src/sw/source/filter/xml/odt-roundtrip.test.ts",
      "side": "local"
    },
    {
      "dimension": "behavior",
      "path": "sw/qa/extras/odfimport/odffeatures.cxx",
      "side": "upstream"
    },
    {
      "dimension": "defaults",
      "path": "apps/office/src/sw/source/filter/xml/odt-roundtrip.test.ts",
      "side": "local"
    },
    {
      "dimension": "defaults",
      "path": "sw/qa/extras/odfimport/odffeatures.cxx",
      "side": "upstream"
    },
    {
      "dimension": "serialization",
      "path": "apps/office/src/sw/source/filter/xml/odt-roundtrip.test.ts",
      "side": "local"
    },
    {
      "dimension": "serialization",
      "path": "sw/qa/extras/odfimport/odffeatures.cxx",
      "side": "upstream"
    },
    {
      "dimension": "operationCycle",
      "path": "apps/office/src/sw/source/filter/xml/odt-roundtrip.test.ts",
      "side": "local"
    },
    {
      "dimension": "operationCycle",
      "path": "sw/qa/extras/odfimport/odffeatures.cxx",
      "side": "upstream"
    },
    {
      "dimension": "differential",
      "path": "apps/office/src/sw/source/filter/xml/odt-roundtrip.test.ts",
      "side": "local"
    },
    {
      "dimension": "differential",
      "path": "sw/qa/extras/odfimport/odffeatures.cxx",
      "side": "upstream"
    },
    {
      "dimension": "divergence",
      "path": "docs/program/writer-odt-format.md",
      "side": "local"
    },
    {
      "dimension": "divergence",
      "path": "sw/source/filter/xml/xmlimp.cxx",
      "side": "upstream"
    },
    {
      "dimension": "divergence",
      "path": "docs/program/writer-odt-format.md",
      "side": "local"
    },
    {
      "dimension": "divergence",
      "path": "sw/source/filter/xml/xmlimp.cxx",
      "side": "upstream"
    },
    {
      "dimension": "contract",
      "path": "apps/office/src/sw/source/core/unocore/unosett.ts",
      "side": "local"
    },
    {
      "dimension": "contract",
      "path": "sw/source/filter/xml/xmlimp.cxx",
      "side": "upstream"
    },
    {
      "dimension": "ownership",
      "path": "apps/office/src/sw/source/core/unocore/unosett.ts",
      "side": "local"
    },
    {
      "dimension": "ownership",
      "path": "sw/source/filter/xml/xmlimp.cxx",
      "side": "upstream"
    },
    {
      "dimension": "behavior",
      "path": "apps/office/src/sw/source/filter/xml/odt-roundtrip.test.ts",
      "side": "local"
    },
    {
      "dimension": "behavior",
      "path": "sw/qa/extras/odfimport/odffeatures.cxx",
      "side": "upstream"
    },
    {
      "dimension": "defaults",
      "path": "apps/office/src/sw/source/filter/xml/odt-roundtrip.test.ts",
      "side": "local"
    },
    {
      "dimension": "defaults",
      "path": "sw/qa/extras/odfimport/odffeatures.cxx",
      "side": "upstream"
    },
    {
      "dimension": "serialization",
      "path": "apps/office/src/sw/source/filter/xml/odt-roundtrip.test.ts",
      "side": "local"
    },
    {
      "dimension": "serialization",
      "path": "sw/qa/extras/odfimport/odffeatures.cxx",
      "side": "upstream"
    },
    {
      "dimension": "operationCycle",
      "path": "apps/office/src/sw/source/filter/xml/odt-roundtrip.test.ts",
      "side": "local"
    },
    {
      "dimension": "operationCycle",
      "path": "sw/qa/extras/odfimport/odffeatures.cxx",
      "side": "upstream"
    },
    {
      "dimension": "differential",
      "path": "apps/office/src/sw/source/filter/xml/odt-roundtrip.test.ts",
      "side": "local"
    },
    {
      "dimension": "differential",
      "path": "sw/qa/extras/odfimport/odffeatures.cxx",
      "side": "upstream"
    },
    {
      "dimension": "divergence",
      "path": "docs/program/writer-odt-format.md",
      "side": "local"
    },
    {
      "dimension": "divergence",
      "path": "sw/source/filter/xml/xmlimp.cxx",
      "side": "upstream"
    },
    {
      "dimension": "divergence",
      "path": "docs/program/writer-odt-format.md",
      "side": "local"
    },
    {
      "dimension": "divergence",
      "path": "sw/source/filter/xml/xmlimp.cxx",
      "side": "upstream"
    },
    {
      "dimension": "contract",
      "path": "apps/office/src/xmloff/source/text/txtparai.ts",
      "side": "local"
    },
    {
      "dimension": "contract",
      "path": "xmloff/source/text/txtparai.cxx",
      "side": "upstream"
    },
    {
      "dimension": "ownership",
      "path": "apps/office/src/xmloff/source/text/txtparai.ts",
      "side": "local"
    },
    {
      "dimension": "ownership",
      "path": "xmloff/source/text/txtparai.cxx",
      "side": "upstream"
    },
    {
      "dimension": "behavior",
      "path": "apps/office/src/sw/source/filter/xml/odt-roundtrip.test.ts",
      "side": "local"
    },
    {
      "dimension": "behavior",
      "path": "sw/qa/extras/odfimport/odffeatures.cxx",
      "side": "upstream"
    },
    {
      "dimension": "defaults",
      "path": "apps/office/src/sw/source/filter/xml/odt-roundtrip.test.ts",
      "side": "local"
    },
    {
      "dimension": "defaults",
      "path": "sw/qa/extras/odfimport/odffeatures.cxx",
      "side": "upstream"
    },
    {
      "dimension": "serialization",
      "path": "apps/office/src/sw/source/filter/xml/odt-roundtrip.test.ts",
      "side": "local"
    },
    {
      "dimension": "serialization",
      "path": "sw/qa/extras/odfimport/odffeatures.cxx",
      "side": "upstream"
    },
    {
      "dimension": "operationCycle",
      "path": "apps/office/src/sw/source/filter/xml/odt-roundtrip.test.ts",
      "side": "local"
    },
    {
      "dimension": "operationCycle",
      "path": "sw/qa/extras/odfimport/odffeatures.cxx",
      "side": "upstream"
    },
    {
      "dimension": "differential",
      "path": "apps/office/src/sw/source/filter/xml/odt-roundtrip.test.ts",
      "side": "local"
    },
    {
      "dimension": "differential",
      "path": "sw/qa/extras/odfimport/odffeatures.cxx",
      "side": "upstream"
    },
    {
      "dimension": "divergence",
      "path": "docs/program/writer-odt-format.md",
      "side": "local"
    },
    {
      "dimension": "divergence",
      "path": "xmloff/source/text/txtparai.cxx",
      "side": "upstream"
    },
    {
      "dimension": "divergence",
      "path": "docs/program/writer-odt-format.md",
      "side": "local"
    },
    {
      "dimension": "divergence",
      "path": "xmloff/source/text/txtparai.cxx",
      "side": "upstream"
    },
    {
      "dimension": "contract",
      "path": "apps/office/src/xmloff/source/text/XMLTextListItemContext.ts",
      "side": "local"
    },
    {
      "dimension": "contract",
      "path": "xmloff/source/text/txtparai.cxx",
      "side": "upstream"
    },
    {
      "dimension": "ownership",
      "path": "apps/office/src/xmloff/source/text/XMLTextListItemContext.ts",
      "side": "local"
    },
    {
      "dimension": "ownership",
      "path": "xmloff/source/text/txtparai.cxx",
      "side": "upstream"
    },
    {
      "dimension": "behavior",
      "path": "apps/office/src/sw/source/filter/xml/odt-roundtrip.test.ts",
      "side": "local"
    },
    {
      "dimension": "behavior",
      "path": "sw/qa/extras/odfimport/odffeatures.cxx",
      "side": "upstream"
    },
    {
      "dimension": "defaults",
      "path": "apps/office/src/sw/source/filter/xml/odt-roundtrip.test.ts",
      "side": "local"
    },
    {
      "dimension": "defaults",
      "path": "sw/qa/extras/odfimport/odffeatures.cxx",
      "side": "upstream"
    },
    {
      "dimension": "serialization",
      "path": "apps/office/src/sw/source/filter/xml/odt-roundtrip.test.ts",
      "side": "local"
    },
    {
      "dimension": "serialization",
      "path": "sw/qa/extras/odfimport/odffeatures.cxx",
      "side": "upstream"
    },
    {
      "dimension": "operationCycle",
      "path": "apps/office/src/sw/source/filter/xml/odt-roundtrip.test.ts",
      "side": "local"
    },
    {
      "dimension": "operationCycle",
      "path": "sw/qa/extras/odfimport/odffeatures.cxx",
      "side": "upstream"
    },
    {
      "dimension": "differential",
      "path": "apps/office/src/sw/source/filter/xml/odt-roundtrip.test.ts",
      "side": "local"
    },
    {
      "dimension": "differential",
      "path": "sw/qa/extras/odfimport/odffeatures.cxx",
      "side": "upstream"
    },
    {
      "dimension": "divergence",
      "path": "docs/program/writer-odt-format.md",
      "side": "local"
    },
    {
      "dimension": "divergence",
      "path": "xmloff/source/text/txtparai.cxx",
      "side": "upstream"
    },
    {
      "dimension": "divergence",
      "path": "docs/program/writer-odt-format.md",
      "side": "local"
    },
    {
      "dimension": "divergence",
      "path": "xmloff/source/text/txtparai.cxx",
      "side": "upstream"
    }
  ],
  "recordCount": 45,
  "resolvedEvidence": [
    {
      "kind": "implementation",
      "path": "apps/office/src/framework/browser/presentation/CommandMenuBar.tsx",
      "side": "local"
    },
    {
      "kind": "implementation",
      "path": "apps/office/src/sw/browser/presentation/WriterCommandToolbar.tsx",
      "side": "local"
    },
    {
      "kind": "implementation",
      "path": "apps/office/src/sw/uiconfig/swriter/menubar/menubar-commands.ts",
      "side": "local"
    },
    {
      "kind": "tests",
      "path": "apps/office/src/sw/browser/presentation/WriterMenuBar.test.tsx",
      "side": "local"
    },
    {
      "kind": "tests",
      "path": "apps/office/e2e/foundation.spec.ts",
      "side": "local"
    },
    {
      "kind": "docs",
      "path": "docs/program/writer-command-placement.md",
      "side": "local"
    },
    {
      "kind": "docs",
      "path": "docs/program/writer-ui-shell.md",
      "side": "local"
    },
    {
      "kind": "implementation",
      "path": "sw/uiconfig/swriter/menubar/menubar.xml",
      "side": "upstream"
    },
    {
      "kind": "implementation",
      "path": "sw/uiconfig/swriter/toolbar/standardbar.xml",
      "side": "upstream"
    },
    {
      "kind": "tests",
      "path": "sw/qa/extras/tiledrendering/tiledrendering.cxx",
      "side": "upstream"
    },
    {
      "kind": "docs",
      "path": "helpcontent2/source/text/swriter/01/04060100.xhp",
      "side": "upstream"
    },
    {
      "kind": "tests",
      "path": "apps/office/src/sw/browser/presentation/WriterMenuBar.test.tsx",
      "side": "local"
    },
    {
      "kind": "tests",
      "path": "sw/qa/extras/tiledrendering/tiledrendering.cxx",
      "side": "upstream"
    },
    {
      "kind": "implementation",
      "path": "apps/office/src/svl/source/undo/undo.ts",
      "side": "local"
    },
    {
      "kind": "implementation",
      "path": "apps/office/src/sw/source/core/undo/unins.ts",
      "side": "local"
    },
    {
      "kind": "implementation",
      "path": "apps/office/src/sw/source/core/undo/undel.ts",
      "side": "local"
    },
    {
      "kind": "implementation",
      "path": "apps/office/src/sw/source/core/undo/unattr.ts",
      "side": "local"
    },
    {
      "kind": "implementation",
      "path": "apps/office/src/sw/source/uibase/wrtsh/wrtsh1.ts",
      "side": "local"
    },
    {
      "kind": "tests",
      "path": "apps/office/src/svl/source/undo/undo.test.ts",
      "side": "local"
    },
    {
      "kind": "tests",
      "path": "apps/office/src/sw/source/core/undo/undobj.test.ts",
      "side": "local"
    },
    {
      "kind": "docs",
      "path": "docs/program/transaction-history.md",
      "side": "local"
    },
    {
      "kind": "docs",
      "path": "docs/program/writer-command-placement.md",
      "side": "local"
    },
    {
      "kind": "implementation",
      "path": "svl/source/undo/undo.cxx",
      "side": "upstream"
    },
    {
      "kind": "implementation",
      "path": "sw/source/core/undo/unins.cxx",
      "side": "upstream"
    },
    {
      "kind": "implementation",
      "path": "sw/source/core/undo/undel.cxx",
      "side": "upstream"
    },
    {
      "kind": "implementation",
      "path": "sw/uiconfig/swriter/menubar/menubar.xml",
      "side": "upstream"
    },
    {
      "kind": "tests",
      "path": "sw/qa/extras/tiledrendering/tiledrendering.cxx",
      "side": "upstream"
    },
    {
      "kind": "docs",
      "path": "helpcontent2/source/text/swriter/01/04060100.xhp",
      "side": "upstream"
    },
    {
      "kind": "tests",
      "path": "apps/office/src/svl/source/undo/undo.test.ts",
      "side": "local"
    },
    {
      "kind": "tests",
      "path": "sw/qa/extras/tiledrendering/tiledrendering.cxx",
      "side": "upstream"
    },
    {
      "kind": "implementation",
      "path": "apps/office/src/vcl/browser/browser-clipboard.ts",
      "side": "local"
    },
    {
      "kind": "implementation",
      "path": "apps/office/src/sw/browser/workflows/writer-workflows.ts",
      "side": "local"
    },
    {
      "kind": "implementation",
      "path": "apps/office/src/sw/source/uibase/dochdl/swdtflvr.ts",
      "side": "local"
    },
    {
      "kind": "implementation",
      "path": "apps/office/src/sw/browser/editor/writer-selection.ts",
      "side": "local"
    },
    {
      "kind": "tests",
      "path": "apps/office/src/sw/browser/presentation/WriterMenuBar.test.tsx",
      "side": "local"
    },
    {
      "kind": "tests",
      "path": "apps/office/src/sw/browser/editor/WriterPlainTextEditor.test.tsx",
      "side": "local"
    },
    {
      "kind": "tests",
      "path": "apps/office/src/sw/source/uibase/dochdl/swdtflvr.test.ts",
      "side": "local"
    },
    {
      "kind": "tests",
      "path": "apps/office/e2e/writer-clipboard.spec.ts",
      "side": "local"
    },
    {
      "kind": "tests",
      "path": "apps/office/e2e/writer-document-selection.spec.ts",
      "side": "local"
    },
    {
      "kind": "tests",
      "path": "apps/office/e2e/foundation.spec.ts",
      "side": "local"
    },
    {
      "kind": "docs",
      "path": "docs/program/writer-clipboard.md",
      "side": "local"
    },
    {
      "kind": "docs",
      "path": "docs/program/writer-command-placement.md",
      "side": "local"
    },
    {
      "kind": "implementation",
      "path": "sw/uiconfig/swriter/menubar/menubar.xml",
      "side": "upstream"
    },
    {
      "kind": "implementation",
      "path": "sw/uiconfig/swriter/toolbar/standardbar.xml",
      "side": "upstream"
    },
    {
      "kind": "tests",
      "path": "sw/qa/extras/uiwriter/uiwriter6.cxx",
      "side": "upstream"
    },
    {
      "kind": "docs",
      "path": "helpcontent2/source/text/swriter/01/select_text.xhp",
      "side": "upstream"
    },
    {
      "kind": "tests",
      "path": "apps/office/src/sw/browser/presentation/WriterMenuBar.test.tsx",
      "side": "local"
    },
    {
      "kind": "tests",
      "path": "sw/qa/extras/uiwriter/uiwriter6.cxx",
      "side": "upstream"
    },
    {
      "kind": "implementation",
      "path": "apps/office/src/sw/source/uibase/uiview/view.ts",
      "side": "local"
    },
    {
      "kind": "implementation",
      "path": "apps/office/src/framework/browser/presentation/CommandMenuBar.tsx",
      "side": "local"
    },
    {
      "kind": "tests",
      "path": "apps/office/src/sw/browser/presentation/writer-view.test.tsx",
      "side": "local"
    },
    {
      "kind": "tests",
      "path": "apps/office/e2e/foundation.spec.ts",
      "side": "local"
    },
    {
      "kind": "docs",
      "path": "docs/program/writer-ui-shell.md",
      "side": "local"
    },
    {
      "kind": "docs",
      "path": "docs/program/writer-command-placement.md",
      "side": "local"
    },
    {
      "kind": "implementation",
      "path": "sw/uiconfig/swriter/menubar/menubar.xml",
      "side": "upstream"
    },
    {
      "kind": "implementation",
      "path": "sw/uiconfig/swriter/menubar/menubar.xml",
      "side": "upstream"
    },
    {
      "kind": "tests",
      "path": "sw/qa/extras/tiledrendering/tiledrendering2.cxx",
      "side": "upstream"
    },
    {
      "kind": "docs",
      "path": "helpcontent2/source/text/swriter/01/05150000.xhp",
      "side": "upstream"
    },
    {
      "kind": "tests",
      "path": "apps/office/src/sw/browser/presentation/writer-view.test.tsx",
      "side": "local"
    },
    {
      "kind": "tests",
      "path": "sw/qa/extras/tiledrendering/tiledrendering2.cxx",
      "side": "upstream"
    },
    {
      "kind": "implementation",
      "path": "apps/office/src/sw/source/core/doc/list.ts",
      "side": "local"
    },
    {
      "kind": "implementation",
      "path": "apps/office/src/sw/source/core/doc/number.ts",
      "side": "local"
    },
    {
      "kind": "implementation",
      "path": "apps/office/src/sw/source/uibase/wrtsh/wrtsh1.ts",
      "side": "local"
    },
    {
      "kind": "implementation",
      "path": "apps/office/src/sw/browser/editor/WriterEditableParagraph.tsx",
      "side": "local"
    },
    {
      "kind": "implementation",
      "path": "apps/office/src/framework/browser/presentation/CommandMenuBar.tsx",
      "side": "local"
    },
    {
      "kind": "implementation",
      "path": "apps/office/src/sw/browser/presentation/WriterFormattingToolbar.tsx",
      "side": "local"
    },
    {
      "kind": "implementation",
      "path": "apps/office/src/sw/uiconfig/swriter/menubar/menubar-commands.ts",
      "side": "local"
    },
    {
      "kind": "implementation",
      "path": "apps/office/src/sw/uiconfig/swriter/toolbar/textobjectbar.ts",
      "side": "local"
    },
    {
      "kind": "tests",
      "path": "apps/office/src/sw/source/core/doc/list.test.ts",
      "side": "local"
    },
    {
      "kind": "tests",
      "path": "apps/office/src/sw/source/core/doc/number.test.ts",
      "side": "local"
    },
    {
      "kind": "tests",
      "path": "apps/office/src/sw/source/uibase/wrtsh/wrtsh1.test.ts",
      "side": "local"
    },
    {
      "kind": "tests",
      "path": "apps/office/src/framework/browser/app/desktop.test.tsx",
      "side": "local"
    },
    {
      "kind": "tests",
      "path": "apps/office/e2e/writer-lists.spec.ts",
      "side": "local"
    },
    {
      "kind": "docs",
      "path": "docs/program/writer-paragraph-lists.md",
      "side": "local"
    },
    {
      "kind": "docs",
      "path": "docs/program/writer-command-placement.md",
      "side": "local"
    },
    {
      "kind": "docs",
      "path": "docs/program/source-tree.md",
      "side": "local"
    },
    {
      "kind": "implementation",
      "path": "sw/source/core/doc/list.cxx",
      "side": "upstream"
    },
    {
      "kind": "implementation",
      "path": "sw/source/core/doc/number.cxx",
      "side": "upstream"
    },
    {
      "kind": "implementation",
      "path": "sw/source/uibase/shells/txtnum.cxx",
      "side": "upstream"
    },
    {
      "kind": "implementation",
      "path": "sw/uiconfig/swriter/menubar/menubar.xml",
      "side": "upstream"
    },
    {
      "kind": "implementation",
      "path": "sw/uiconfig/swriter/toolbar/textobjectbar.xml",
      "side": "upstream"
    },
    {
      "kind": "tests",
      "path": "sw/qa/extras/uiwriter/uiwriter8.cxx",
      "side": "upstream"
    },
    {
      "kind": "tests",
      "path": "sw/qa/extras/uiwriter/uiwriter10.cxx",
      "side": "upstream"
    },
    {
      "kind": "tests",
      "path": "sw/qa/uitest/writer_tests2/formatBulletsNumbering.py",
      "side": "upstream"
    },
    {
      "kind": "docs",
      "path": "helpcontent2/source/text/swriter/02/02110000.xhp",
      "side": "upstream"
    },
    {
      "kind": "docs",
      "path": "helpcontent2/source/text/swriter/02/06040000.xhp",
      "side": "upstream"
    },
    {
      "kind": "docs",
      "path": "helpcontent2/source/text/swriter/guide/using_numbered_lists.xhp",
      "side": "upstream"
    },
    {
      "kind": "tests",
      "path": "apps/office/src/sw/source/core/doc/list.test.ts",
      "side": "local"
    },
    {
      "kind": "tests",
      "path": "sw/qa/extras/uiwriter/uiwriter8.cxx",
      "side": "upstream"
    },
    {
      "kind": "implementation",
      "path": "apps/office/src/sw/source/uibase/dochdl/swdtflvr.ts",
      "side": "local"
    },
    {
      "kind": "implementation",
      "path": "apps/office/src/sw/source/filter/html/htmlnumwriter.ts",
      "side": "local"
    },
    {
      "kind": "implementation",
      "path": "apps/office/src/sw/source/filter/ascii/ascatr.ts",
      "side": "local"
    },
    {
      "kind": "implementation",
      "path": "apps/office/src/sw/browser/editor/writer-clipboard-events.ts",
      "side": "local"
    },
    {
      "kind": "tests",
      "path": "apps/office/src/sw/source/uibase/dochdl/swdtflvr.test.ts",
      "side": "local"
    },
    {
      "kind": "tests",
      "path": "apps/office/src/sw/source/filter/html/htmlnumwriter.test.ts",
      "side": "local"
    },
    {
      "kind": "tests",
      "path": "apps/office/src/sw/source/filter/ascii/ascatr.test.ts",
      "side": "local"
    },
    {
      "kind": "tests",
      "path": "apps/office/e2e/writer-clipboard.spec.ts",
      "side": "local"
    },
    {
      "kind": "docs",
      "path": "docs/program/writer-clipboard.md",
      "side": "local"
    },
    {
      "kind": "docs",
      "path": "docs/program/writer-paragraph-lists.md",
      "side": "local"
    },
    {
      "kind": "docs",
      "path": "docs/program/source-tree.md",
      "side": "local"
    },
    {
      "kind": "implementation",
      "path": "sw/source/uibase/dochdl/swdtflvr.cxx",
      "side": "upstream"
    },
    {
      "kind": "implementation",
      "path": "sw/source/filter/html/htmlnumwriter.cxx",
      "side": "upstream"
    },
    {
      "kind": "implementation",
      "path": "sw/source/filter/ascii/ascatr.cxx",
      "side": "upstream"
    },
    {
      "kind": "tests",
      "path": "sw/qa/extras/uiwriter/uiwriter9.cxx",
      "side": "upstream"
    },
    {
      "kind": "tests",
      "path": "sw/qa/filter/html/html.cxx",
      "side": "upstream"
    },
    {
      "kind": "tests",
      "path": "sw/qa/extras/htmlimport/htmlimport.cxx",
      "side": "upstream"
    },
    {
      "kind": "docs",
      "path": "helpcontent2/source/text/shared/01/02050000.xhp",
      "side": "upstream"
    },
    {
      "kind": "docs",
      "path": "helpcontent2/source/text/swriter/02/02110000.xhp",
      "side": "upstream"
    },
    {
      "kind": "tests",
      "path": "apps/office/src/sw/source/uibase/dochdl/swdtflvr.test.ts",
      "side": "local"
    },
    {
      "kind": "tests",
      "path": "sw/qa/extras/uiwriter/uiwriter9.cxx",
      "side": "upstream"
    },
    {
      "kind": "implementation",
      "path": "apps/office/src/sw/source/uibase/shells/listsh.ts",
      "side": "local"
    },
    {
      "kind": "implementation",
      "path": "apps/office/src/sw/source/uibase/wrtsh/wrtsh1.ts",
      "side": "local"
    },
    {
      "kind": "implementation",
      "path": "apps/office/src/sw/source/core/undo/unnum.ts",
      "side": "local"
    },
    {
      "kind": "implementation",
      "path": "apps/office/src/framework/browser/presentation/CommandMenuBar.tsx",
      "side": "local"
    },
    {
      "kind": "implementation",
      "path": "apps/office/src/sw/uiconfig/swriter/toolbar/numobjectbar.ts",
      "side": "local"
    },
    {
      "kind": "implementation",
      "path": "apps/office/src/sw/browser/editor/WriterEditableParagraph.tsx",
      "side": "local"
    },
    {
      "kind": "tests",
      "path": "apps/office/src/sw/source/uibase/wrtsh/wrtsh1.test.ts",
      "side": "local"
    },
    {
      "kind": "tests",
      "path": "apps/office/src/sw/source/core/doc/list.test.ts",
      "side": "local"
    },
    {
      "kind": "tests",
      "path": "apps/office/src/framework/browser/app/desktop.test.tsx",
      "side": "local"
    },
    {
      "kind": "tests",
      "path": "apps/office/e2e/writer-lists.spec.ts",
      "side": "local"
    },
    {
      "kind": "docs",
      "path": "docs/program/writer-paragraph-lists.md",
      "side": "local"
    },
    {
      "kind": "docs",
      "path": "docs/program/writer-command-placement.md",
      "side": "local"
    },
    {
      "kind": "docs",
      "path": "docs/program/source-tree.md",
      "side": "local"
    },
    {
      "kind": "implementation",
      "path": "sw/source/uibase/shells/listsh.cxx",
      "side": "upstream"
    },
    {
      "kind": "implementation",
      "path": "sw/sdi/swriter.sdi",
      "side": "upstream"
    },
    {
      "kind": "implementation",
      "path": "sw/uiconfig/swriter/menubar/menubar.xml",
      "side": "upstream"
    },
    {
      "kind": "implementation",
      "path": "sw/uiconfig/swriter/toolbar/numobjectbar.xml",
      "side": "upstream"
    },
    {
      "kind": "tests",
      "path": "sw/qa/uitest/writer_tests2/formatBulletsNumbering.py",
      "side": "upstream"
    },
    {
      "kind": "docs",
      "path": "helpcontent2/source/text/shared/02/06050000.xhp",
      "side": "upstream"
    },
    {
      "kind": "docs",
      "path": "helpcontent2/source/text/shared/02/06060000.xhp",
      "side": "upstream"
    },
    {
      "kind": "tests",
      "path": "apps/office/src/sw/source/uibase/wrtsh/wrtsh1.test.ts",
      "side": "local"
    },
    {
      "kind": "tests",
      "path": "sw/qa/uitest/writer_tests2/formatBulletsNumbering.py",
      "side": "upstream"
    },
    {
      "kind": "implementation",
      "path": "apps/office/src/sw/source/uibase/dochdl/swdtflvr.ts",
      "side": "local"
    },
    {
      "kind": "implementation",
      "path": "apps/office/src/sw/source/filter/html/htmlnumwriter.ts",
      "side": "local"
    },
    {
      "kind": "implementation",
      "path": "apps/office/src/sw/source/filter/ascii/ascatr.ts",
      "side": "local"
    },
    {
      "kind": "tests",
      "path": "apps/office/src/sw/source/uibase/dochdl/swdtflvr.test.ts",
      "side": "local"
    },
    {
      "kind": "tests",
      "path": "apps/office/src/sw/source/filter/html/htmlnumwriter.test.ts",
      "side": "local"
    },
    {
      "kind": "tests",
      "path": "apps/office/src/sw/source/filter/ascii/ascatr.test.ts",
      "side": "local"
    },
    {
      "kind": "tests",
      "path": "apps/office/e2e/writer-clipboard.spec.ts",
      "side": "local"
    },
    {
      "kind": "docs",
      "path": "docs/program/writer-clipboard.md",
      "side": "local"
    },
    {
      "kind": "docs",
      "path": "docs/program/writer-paragraph-lists.md",
      "side": "local"
    },
    {
      "kind": "docs",
      "path": "docs/program/source-tree.md",
      "side": "local"
    },
    {
      "kind": "implementation",
      "path": "sw/source/uibase/dochdl/swdtflvr.cxx",
      "side": "upstream"
    },
    {
      "kind": "implementation",
      "path": "sw/source/filter/html/htmlnumwriter.cxx",
      "side": "upstream"
    },
    {
      "kind": "implementation",
      "path": "sw/source/filter/ascii/ascatr.cxx",
      "side": "upstream"
    },
    {
      "kind": "tests",
      "path": "sw/qa/extras/htmlexport/htmlexport2.cxx",
      "side": "upstream"
    },
    {
      "kind": "tests",
      "path": "sw/qa/extras/htmlimport/htmlimport.cxx",
      "side": "upstream"
    },
    {
      "kind": "docs",
      "path": "helpcontent2/source/text/shared/01/02050000.xhp",
      "side": "upstream"
    },
    {
      "kind": "docs",
      "path": "helpcontent2/source/text/swriter/02/02110000.xhp",
      "side": "upstream"
    },
    {
      "kind": "tests",
      "path": "apps/office/src/sw/source/uibase/dochdl/swdtflvr.test.ts",
      "side": "local"
    },
    {
      "kind": "tests",
      "path": "sw/qa/extras/htmlexport/htmlexport2.cxx",
      "side": "upstream"
    },
    {
      "kind": "implementation",
      "path": "apps/office/src/sw/source/core/txtnode/ndtxt.ts",
      "side": "local"
    },
    {
      "kind": "implementation",
      "path": "apps/office/src/sw/source/core/txtnode/ndhints.ts",
      "side": "local"
    },
    {
      "kind": "implementation",
      "path": "apps/office/src/sw/source/core/txtnode/txatbase.ts",
      "side": "local"
    },
    {
      "kind": "implementation",
      "path": "apps/office/src/sw/source/uibase/wrtsh/wrtsh1.ts",
      "side": "local"
    },
    {
      "kind": "implementation",
      "path": "apps/office/src/sw/browser/editor/writer-selection.ts",
      "side": "local"
    },
    {
      "kind": "implementation",
      "path": "apps/office/src/sw/browser/editor/WriterEditableParagraph.tsx",
      "side": "local"
    },
    {
      "kind": "implementation",
      "path": "apps/office/src/sw/source/uibase/dochdl/swdtflvr.ts",
      "side": "local"
    },
    {
      "kind": "implementation",
      "path": "apps/office/src/framework/browser/presentation/CommandMenuBar.tsx",
      "side": "local"
    },
    {
      "kind": "implementation",
      "path": "apps/office/src/sw/browser/presentation/WriterFormattingToolbar.tsx",
      "side": "local"
    },
    {
      "kind": "implementation",
      "path": "apps/office/src/vcl/browser/font-list.ts",
      "side": "local"
    },
    {
      "kind": "tests",
      "path": "apps/office/src/sw/source/core/txtnode/ndtxt.test.ts",
      "side": "local"
    },
    {
      "kind": "tests",
      "path": "apps/office/src/sw/source/uibase/wrtsh/wrtsh1.test.ts",
      "side": "local"
    },
    {
      "kind": "tests",
      "path": "apps/office/src/sw/browser/editor/writer-selection.test.ts",
      "side": "local"
    },
    {
      "kind": "tests",
      "path": "apps/office/src/sw/source/uibase/dochdl/swdtflvr.test.ts",
      "side": "local"
    },
    {
      "kind": "tests",
      "path": "apps/office/src/framework/browser/app/desktop.test.tsx",
      "side": "local"
    },
    {
      "kind": "tests",
      "path": "apps/office/src/vcl/browser/font-list.test.ts",
      "side": "local"
    },
    {
      "kind": "tests",
      "path": "apps/office/e2e/writer-character-formatting.spec.ts",
      "side": "local"
    },
    {
      "kind": "docs",
      "path": "docs/program/writer-character-formatting.md",
      "side": "local"
    },
    {
      "kind": "docs",
      "path": "docs/program/writer-command-placement.md",
      "side": "local"
    },
    {
      "kind": "docs",
      "path": "docs/program/writer-clipboard.md",
      "side": "local"
    },
    {
      "kind": "docs",
      "path": "docs/program/source-tree.md",
      "side": "local"
    },
    {
      "kind": "implementation",
      "path": "sw/source/uibase/shells/txtattr.cxx",
      "side": "upstream"
    },
    {
      "kind": "implementation",
      "path": "sw/source/core/txtnode/ndtxt.cxx",
      "side": "upstream"
    },
    {
      "kind": "implementation",
      "path": "svtools/source/control/ctrltool.cxx",
      "side": "upstream"
    },
    {
      "kind": "implementation",
      "path": "sw/uiconfig/swriter/menubar/menubar.xml",
      "side": "upstream"
    },
    {
      "kind": "implementation",
      "path": "sw/uiconfig/swriter/toolbar/textobjectbar.xml",
      "side": "upstream"
    },
    {
      "kind": "tests",
      "path": "sw/qa/extras/tiledrendering/tiledrendering.cxx",
      "side": "upstream"
    },
    {
      "kind": "tests",
      "path": "sw/qa/uitest/writer_tests2/formatCharacter.py",
      "side": "upstream"
    },
    {
      "kind": "docs",
      "path": "helpcontent2/source/text/swriter/04/01020000.xhp",
      "side": "upstream"
    },
    {
      "kind": "docs",
      "path": "helpcontent2/source/text/swriter/guide/shortcut_writing.xhp",
      "side": "upstream"
    },
    {
      "kind": "tests",
      "path": "apps/office/src/sw/source/core/txtnode/ndtxt.test.ts",
      "side": "local"
    },
    {
      "kind": "tests",
      "path": "sw/qa/extras/tiledrendering/tiledrendering.cxx",
      "side": "upstream"
    },
    {
      "kind": "implementation",
      "path": "apps/office/src/sw/source/uibase/wrtsh/wrtsh1.ts",
      "side": "local"
    },
    {
      "kind": "implementation",
      "path": "apps/office/src/sw/browser/filter/html/swhtml.ts",
      "side": "local"
    },
    {
      "kind": "implementation",
      "path": "apps/office/src/sw/browser/workflows/writer-workflows.ts",
      "side": "local"
    },
    {
      "kind": "implementation",
      "path": "apps/office/src/sw/browser/editor/writer-clipboard-events.ts",
      "side": "local"
    },
    {
      "kind": "implementation",
      "path": "apps/office/src/framework/browser/presentation/CommandMenuBar.tsx",
      "side": "local"
    },
    {
      "kind": "implementation",
      "path": "apps/office/src/sw/browser/presentation/WriterCommandToolbar.tsx",
      "side": "local"
    },
    {
      "kind": "tests",
      "path": "apps/office/src/sw/source/uibase/wrtsh/wrtsh1.test.ts",
      "side": "local"
    },
    {
      "kind": "tests",
      "path": "apps/office/src/sw/source/filter/html/swhtml.test.ts",
      "side": "local"
    },
    {
      "kind": "tests",
      "path": "apps/office/src/sw/browser/editor/WriterPlainTextEditor.test.tsx",
      "side": "local"
    },
    {
      "kind": "tests",
      "path": "apps/office/src/vcl/browser/browser-clipboard.test.ts",
      "side": "local"
    },
    {
      "kind": "tests",
      "path": "apps/office/e2e/writer-cut-paste.spec.ts",
      "side": "local"
    },
    {
      "kind": "docs",
      "path": "docs/program/writer-clipboard.md",
      "side": "local"
    },
    {
      "kind": "docs",
      "path": "docs/program/writer-command-placement.md",
      "side": "local"
    },
    {
      "kind": "docs",
      "path": "docs/program/source-tree.md",
      "side": "local"
    },
    {
      "kind": "implementation",
      "path": "sw/source/uibase/dochdl/swdtflvr.cxx",
      "side": "upstream"
    },
    {
      "kind": "implementation",
      "path": "sw/source/uibase/dochdl/swdtflvr.cxx",
      "side": "upstream"
    },
    {
      "kind": "implementation",
      "path": "sw/source/core/doc/DocumentContentOperationsManager.cxx",
      "side": "upstream"
    },
    {
      "kind": "implementation",
      "path": "sw/uiconfig/swriter/menubar/menubar.xml",
      "side": "upstream"
    },
    {
      "kind": "implementation",
      "path": "sw/uiconfig/swriter/toolbar/standardbar.xml",
      "side": "upstream"
    },
    {
      "kind": "tests",
      "path": "sw/qa/extras/uiwriter/uiwriter8.cxx",
      "side": "upstream"
    },
    {
      "kind": "tests",
      "path": "sw/qa/uitest/writer_tests2/tdf133299.py",
      "side": "upstream"
    },
    {
      "kind": "docs",
      "path": "helpcontent2/source/text/shared/01/02040000.xhp",
      "side": "upstream"
    },
    {
      "kind": "docs",
      "path": "helpcontent2/source/text/shared/01/02060000.xhp",
      "side": "upstream"
    },
    {
      "kind": "tests",
      "path": "apps/office/src/sw/source/uibase/wrtsh/wrtsh1.test.ts",
      "side": "local"
    },
    {
      "kind": "tests",
      "path": "sw/qa/extras/uiwriter/uiwriter8.cxx",
      "side": "upstream"
    },
    {
      "kind": "implementation",
      "path": "apps/office/src/sw/source/core/doc/doc.ts",
      "side": "local"
    },
    {
      "kind": "implementation",
      "path": "apps/office/src/sw/source/core/docnode/nodes.ts",
      "side": "local"
    },
    {
      "kind": "implementation",
      "path": "apps/office/src/sw/source/core/txtnode/ndtxt.ts",
      "side": "local"
    },
    {
      "kind": "implementation",
      "path": "apps/office/src/sw/source/core/crsr/pam.ts",
      "side": "local"
    },
    {
      "kind": "implementation",
      "path": "apps/office/src/sw/source/core/txtnode/txatbase.ts",
      "side": "local"
    },
    {
      "kind": "implementation",
      "path": "apps/office/src/sw/source/core/txtnode/ndhints.ts",
      "side": "local"
    },
    {
      "kind": "tests",
      "path": "apps/office/src/sw/source/core/doc/writer-model.test.ts",
      "side": "local"
    },
    {
      "kind": "tests",
      "path": "apps/office/src/sw/source/core/doc/writer-model.test.ts",
      "side": "local"
    },
    {
      "kind": "tests",
      "path": "apps/office/src/sw/source/core/doc/writer-model.test.ts",
      "side": "local"
    },
    {
      "kind": "docs",
      "path": "docs/program/writer-core-model.md",
      "side": "local"
    },
    {
      "kind": "docs",
      "path": "docs/program/architecture.md",
      "side": "local"
    },
    {
      "kind": "docs",
      "path": "docs/program/source-tree.md",
      "side": "local"
    },
    {
      "kind": "implementation",
      "path": "sw/source/core/doc/docnew.cxx",
      "side": "upstream"
    },
    {
      "kind": "implementation",
      "path": "sw/source/core/docnode/nodes.cxx",
      "side": "upstream"
    },
    {
      "kind": "implementation",
      "path": "sw/source/core/txtnode/ndtxt.cxx",
      "side": "upstream"
    },
    {
      "kind": "implementation",
      "path": "sw/source/core/crsr/pam.cxx",
      "side": "upstream"
    },
    {
      "kind": "implementation",
      "path": "sw/source/core/txtnode/txatbase.cxx",
      "side": "upstream"
    },
    {
      "kind": "tests",
      "path": "sw/qa/core/uwriter.cxx",
      "side": "upstream"
    },
    {
      "kind": "tests",
      "path": "sw/qa/core/txtnode/txtnode.cxx",
      "side": "upstream"
    },
    {
      "kind": "docs",
      "path": "sw/README.md",
      "side": "upstream"
    },
    {
      "kind": "docs",
      "path": "sw/README.md",
      "side": "upstream"
    },
    {
      "kind": "tests",
      "path": "apps/office/src/sw/source/core/doc/writer-model.test.ts",
      "side": "local"
    },
    {
      "kind": "tests",
      "path": "sw/qa/core/uwriter.cxx",
      "side": "upstream"
    },
    {
      "kind": "implementation",
      "path": "apps/office/src/svl/source/items/itemset.ts",
      "side": "local"
    },
    {
      "kind": "implementation",
      "path": "apps/office/src/editeng/source/items/textitem.ts",
      "side": "local"
    },
    {
      "kind": "implementation",
      "path": "apps/office/src/sw/source/core/attr/swatrset.ts",
      "side": "local"
    },
    {
      "kind": "implementation",
      "path": "apps/office/src/sw/source/core/attr/format.ts",
      "side": "local"
    },
    {
      "kind": "implementation",
      "path": "apps/office/src/sw/source/core/doc/fmtcol.ts",
      "side": "local"
    },
    {
      "kind": "implementation",
      "path": "apps/office/src/sw/inc/poolfmt.ts",
      "side": "local"
    },
    {
      "kind": "implementation",
      "path": "apps/office/src/sw/source/core/docnode/node.ts",
      "side": "local"
    },
    {
      "kind": "implementation",
      "path": "apps/office/src/sw/source/core/para/paratr.ts",
      "side": "local"
    },
    {
      "kind": "implementation",
      "path": "apps/office/src/sw/source/core/doc/doc.ts",
      "side": "local"
    },
    {
      "kind": "tests",
      "path": "apps/office/src/svl/source/items/itemset.test.ts",
      "side": "local"
    },
    {
      "kind": "tests",
      "path": "apps/office/src/sw/source/core/doc/writer-attributes.test.ts",
      "side": "local"
    },
    {
      "kind": "tests",
      "path": "apps/office/src/sw/inc/poolfmt.test.ts",
      "side": "local"
    },
    {
      "kind": "tests",
      "path": "apps/office/src/editeng/source/items/textitem.test.ts",
      "side": "local"
    },
    {
      "kind": "tests",
      "path": "apps/office/src/sw/source/core/doc/writer-attributes.test.ts",
      "side": "local"
    },
    {
      "kind": "docs",
      "path": "docs/program/writer-core-model.md",
      "side": "local"
    },
    {
      "kind": "docs",
      "path": "docs/program/source-tree.md",
      "side": "local"
    },
    {
      "kind": "docs",
      "path": "docs/program/architecture.md",
      "side": "local"
    },
    {
      "kind": "implementation",
      "path": "svl/source/items/itemset.cxx",
      "side": "upstream"
    },
    {
      "kind": "implementation",
      "path": "svl/source/items/itempool.cxx",
      "side": "upstream"
    },
    {
      "kind": "implementation",
      "path": "editeng/source/items/textitem.cxx",
      "side": "upstream"
    },
    {
      "kind": "implementation",
      "path": "sw/source/core/attr/swatrset.cxx",
      "side": "upstream"
    },
    {
      "kind": "implementation",
      "path": "sw/source/core/attr/format.cxx",
      "side": "upstream"
    },
    {
      "kind": "implementation",
      "path": "sw/source/core/doc/fmtcol.cxx",
      "side": "upstream"
    },
    {
      "kind": "implementation",
      "path": "sw/source/core/doc/DocumentStylePoolManager.cxx",
      "side": "upstream"
    },
    {
      "kind": "implementation",
      "path": "sw/source/core/doc/poolfmt.cxx",
      "side": "upstream"
    },
    {
      "kind": "implementation",
      "path": "sw/source/core/docnode/node.cxx",
      "side": "upstream"
    },
    {
      "kind": "implementation",
      "path": "sw/source/core/para/paratr.cxx",
      "side": "upstream"
    },
    {
      "kind": "tests",
      "path": "sw/qa/core/attr/attr.cxx",
      "side": "upstream"
    },
    {
      "kind": "tests",
      "path": "sw/qa/core/doc/number.cxx",
      "side": "upstream"
    },
    {
      "kind": "docs",
      "path": "sw/README.md",
      "side": "upstream"
    },
    {
      "kind": "tests",
      "path": "apps/office/src/svl/source/items/itemset.test.ts",
      "side": "local"
    },
    {
      "kind": "tests",
      "path": "sw/qa/core/attr/attr.cxx",
      "side": "upstream"
    },
    {
      "kind": "implementation",
      "path": "apps/office/src/package/source/zipapi/CRC32.ts",
      "side": "local"
    },
    {
      "kind": "implementation",
      "path": "apps/office/src/package/source/zipapi/ZipFile.ts",
      "side": "local"
    },
    {
      "kind": "implementation",
      "path": "apps/office/src/package/source/zipapi/ZipOutputStream.ts",
      "side": "local"
    },
    {
      "kind": "implementation",
      "path": "apps/office/src/package/source/manifest/ManifestExport.ts",
      "side": "local"
    },
    {
      "kind": "implementation",
      "path": "apps/office/src/xmloff/source/core/xmlimp.ts",
      "side": "local"
    },
    {
      "kind": "implementation",
      "path": "apps/office/src/xmloff/source/core/xmltoken.ts",
      "side": "local"
    },
    {
      "kind": "implementation",
      "path": "apps/office/src/xmloff/source/style/XMLFontAutoStylePool.ts",
      "side": "local"
    },
    {
      "kind": "implementation",
      "path": "apps/office/src/xmloff/source/style/XMLFontStylesContext.ts",
      "side": "local"
    },
    {
      "kind": "implementation",
      "path": "apps/office/src/xmloff/source/style/xmlstyle.ts",
      "side": "local"
    },
    {
      "kind": "implementation",
      "path": "apps/office/src/xmloff/source/text/txtparae.ts",
      "side": "local"
    },
    {
      "kind": "implementation",
      "path": "apps/office/src/xmloff/source/text/txtparai.ts",
      "side": "local"
    },
    {
      "kind": "implementation",
      "path": "apps/office/src/sw/source/filter/xml/xmlexp.ts",
      "side": "local"
    },
    {
      "kind": "implementation",
      "path": "apps/office/src/sw/source/filter/xml/xmlfonte.ts",
      "side": "local"
    },
    {
      "kind": "implementation",
      "path": "apps/office/src/sw/source/filter/xml/xmlimp.ts",
      "side": "local"
    },
    {
      "kind": "implementation",
      "path": "apps/office/src/sw/source/filter/xml/wrtxml.ts",
      "side": "local"
    },
    {
      "kind": "implementation",
      "path": "apps/office/src/sw/source/filter/xml/swxml.ts",
      "side": "local"
    },
    {
      "kind": "implementation",
      "path": "apps/office/src/sw/source/filter/xml/odt-filter-service.ts",
      "side": "local"
    },
    {
      "kind": "implementation",
      "path": "apps/office/src/sw/browser/filter/xml/odt-worker-client.ts",
      "side": "local"
    },
    {
      "kind": "implementation",
      "path": "apps/office/src/sw/browser/filter/xml/odt-worker-runtime.ts",
      "side": "local"
    },
    {
      "kind": "implementation",
      "path": "apps/office/src/sw/browser/filter/xml/odt-worker.ts",
      "side": "local"
    },
    {
      "kind": "implementation",
      "path": "apps/office/src/framework/browser/workers/worker-protocol.ts",
      "side": "local"
    },
    {
      "kind": "implementation",
      "path": "apps/office/src/sw/source/uibase/app/docsh.ts",
      "side": "local"
    },
    {
      "kind": "implementation",
      "path": "apps/office/src/vcl/browser/browser-file.ts",
      "side": "local"
    },
    {
      "kind": "implementation",
      "path": "apps/office/src/vcl/browser/browser-download.ts",
      "side": "local"
    },
    {
      "kind": "implementation",
      "path": "apps/office/src/sw/browser/workflows/writer-workflows.ts",
      "side": "local"
    },
    {
      "kind": "implementation",
      "path": "apps/office/src/framework/browser/presentation/CommandMenuBar.tsx",
      "side": "local"
    },
    {
      "kind": "implementation",
      "path": "apps/office/src/sw/browser/presentation/WriterCommandToolbar.tsx",
      "side": "local"
    },
    {
      "kind": "tests",
      "path": "apps/office/src/package/source/zipapi/CRC32.test.ts",
      "side": "local"
    },
    {
      "kind": "tests",
      "path": "apps/office/src/package/source/zipapi/ZipFile.test.ts",
      "side": "local"
    },
    {
      "kind": "tests",
      "path": "apps/office/src/package/source/manifest/ManifestExport.test.ts",
      "side": "local"
    },
    {
      "kind": "tests",
      "path": "apps/office/src/xmloff/source/text/txtpara.test.ts",
      "side": "local"
    },
    {
      "kind": "tests",
      "path": "apps/office/src/sax/source/fastparser/fastparser.test.ts",
      "side": "local"
    },
    {
      "kind": "tests",
      "path": "apps/office/src/sw/source/filter/xml/odt-roundtrip.test.ts",
      "side": "local"
    },
    {
      "kind": "tests",
      "path": "apps/office/src/sw/source/filter/xml/odt-filter-service.test.ts",
      "side": "local"
    },
    {
      "kind": "tests",
      "path": "apps/office/src/sw/source/filter/xml/odt-worker-client.test.ts",
      "side": "local"
    },
    {
      "kind": "tests",
      "path": "apps/office/src/sw/source/filter/xml/odt-worker-runtime.test.ts",
      "side": "local"
    },
    {
      "kind": "tests",
      "path": "scripts/libreoffice-inventory/odt-upstream-fixtures.test.ts",
      "side": "local"
    },
    {
      "kind": "tests",
      "path": "apps/office/src/sw/source/uibase/app/docsh.test.ts",
      "side": "local"
    },
    {
      "kind": "tests",
      "path": "apps/office/src/vcl/browser/browser-file.test.ts",
      "side": "local"
    },
    {
      "kind": "tests",
      "path": "apps/office/src/framework/browser/app/desktop.test.tsx",
      "side": "local"
    },
    {
      "kind": "tests",
      "path": "apps/office/e2e/writer-odt-file.spec.ts",
      "side": "local"
    },
    {
      "kind": "docs",
      "path": "docs/program/writer-odt-format.md",
      "side": "local"
    },
    {
      "kind": "docs",
      "path": "docs/program/architecture.md",
      "side": "local"
    },
    {
      "kind": "docs",
      "path": "docs/program/source-tree.md",
      "side": "local"
    },
    {
      "kind": "docs",
      "path": "docs/program/worker-cancellation-protocol.md",
      "side": "local"
    },
    {
      "kind": "implementation",
      "path": "package/source/zipapi/CRC32.cxx",
      "side": "upstream"
    },
    {
      "kind": "implementation",
      "path": "package/source/zipapi/ZipFile.cxx",
      "side": "upstream"
    },
    {
      "kind": "implementation",
      "path": "package/source/zipapi/ZipOutputStream.cxx",
      "side": "upstream"
    },
    {
      "kind": "implementation",
      "path": "package/source/manifest/ManifestExport.cxx",
      "side": "upstream"
    },
    {
      "kind": "implementation",
      "path": "xmloff/source/text/txtparae.cxx",
      "side": "upstream"
    },
    {
      "kind": "implementation",
      "path": "xmloff/source/text/txtparai.cxx",
      "side": "upstream"
    },
    {
      "kind": "implementation",
      "path": "sax/source/fastparser/fastparser.cxx",
      "side": "upstream"
    },
    {
      "kind": "implementation",
      "path": "sw/source/filter/xml/wrtxml.cxx",
      "side": "upstream"
    },
    {
      "kind": "implementation",
      "path": "sw/source/filter/xml/swxml.cxx",
      "side": "upstream"
    },
    {
      "kind": "implementation",
      "path": "sw/source/filter/xml/swxml.cxx",
      "side": "upstream"
    },
    {
      "kind": "implementation",
      "path": "sw/source/uibase/app/docsh.cxx",
      "side": "upstream"
    },
    {
      "kind": "implementation",
      "path": "sw/source/uibase/app/docshini.cxx",
      "side": "upstream"
    },
    {
      "kind": "tests",
      "path": "sw/qa/extras/odfimport/odffeatures.cxx",
      "side": "upstream"
    },
    {
      "kind": "tests",
      "path": "sw/qa/extras/odfimport/odffeatures.cxx",
      "side": "upstream"
    },
    {
      "kind": "tests",
      "path": "sw/qa/extras/odfimport/odffeatures.cxx",
      "side": "upstream"
    },
    {
      "kind": "docs",
      "path": "helpcontent2/source/text/shared/00/00000021.xhp",
      "side": "upstream"
    },
    {
      "kind": "docs",
      "path": "helpcontent2/source/text/shared/00/00000021.xhp",
      "side": "upstream"
    },
    {
      "kind": "docs",
      "path": "helpcontent2/source/text/shared/guide/convertfilters.xhp",
      "side": "upstream"
    },
    {
      "kind": "tests",
      "path": "scripts/libreoffice-inventory/odt-upstream-fixtures.test.ts",
      "side": "local"
    },
    {
      "kind": "tests",
      "path": "sw/qa/extras/odfimport/odffeatures.cxx",
      "side": "upstream"
    },
    {
      "kind": "implementation",
      "path": "apps/office/src/sfx2/source/doc/objsh.ts",
      "side": "local"
    },
    {
      "kind": "implementation",
      "path": "apps/office/src/sw/browser/workflows/writer-odt-io.ts",
      "side": "local"
    },
    {
      "kind": "tests",
      "path": "apps/office/src/sfx2/source/doc/objsh.test.ts",
      "side": "local"
    },
    {
      "kind": "tests",
      "path": "apps/office/src/framework/browser/app/desktop.test.tsx",
      "side": "local"
    },
    {
      "kind": "tests",
      "path": "apps/office/src/sw/source/core/undo/undobj.test.ts",
      "side": "local"
    },
    {
      "kind": "docs",
      "path": "docs/program/document-lifecycle.md",
      "side": "local"
    },
    {
      "kind": "docs",
      "path": "docs/program/transaction-history.md",
      "side": "local"
    },
    {
      "kind": "implementation",
      "path": "sfx2/source/doc/objmisc.cxx",
      "side": "upstream"
    },
    {
      "kind": "implementation",
      "path": "sfx2/source/doc/objstor.cxx",
      "side": "upstream"
    },
    {
      "kind": "implementation",
      "path": "sfx2/source/doc/sfxbasemodel.cxx",
      "side": "upstream"
    },
    {
      "kind": "implementation",
      "path": "sw/source/core/undo/docundo.cxx",
      "side": "upstream"
    },
    {
      "kind": "tests",
      "path": "sw/qa/core/undo/undo.cxx",
      "side": "upstream"
    },
    {
      "kind": "tests",
      "path": "sw/qa/python/check_xmodifiable2.py",
      "side": "upstream"
    },
    {
      "kind": "docs",
      "path": "offapi/com/sun/star/util/XModifiable.idl",
      "side": "upstream"
    },
    {
      "kind": "docs",
      "path": "offapi/com/sun/star/document/XDocumentRecovery.idl",
      "side": "upstream"
    },
    {
      "kind": "tests",
      "path": "apps/office/src/sfx2/source/doc/objsh.test.ts",
      "side": "local"
    },
    {
      "kind": "tests",
      "path": "sw/qa/core/undo/undo.cxx",
      "side": "upstream"
    },
    {
      "kind": "implementation",
      "path": "apps/office/src/framework/browser/presentation/CommandMenuBar.tsx",
      "side": "local"
    },
    {
      "kind": "implementation",
      "path": "apps/office/src/sw/browser/presentation/WriterCommandToolbar.tsx",
      "side": "local"
    },
    {
      "kind": "implementation",
      "path": "apps/office/src/sw/uiconfig/swriter/menubar/menubar-commands.ts",
      "side": "local"
    },
    {
      "kind": "tests",
      "path": "apps/office/src/sw/browser/presentation/WriterMenuBar.test.tsx",
      "side": "local"
    },
    {
      "kind": "tests",
      "path": "apps/office/e2e/foundation.spec.ts",
      "side": "local"
    },
    {
      "kind": "docs",
      "path": "docs/program/writer-command-placement.md",
      "side": "local"
    },
    {
      "kind": "docs",
      "path": "docs/program/writer-ui-shell.md",
      "side": "local"
    },
    {
      "kind": "implementation",
      "path": "sw/uiconfig/swriter/menubar/menubar.xml",
      "side": "upstream"
    },
    {
      "kind": "implementation",
      "path": "sw/uiconfig/swriter/toolbar/standardbar.xml",
      "side": "upstream"
    },
    {
      "kind": "tests",
      "path": "sw/qa/extras/tiledrendering/tiledrendering.cxx",
      "side": "upstream"
    },
    {
      "kind": "docs",
      "path": "helpcontent2/source/text/swriter/01/04060100.xhp",
      "side": "upstream"
    },
    {
      "kind": "tests",
      "path": "apps/office/src/sw/browser/presentation/WriterMenuBar.test.tsx",
      "side": "local"
    },
    {
      "kind": "tests",
      "path": "sw/qa/extras/tiledrendering/tiledrendering.cxx",
      "side": "upstream"
    },
    {
      "kind": "implementation",
      "path": "apps/office/src/framework/browser/presentation/CommandMenuBar.tsx",
      "side": "local"
    },
    {
      "kind": "implementation",
      "path": "apps/office/src/sw/browser/presentation/WriterCommandToolbar.tsx",
      "side": "local"
    },
    {
      "kind": "implementation",
      "path": "apps/office/src/sw/uiconfig/swriter/menubar/menubar-commands.ts",
      "side": "local"
    },
    {
      "kind": "tests",
      "path": "apps/office/src/sw/browser/presentation/WriterMenuBar.test.tsx",
      "side": "local"
    },
    {
      "kind": "tests",
      "path": "apps/office/e2e/foundation.spec.ts",
      "side": "local"
    },
    {
      "kind": "docs",
      "path": "docs/program/writer-command-placement.md",
      "side": "local"
    },
    {
      "kind": "docs",
      "path": "docs/program/writer-ui-shell.md",
      "side": "local"
    },
    {
      "kind": "implementation",
      "path": "sw/uiconfig/swriter/menubar/menubar.xml",
      "side": "upstream"
    },
    {
      "kind": "implementation",
      "path": "sw/uiconfig/swriter/toolbar/standardbar.xml",
      "side": "upstream"
    },
    {
      "kind": "tests",
      "path": "sw/qa/extras/tiledrendering/tiledrendering.cxx",
      "side": "upstream"
    },
    {
      "kind": "docs",
      "path": "helpcontent2/source/text/swriter/01/04060100.xhp",
      "side": "upstream"
    },
    {
      "kind": "tests",
      "path": "apps/office/src/sw/browser/presentation/WriterMenuBar.test.tsx",
      "side": "local"
    },
    {
      "kind": "tests",
      "path": "sw/qa/extras/tiledrendering/tiledrendering.cxx",
      "side": "upstream"
    },
    {
      "kind": "implementation",
      "path": "apps/office/src/vcl/browser/browser-clipboard.ts",
      "side": "local"
    },
    {
      "kind": "implementation",
      "path": "apps/office/src/sw/browser/workflows/writer-workflows.ts",
      "side": "local"
    },
    {
      "kind": "implementation",
      "path": "apps/office/src/sw/source/uibase/dochdl/swdtflvr.ts",
      "side": "local"
    },
    {
      "kind": "implementation",
      "path": "apps/office/src/sw/browser/editor/writer-selection.ts",
      "side": "local"
    },
    {
      "kind": "tests",
      "path": "apps/office/src/sw/browser/presentation/WriterMenuBar.test.tsx",
      "side": "local"
    },
    {
      "kind": "tests",
      "path": "apps/office/src/sw/browser/editor/WriterPlainTextEditor.test.tsx",
      "side": "local"
    },
    {
      "kind": "tests",
      "path": "apps/office/src/sw/source/uibase/dochdl/swdtflvr.test.ts",
      "side": "local"
    },
    {
      "kind": "tests",
      "path": "apps/office/e2e/writer-clipboard.spec.ts",
      "side": "local"
    },
    {
      "kind": "tests",
      "path": "apps/office/e2e/writer-document-selection.spec.ts",
      "side": "local"
    },
    {
      "kind": "tests",
      "path": "apps/office/e2e/foundation.spec.ts",
      "side": "local"
    },
    {
      "kind": "docs",
      "path": "docs/program/writer-clipboard.md",
      "side": "local"
    },
    {
      "kind": "docs",
      "path": "docs/program/writer-command-placement.md",
      "side": "local"
    },
    {
      "kind": "implementation",
      "path": "sw/uiconfig/swriter/menubar/menubar.xml",
      "side": "upstream"
    },
    {
      "kind": "implementation",
      "path": "sw/uiconfig/swriter/toolbar/standardbar.xml",
      "side": "upstream"
    },
    {
      "kind": "tests",
      "path": "sw/qa/extras/uiwriter/uiwriter6.cxx",
      "side": "upstream"
    },
    {
      "kind": "docs",
      "path": "helpcontent2/source/text/swriter/01/select_text.xhp",
      "side": "upstream"
    },
    {
      "kind": "tests",
      "path": "apps/office/src/sw/browser/presentation/WriterMenuBar.test.tsx",
      "side": "local"
    },
    {
      "kind": "tests",
      "path": "sw/qa/extras/uiwriter/uiwriter6.cxx",
      "side": "upstream"
    },
    {
      "kind": "implementation",
      "path": "apps/office/src/vcl/browser/browser-clipboard.ts",
      "side": "local"
    },
    {
      "kind": "implementation",
      "path": "apps/office/src/sw/browser/workflows/writer-workflows.ts",
      "side": "local"
    },
    {
      "kind": "implementation",
      "path": "apps/office/src/sw/source/uibase/dochdl/swdtflvr.ts",
      "side": "local"
    },
    {
      "kind": "implementation",
      "path": "apps/office/src/sw/browser/editor/writer-selection.ts",
      "side": "local"
    },
    {
      "kind": "tests",
      "path": "apps/office/src/sw/browser/presentation/WriterMenuBar.test.tsx",
      "side": "local"
    },
    {
      "kind": "tests",
      "path": "apps/office/src/sw/browser/editor/WriterPlainTextEditor.test.tsx",
      "side": "local"
    },
    {
      "kind": "tests",
      "path": "apps/office/src/sw/source/uibase/dochdl/swdtflvr.test.ts",
      "side": "local"
    },
    {
      "kind": "tests",
      "path": "apps/office/e2e/writer-clipboard.spec.ts",
      "side": "local"
    },
    {
      "kind": "tests",
      "path": "apps/office/e2e/writer-document-selection.spec.ts",
      "side": "local"
    },
    {
      "kind": "tests",
      "path": "apps/office/e2e/foundation.spec.ts",
      "side": "local"
    },
    {
      "kind": "docs",
      "path": "docs/program/writer-clipboard.md",
      "side": "local"
    },
    {
      "kind": "docs",
      "path": "docs/program/writer-command-placement.md",
      "side": "local"
    },
    {
      "kind": "implementation",
      "path": "sw/uiconfig/swriter/menubar/menubar.xml",
      "side": "upstream"
    },
    {
      "kind": "implementation",
      "path": "sw/uiconfig/swriter/toolbar/standardbar.xml",
      "side": "upstream"
    },
    {
      "kind": "tests",
      "path": "sw/qa/extras/uiwriter/uiwriter6.cxx",
      "side": "upstream"
    },
    {
      "kind": "docs",
      "path": "helpcontent2/source/text/swriter/01/select_text.xhp",
      "side": "upstream"
    },
    {
      "kind": "tests",
      "path": "apps/office/src/sw/browser/presentation/WriterMenuBar.test.tsx",
      "side": "local"
    },
    {
      "kind": "tests",
      "path": "sw/qa/extras/uiwriter/uiwriter6.cxx",
      "side": "upstream"
    },
    {
      "kind": "implementation",
      "path": "apps/office/src/sw/source/core/txtnode/ndtxt.ts",
      "side": "local"
    },
    {
      "kind": "implementation",
      "path": "apps/office/src/sw/source/core/txtnode/ndhints.ts",
      "side": "local"
    },
    {
      "kind": "implementation",
      "path": "apps/office/src/sw/source/core/txtnode/txatbase.ts",
      "side": "local"
    },
    {
      "kind": "implementation",
      "path": "apps/office/src/sw/source/uibase/wrtsh/wrtsh1.ts",
      "side": "local"
    },
    {
      "kind": "implementation",
      "path": "apps/office/src/sw/browser/editor/writer-selection.ts",
      "side": "local"
    },
    {
      "kind": "implementation",
      "path": "apps/office/src/sw/browser/editor/WriterEditableParagraph.tsx",
      "side": "local"
    },
    {
      "kind": "implementation",
      "path": "apps/office/src/sw/source/uibase/dochdl/swdtflvr.ts",
      "side": "local"
    },
    {
      "kind": "implementation",
      "path": "apps/office/src/framework/browser/presentation/CommandMenuBar.tsx",
      "side": "local"
    },
    {
      "kind": "implementation",
      "path": "apps/office/src/sw/browser/presentation/WriterFormattingToolbar.tsx",
      "side": "local"
    },
    {
      "kind": "tests",
      "path": "apps/office/src/sw/source/core/txtnode/ndtxt.test.ts",
      "side": "local"
    },
    {
      "kind": "tests",
      "path": "apps/office/src/sw/source/uibase/wrtsh/wrtsh1.test.ts",
      "side": "local"
    },
    {
      "kind": "tests",
      "path": "apps/office/src/sw/browser/editor/writer-selection.test.ts",
      "side": "local"
    },
    {
      "kind": "tests",
      "path": "apps/office/src/sw/source/uibase/dochdl/swdtflvr.test.ts",
      "side": "local"
    },
    {
      "kind": "tests",
      "path": "apps/office/src/framework/browser/app/desktop.test.tsx",
      "side": "local"
    },
    {
      "kind": "tests",
      "path": "apps/office/e2e/writer-character-formatting.spec.ts",
      "side": "local"
    },
    {
      "kind": "docs",
      "path": "docs/program/writer-character-formatting.md",
      "side": "local"
    },
    {
      "kind": "docs",
      "path": "docs/program/writer-command-placement.md",
      "side": "local"
    },
    {
      "kind": "docs",
      "path": "docs/program/writer-clipboard.md",
      "side": "local"
    },
    {
      "kind": "docs",
      "path": "docs/program/source-tree.md",
      "side": "local"
    },
    {
      "kind": "implementation",
      "path": "sw/source/uibase/shells/txtattr.cxx",
      "side": "upstream"
    },
    {
      "kind": "implementation",
      "path": "sw/source/core/txtnode/ndtxt.cxx",
      "side": "upstream"
    },
    {
      "kind": "implementation",
      "path": "sw/uiconfig/swriter/menubar/menubar.xml",
      "side": "upstream"
    },
    {
      "kind": "implementation",
      "path": "sw/uiconfig/swriter/toolbar/textobjectbar.xml",
      "side": "upstream"
    },
    {
      "kind": "tests",
      "path": "sw/qa/extras/tiledrendering/tiledrendering.cxx",
      "side": "upstream"
    },
    {
      "kind": "tests",
      "path": "sw/qa/uitest/writer_tests2/formatCharacter.py",
      "side": "upstream"
    },
    {
      "kind": "docs",
      "path": "helpcontent2/source/text/swriter/04/01020000.xhp",
      "side": "upstream"
    },
    {
      "kind": "docs",
      "path": "helpcontent2/source/text/swriter/guide/shortcut_writing.xhp",
      "side": "upstream"
    },
    {
      "kind": "tests",
      "path": "apps/office/src/sw/source/core/txtnode/ndtxt.test.ts",
      "side": "local"
    },
    {
      "kind": "tests",
      "path": "sw/qa/extras/tiledrendering/tiledrendering.cxx",
      "side": "upstream"
    },
    {
      "kind": "implementation",
      "path": "apps/office/src/sw/source/uibase/wrtsh/wrtsh1.ts",
      "side": "local"
    },
    {
      "kind": "implementation",
      "path": "apps/office/src/sw/browser/filter/html/swhtml.ts",
      "side": "local"
    },
    {
      "kind": "implementation",
      "path": "apps/office/src/sw/browser/workflows/writer-workflows.ts",
      "side": "local"
    },
    {
      "kind": "implementation",
      "path": "apps/office/src/sw/browser/editor/writer-clipboard-events.ts",
      "side": "local"
    },
    {
      "kind": "implementation",
      "path": "apps/office/src/framework/browser/presentation/CommandMenuBar.tsx",
      "side": "local"
    },
    {
      "kind": "implementation",
      "path": "apps/office/src/sw/browser/presentation/WriterCommandToolbar.tsx",
      "side": "local"
    },
    {
      "kind": "tests",
      "path": "apps/office/src/sw/source/uibase/wrtsh/wrtsh1.test.ts",
      "side": "local"
    },
    {
      "kind": "tests",
      "path": "apps/office/src/sw/source/filter/html/swhtml.test.ts",
      "side": "local"
    },
    {
      "kind": "tests",
      "path": "apps/office/src/sw/browser/editor/WriterPlainTextEditor.test.tsx",
      "side": "local"
    },
    {
      "kind": "tests",
      "path": "apps/office/src/vcl/browser/browser-clipboard.test.ts",
      "side": "local"
    },
    {
      "kind": "tests",
      "path": "apps/office/e2e/writer-cut-paste.spec.ts",
      "side": "local"
    },
    {
      "kind": "docs",
      "path": "docs/program/writer-clipboard.md",
      "side": "local"
    },
    {
      "kind": "docs",
      "path": "docs/program/writer-command-placement.md",
      "side": "local"
    },
    {
      "kind": "docs",
      "path": "docs/program/source-tree.md",
      "side": "local"
    },
    {
      "kind": "implementation",
      "path": "sw/source/uibase/dochdl/swdtflvr.cxx",
      "side": "upstream"
    },
    {
      "kind": "implementation",
      "path": "sw/source/uibase/dochdl/swdtflvr.cxx",
      "side": "upstream"
    },
    {
      "kind": "implementation",
      "path": "sw/source/core/doc/DocumentContentOperationsManager.cxx",
      "side": "upstream"
    },
    {
      "kind": "implementation",
      "path": "sw/uiconfig/swriter/menubar/menubar.xml",
      "side": "upstream"
    },
    {
      "kind": "implementation",
      "path": "sw/uiconfig/swriter/toolbar/standardbar.xml",
      "side": "upstream"
    },
    {
      "kind": "tests",
      "path": "sw/qa/extras/uiwriter/uiwriter8.cxx",
      "side": "upstream"
    },
    {
      "kind": "tests",
      "path": "sw/qa/uitest/writer_tests2/tdf133299.py",
      "side": "upstream"
    },
    {
      "kind": "docs",
      "path": "helpcontent2/source/text/shared/01/02040000.xhp",
      "side": "upstream"
    },
    {
      "kind": "docs",
      "path": "helpcontent2/source/text/shared/01/02060000.xhp",
      "side": "upstream"
    },
    {
      "kind": "tests",
      "path": "apps/office/src/sw/source/uibase/wrtsh/wrtsh1.test.ts",
      "side": "local"
    },
    {
      "kind": "tests",
      "path": "sw/qa/extras/uiwriter/uiwriter8.cxx",
      "side": "upstream"
    },
    {
      "kind": "implementation",
      "path": "apps/office/src/package/source/zipapi/CRC32.ts",
      "side": "local"
    },
    {
      "kind": "implementation",
      "path": "apps/office/src/package/source/zipapi/ZipFile.ts",
      "side": "local"
    },
    {
      "kind": "implementation",
      "path": "apps/office/src/package/source/zipapi/ZipOutputStream.ts",
      "side": "local"
    },
    {
      "kind": "implementation",
      "path": "apps/office/src/package/source/manifest/ManifestExport.ts",
      "side": "local"
    },
    {
      "kind": "implementation",
      "path": "apps/office/src/xmloff/source/core/xmlimp.ts",
      "side": "local"
    },
    {
      "kind": "implementation",
      "path": "apps/office/src/xmloff/source/core/xmltoken.ts",
      "side": "local"
    },
    {
      "kind": "implementation",
      "path": "apps/office/src/xmloff/source/style/xmlstyle.ts",
      "side": "local"
    },
    {
      "kind": "implementation",
      "path": "apps/office/src/xmloff/source/text/txtparae.ts",
      "side": "local"
    },
    {
      "kind": "implementation",
      "path": "apps/office/src/xmloff/source/text/txtparai.ts",
      "side": "local"
    },
    {
      "kind": "implementation",
      "path": "apps/office/src/sw/source/filter/xml/xmlexp.ts",
      "side": "local"
    },
    {
      "kind": "implementation",
      "path": "apps/office/src/sw/source/filter/xml/xmlimp.ts",
      "side": "local"
    },
    {
      "kind": "implementation",
      "path": "apps/office/src/sw/source/filter/xml/wrtxml.ts",
      "side": "local"
    },
    {
      "kind": "implementation",
      "path": "apps/office/src/sw/source/filter/xml/swxml.ts",
      "side": "local"
    },
    {
      "kind": "implementation",
      "path": "apps/office/src/sw/source/filter/xml/odt-filter-service.ts",
      "side": "local"
    },
    {
      "kind": "implementation",
      "path": "apps/office/src/sw/browser/filter/xml/odt-worker-client.ts",
      "side": "local"
    },
    {
      "kind": "implementation",
      "path": "apps/office/src/sw/browser/filter/xml/odt-worker-runtime.ts",
      "side": "local"
    },
    {
      "kind": "implementation",
      "path": "apps/office/src/sw/browser/filter/xml/odt-worker.ts",
      "side": "local"
    },
    {
      "kind": "implementation",
      "path": "apps/office/src/framework/browser/workers/worker-protocol.ts",
      "side": "local"
    },
    {
      "kind": "implementation",
      "path": "apps/office/src/sw/source/uibase/app/docsh.ts",
      "side": "local"
    },
    {
      "kind": "implementation",
      "path": "apps/office/src/vcl/browser/browser-file.ts",
      "side": "local"
    },
    {
      "kind": "implementation",
      "path": "apps/office/src/vcl/browser/browser-download.ts",
      "side": "local"
    },
    {
      "kind": "implementation",
      "path": "apps/office/src/sw/browser/workflows/writer-workflows.ts",
      "side": "local"
    },
    {
      "kind": "implementation",
      "path": "apps/office/src/framework/browser/presentation/CommandMenuBar.tsx",
      "side": "local"
    },
    {
      "kind": "implementation",
      "path": "apps/office/src/sw/browser/presentation/WriterCommandToolbar.tsx",
      "side": "local"
    },
    {
      "kind": "tests",
      "path": "apps/office/src/package/source/zipapi/CRC32.test.ts",
      "side": "local"
    },
    {
      "kind": "tests",
      "path": "apps/office/src/package/source/zipapi/ZipFile.test.ts",
      "side": "local"
    },
    {
      "kind": "tests",
      "path": "apps/office/src/package/source/manifest/ManifestExport.test.ts",
      "side": "local"
    },
    {
      "kind": "tests",
      "path": "apps/office/src/xmloff/source/text/txtpara.test.ts",
      "side": "local"
    },
    {
      "kind": "tests",
      "path": "apps/office/src/sax/source/fastparser/fastparser.test.ts",
      "side": "local"
    },
    {
      "kind": "tests",
      "path": "apps/office/src/sw/source/filter/xml/odt-roundtrip.test.ts",
      "side": "local"
    },
    {
      "kind": "tests",
      "path": "apps/office/src/sw/source/filter/xml/odt-filter-service.test.ts",
      "side": "local"
    },
    {
      "kind": "tests",
      "path": "apps/office/src/sw/source/filter/xml/odt-worker-client.test.ts",
      "side": "local"
    },
    {
      "kind": "tests",
      "path": "apps/office/src/sw/source/filter/xml/odt-worker-runtime.test.ts",
      "side": "local"
    },
    {
      "kind": "tests",
      "path": "scripts/libreoffice-inventory/odt-upstream-fixtures.test.ts",
      "side": "local"
    },
    {
      "kind": "tests",
      "path": "apps/office/src/sw/source/uibase/app/docsh.test.ts",
      "side": "local"
    },
    {
      "kind": "tests",
      "path": "apps/office/src/vcl/browser/browser-file.test.ts",
      "side": "local"
    },
    {
      "kind": "tests",
      "path": "apps/office/src/framework/browser/app/desktop.test.tsx",
      "side": "local"
    },
    {
      "kind": "tests",
      "path": "apps/office/e2e/writer-odt-file.spec.ts",
      "side": "local"
    },
    {
      "kind": "docs",
      "path": "docs/program/writer-odt-format.md",
      "side": "local"
    },
    {
      "kind": "docs",
      "path": "docs/program/architecture.md",
      "side": "local"
    },
    {
      "kind": "docs",
      "path": "docs/program/source-tree.md",
      "side": "local"
    },
    {
      "kind": "docs",
      "path": "docs/program/worker-cancellation-protocol.md",
      "side": "local"
    },
    {
      "kind": "implementation",
      "path": "package/source/zipapi/CRC32.cxx",
      "side": "upstream"
    },
    {
      "kind": "implementation",
      "path": "package/source/zipapi/ZipFile.cxx",
      "side": "upstream"
    },
    {
      "kind": "implementation",
      "path": "package/source/zipapi/ZipOutputStream.cxx",
      "side": "upstream"
    },
    {
      "kind": "implementation",
      "path": "package/source/manifest/ManifestExport.cxx",
      "side": "upstream"
    },
    {
      "kind": "implementation",
      "path": "xmloff/source/text/txtparae.cxx",
      "side": "upstream"
    },
    {
      "kind": "implementation",
      "path": "xmloff/source/text/txtparai.cxx",
      "side": "upstream"
    },
    {
      "kind": "implementation",
      "path": "sax/source/fastparser/fastparser.cxx",
      "side": "upstream"
    },
    {
      "kind": "implementation",
      "path": "sw/source/filter/xml/wrtxml.cxx",
      "side": "upstream"
    },
    {
      "kind": "implementation",
      "path": "sw/source/filter/xml/swxml.cxx",
      "side": "upstream"
    },
    {
      "kind": "implementation",
      "path": "sw/source/filter/xml/swxml.cxx",
      "side": "upstream"
    },
    {
      "kind": "implementation",
      "path": "sw/source/uibase/app/docsh.cxx",
      "side": "upstream"
    },
    {
      "kind": "implementation",
      "path": "sw/source/uibase/app/docshini.cxx",
      "side": "upstream"
    },
    {
      "kind": "tests",
      "path": "sw/qa/extras/odfimport/odffeatures.cxx",
      "side": "upstream"
    },
    {
      "kind": "tests",
      "path": "sw/qa/extras/odfimport/odffeatures.cxx",
      "side": "upstream"
    },
    {
      "kind": "tests",
      "path": "sw/qa/extras/odfimport/odffeatures.cxx",
      "side": "upstream"
    },
    {
      "kind": "docs",
      "path": "helpcontent2/source/text/shared/00/00000021.xhp",
      "side": "upstream"
    },
    {
      "kind": "docs",
      "path": "helpcontent2/source/text/shared/00/00000021.xhp",
      "side": "upstream"
    },
    {
      "kind": "docs",
      "path": "helpcontent2/source/text/shared/guide/convertfilters.xhp",
      "side": "upstream"
    },
    {
      "kind": "tests",
      "path": "apps/office/src/package/source/zipapi/CRC32.test.ts",
      "side": "local"
    },
    {
      "kind": "tests",
      "path": "sw/qa/extras/odfimport/odffeatures.cxx",
      "side": "upstream"
    },
    {
      "kind": "docs",
      "path": "docs/program/autosave-recovery.md",
      "side": "local"
    },
    {
      "kind": "implementation",
      "path": "sfx2/source/doc/objmisc.cxx",
      "side": "upstream"
    },
    {
      "kind": "implementation",
      "path": "sfx2/source/doc/objstor.cxx",
      "side": "upstream"
    },
    {
      "kind": "implementation",
      "path": "sfx2/source/doc/sfxbasemodel.cxx",
      "side": "upstream"
    },
    {
      "kind": "implementation",
      "path": "sw/source/core/undo/docundo.cxx",
      "side": "upstream"
    },
    {
      "kind": "tests",
      "path": "sw/qa/core/undo/undo.cxx",
      "side": "upstream"
    },
    {
      "kind": "tests",
      "path": "sw/qa/python/check_xmodifiable2.py",
      "side": "upstream"
    },
    {
      "kind": "docs",
      "path": "offapi/com/sun/star/util/XModifiable.idl",
      "side": "upstream"
    },
    {
      "kind": "docs",
      "path": "offapi/com/sun/star/document/XDocumentRecovery.idl",
      "side": "upstream"
    },
    {
      "kind": "implementation",
      "path": "apps/office/src/sw/source/core/doc/doc.ts",
      "side": "local"
    },
    {
      "kind": "implementation",
      "path": "apps/office/src/sw/source/core/docnode/nodes.ts",
      "side": "local"
    },
    {
      "kind": "implementation",
      "path": "apps/office/src/sw/source/core/txtnode/ndtxt.ts",
      "side": "local"
    },
    {
      "kind": "implementation",
      "path": "apps/office/src/sw/source/core/crsr/pam.ts",
      "side": "local"
    },
    {
      "kind": "implementation",
      "path": "apps/office/src/sw/source/core/txtnode/txatbase.ts",
      "side": "local"
    },
    {
      "kind": "implementation",
      "path": "apps/office/src/sw/source/core/txtnode/ndhints.ts",
      "side": "local"
    },
    {
      "kind": "tests",
      "path": "apps/office/src/sw/source/core/doc/writer-model.test.ts",
      "side": "local"
    },
    {
      "kind": "tests",
      "path": "apps/office/src/sw/source/core/doc/writer-model.test.ts",
      "side": "local"
    },
    {
      "kind": "tests",
      "path": "apps/office/src/sw/source/core/doc/writer-model.test.ts",
      "side": "local"
    },
    {
      "kind": "docs",
      "path": "docs/program/writer-core-model.md",
      "side": "local"
    },
    {
      "kind": "docs",
      "path": "docs/program/architecture.md",
      "side": "local"
    },
    {
      "kind": "docs",
      "path": "docs/program/source-tree.md",
      "side": "local"
    },
    {
      "kind": "implementation",
      "path": "sw/source/core/doc/docnew.cxx",
      "side": "upstream"
    },
    {
      "kind": "implementation",
      "path": "sw/source/core/docnode/nodes.cxx",
      "side": "upstream"
    },
    {
      "kind": "implementation",
      "path": "sw/source/core/txtnode/ndtxt.cxx",
      "side": "upstream"
    },
    {
      "kind": "implementation",
      "path": "sw/source/core/crsr/pam.cxx",
      "side": "upstream"
    },
    {
      "kind": "implementation",
      "path": "sw/source/core/txtnode/txatbase.cxx",
      "side": "upstream"
    },
    {
      "kind": "tests",
      "path": "sw/qa/core/uwriter.cxx",
      "side": "upstream"
    },
    {
      "kind": "tests",
      "path": "sw/qa/core/txtnode/txtnode.cxx",
      "side": "upstream"
    },
    {
      "kind": "docs",
      "path": "sw/README.md",
      "side": "upstream"
    },
    {
      "kind": "docs",
      "path": "sw/README.md",
      "side": "upstream"
    },
    {
      "kind": "tests",
      "path": "apps/office/src/sw/source/core/doc/writer-model.test.ts",
      "side": "local"
    },
    {
      "kind": "tests",
      "path": "sw/qa/core/uwriter.cxx",
      "side": "upstream"
    },
    {
      "kind": "implementation",
      "path": "apps/office/src/sw/source/core/doc/doc.ts",
      "side": "local"
    },
    {
      "kind": "implementation",
      "path": "apps/office/src/sw/source/core/docnode/nodes.ts",
      "side": "local"
    },
    {
      "kind": "implementation",
      "path": "apps/office/src/sw/source/core/txtnode/ndtxt.ts",
      "side": "local"
    },
    {
      "kind": "implementation",
      "path": "apps/office/src/sw/source/core/crsr/pam.ts",
      "side": "local"
    },
    {
      "kind": "implementation",
      "path": "apps/office/src/sw/source/core/txtnode/txatbase.ts",
      "side": "local"
    },
    {
      "kind": "implementation",
      "path": "apps/office/src/sw/source/core/txtnode/ndhints.ts",
      "side": "local"
    },
    {
      "kind": "tests",
      "path": "apps/office/src/sw/source/core/doc/writer-model.test.ts",
      "side": "local"
    },
    {
      "kind": "tests",
      "path": "apps/office/src/sw/source/core/doc/writer-model.test.ts",
      "side": "local"
    },
    {
      "kind": "tests",
      "path": "apps/office/src/sw/source/core/doc/writer-model.test.ts",
      "side": "local"
    },
    {
      "kind": "docs",
      "path": "docs/program/writer-core-model.md",
      "side": "local"
    },
    {
      "kind": "docs",
      "path": "docs/program/architecture.md",
      "side": "local"
    },
    {
      "kind": "docs",
      "path": "docs/program/source-tree.md",
      "side": "local"
    },
    {
      "kind": "implementation",
      "path": "sw/source/core/doc/docnew.cxx",
      "side": "upstream"
    },
    {
      "kind": "implementation",
      "path": "sw/source/core/docnode/nodes.cxx",
      "side": "upstream"
    },
    {
      "kind": "implementation",
      "path": "sw/source/core/txtnode/ndtxt.cxx",
      "side": "upstream"
    },
    {
      "kind": "implementation",
      "path": "sw/source/core/crsr/pam.cxx",
      "side": "upstream"
    },
    {
      "kind": "implementation",
      "path": "sw/source/core/txtnode/txatbase.cxx",
      "side": "upstream"
    },
    {
      "kind": "tests",
      "path": "sw/qa/core/uwriter.cxx",
      "side": "upstream"
    },
    {
      "kind": "tests",
      "path": "sw/qa/core/txtnode/txtnode.cxx",
      "side": "upstream"
    },
    {
      "kind": "docs",
      "path": "sw/README.md",
      "side": "upstream"
    },
    {
      "kind": "docs",
      "path": "sw/README.md",
      "side": "upstream"
    },
    {
      "kind": "tests",
      "path": "apps/office/src/sw/source/core/doc/writer-model.test.ts",
      "side": "local"
    },
    {
      "kind": "tests",
      "path": "sw/qa/core/uwriter.cxx",
      "side": "upstream"
    },
    {
      "kind": "implementation",
      "path": "apps/office/src/svl/source/items/itemset.ts",
      "side": "local"
    },
    {
      "kind": "implementation",
      "path": "apps/office/src/editeng/source/items/textitem.ts",
      "side": "local"
    },
    {
      "kind": "implementation",
      "path": "apps/office/src/sw/source/core/attr/swatrset.ts",
      "side": "local"
    },
    {
      "kind": "implementation",
      "path": "apps/office/src/sw/source/core/attr/format.ts",
      "side": "local"
    },
    {
      "kind": "implementation",
      "path": "apps/office/src/sw/source/core/doc/fmtcol.ts",
      "side": "local"
    },
    {
      "kind": "implementation",
      "path": "apps/office/src/sw/source/core/docnode/node.ts",
      "side": "local"
    },
    {
      "kind": "implementation",
      "path": "apps/office/src/sw/source/core/para/paratr.ts",
      "side": "local"
    },
    {
      "kind": "implementation",
      "path": "apps/office/src/sw/source/core/doc/doc.ts",
      "side": "local"
    },
    {
      "kind": "tests",
      "path": "apps/office/src/svl/source/items/itemset.test.ts",
      "side": "local"
    },
    {
      "kind": "tests",
      "path": "apps/office/src/sw/source/core/doc/writer-attributes.test.ts",
      "side": "local"
    },
    {
      "kind": "tests",
      "path": "apps/office/src/editeng/source/items/textitem.test.ts",
      "side": "local"
    },
    {
      "kind": "tests",
      "path": "apps/office/src/sw/source/core/doc/writer-attributes.test.ts",
      "side": "local"
    },
    {
      "kind": "docs",
      "path": "docs/program/writer-core-model.md",
      "side": "local"
    },
    {
      "kind": "docs",
      "path": "docs/program/source-tree.md",
      "side": "local"
    },
    {
      "kind": "docs",
      "path": "docs/program/architecture.md",
      "side": "local"
    },
    {
      "kind": "implementation",
      "path": "svl/source/items/itemset.cxx",
      "side": "upstream"
    },
    {
      "kind": "implementation",
      "path": "svl/source/items/itempool.cxx",
      "side": "upstream"
    },
    {
      "kind": "implementation",
      "path": "editeng/source/items/textitem.cxx",
      "side": "upstream"
    },
    {
      "kind": "implementation",
      "path": "sw/source/core/attr/swatrset.cxx",
      "side": "upstream"
    },
    {
      "kind": "implementation",
      "path": "sw/source/core/attr/format.cxx",
      "side": "upstream"
    },
    {
      "kind": "implementation",
      "path": "sw/source/core/doc/fmtcol.cxx",
      "side": "upstream"
    },
    {
      "kind": "implementation",
      "path": "sw/source/core/docnode/node.cxx",
      "side": "upstream"
    },
    {
      "kind": "implementation",
      "path": "sw/source/core/para/paratr.cxx",
      "side": "upstream"
    },
    {
      "kind": "tests",
      "path": "sw/qa/core/attr/attr.cxx",
      "side": "upstream"
    },
    {
      "kind": "tests",
      "path": "sw/qa/core/doc/number.cxx",
      "side": "upstream"
    },
    {
      "kind": "docs",
      "path": "sw/README.md",
      "side": "upstream"
    },
    {
      "kind": "tests",
      "path": "apps/office/src/svl/source/items/itemset.test.ts",
      "side": "local"
    },
    {
      "kind": "tests",
      "path": "sw/qa/core/attr/attr.cxx",
      "side": "upstream"
    },
    {
      "kind": "implementation",
      "path": "apps/office/src/svl/source/items/itemset.ts",
      "side": "local"
    },
    {
      "kind": "implementation",
      "path": "apps/office/src/editeng/source/items/textitem.ts",
      "side": "local"
    },
    {
      "kind": "implementation",
      "path": "apps/office/src/sw/source/core/attr/swatrset.ts",
      "side": "local"
    },
    {
      "kind": "implementation",
      "path": "apps/office/src/sw/source/core/attr/format.ts",
      "side": "local"
    },
    {
      "kind": "implementation",
      "path": "apps/office/src/sw/source/core/doc/fmtcol.ts",
      "side": "local"
    },
    {
      "kind": "implementation",
      "path": "apps/office/src/sw/source/core/docnode/node.ts",
      "side": "local"
    },
    {
      "kind": "implementation",
      "path": "apps/office/src/sw/source/core/para/paratr.ts",
      "side": "local"
    },
    {
      "kind": "implementation",
      "path": "apps/office/src/sw/source/core/doc/doc.ts",
      "side": "local"
    },
    {
      "kind": "tests",
      "path": "apps/office/src/svl/source/items/itemset.test.ts",
      "side": "local"
    },
    {
      "kind": "tests",
      "path": "apps/office/src/sw/source/core/doc/writer-attributes.test.ts",
      "side": "local"
    },
    {
      "kind": "tests",
      "path": "apps/office/src/editeng/source/items/textitem.test.ts",
      "side": "local"
    },
    {
      "kind": "tests",
      "path": "apps/office/src/sw/source/core/doc/writer-attributes.test.ts",
      "side": "local"
    },
    {
      "kind": "docs",
      "path": "docs/program/writer-core-model.md",
      "side": "local"
    },
    {
      "kind": "docs",
      "path": "docs/program/source-tree.md",
      "side": "local"
    },
    {
      "kind": "docs",
      "path": "docs/program/architecture.md",
      "side": "local"
    },
    {
      "kind": "implementation",
      "path": "svl/source/items/itemset.cxx",
      "side": "upstream"
    },
    {
      "kind": "implementation",
      "path": "svl/source/items/itempool.cxx",
      "side": "upstream"
    },
    {
      "kind": "implementation",
      "path": "editeng/source/items/textitem.cxx",
      "side": "upstream"
    },
    {
      "kind": "implementation",
      "path": "sw/source/core/attr/swatrset.cxx",
      "side": "upstream"
    },
    {
      "kind": "implementation",
      "path": "sw/source/core/attr/format.cxx",
      "side": "upstream"
    },
    {
      "kind": "implementation",
      "path": "sw/source/core/doc/fmtcol.cxx",
      "side": "upstream"
    },
    {
      "kind": "implementation",
      "path": "sw/source/core/docnode/node.cxx",
      "side": "upstream"
    },
    {
      "kind": "implementation",
      "path": "sw/source/core/para/paratr.cxx",
      "side": "upstream"
    },
    {
      "kind": "tests",
      "path": "sw/qa/core/attr/attr.cxx",
      "side": "upstream"
    },
    {
      "kind": "tests",
      "path": "sw/qa/core/doc/number.cxx",
      "side": "upstream"
    },
    {
      "kind": "docs",
      "path": "sw/README.md",
      "side": "upstream"
    },
    {
      "kind": "tests",
      "path": "apps/office/src/svl/source/items/itemset.test.ts",
      "side": "local"
    },
    {
      "kind": "tests",
      "path": "sw/qa/core/attr/attr.cxx",
      "side": "upstream"
    },
    {
      "kind": "implementation",
      "path": "apps/office/src/svl/source/items/itemset.ts",
      "side": "local"
    },
    {
      "kind": "implementation",
      "path": "apps/office/src/editeng/source/items/textitem.ts",
      "side": "local"
    },
    {
      "kind": "implementation",
      "path": "apps/office/src/sw/source/core/attr/swatrset.ts",
      "side": "local"
    },
    {
      "kind": "implementation",
      "path": "apps/office/src/sw/source/core/attr/format.ts",
      "side": "local"
    },
    {
      "kind": "implementation",
      "path": "apps/office/src/sw/source/core/doc/fmtcol.ts",
      "side": "local"
    },
    {
      "kind": "implementation",
      "path": "apps/office/src/sw/source/core/docnode/node.ts",
      "side": "local"
    },
    {
      "kind": "implementation",
      "path": "apps/office/src/sw/source/core/para/paratr.ts",
      "side": "local"
    },
    {
      "kind": "implementation",
      "path": "apps/office/src/sw/source/core/doc/doc.ts",
      "side": "local"
    },
    {
      "kind": "tests",
      "path": "apps/office/src/svl/source/items/itemset.test.ts",
      "side": "local"
    },
    {
      "kind": "tests",
      "path": "apps/office/src/sw/source/core/doc/writer-attributes.test.ts",
      "side": "local"
    },
    {
      "kind": "tests",
      "path": "apps/office/src/editeng/source/items/textitem.test.ts",
      "side": "local"
    },
    {
      "kind": "tests",
      "path": "apps/office/src/sw/source/core/doc/writer-attributes.test.ts",
      "side": "local"
    },
    {
      "kind": "docs",
      "path": "docs/program/writer-core-model.md",
      "side": "local"
    },
    {
      "kind": "docs",
      "path": "docs/program/source-tree.md",
      "side": "local"
    },
    {
      "kind": "docs",
      "path": "docs/program/architecture.md",
      "side": "local"
    },
    {
      "kind": "implementation",
      "path": "svl/source/items/itemset.cxx",
      "side": "upstream"
    },
    {
      "kind": "implementation",
      "path": "svl/source/items/itempool.cxx",
      "side": "upstream"
    },
    {
      "kind": "implementation",
      "path": "editeng/source/items/textitem.cxx",
      "side": "upstream"
    },
    {
      "kind": "implementation",
      "path": "sw/source/core/attr/swatrset.cxx",
      "side": "upstream"
    },
    {
      "kind": "implementation",
      "path": "sw/source/core/attr/format.cxx",
      "side": "upstream"
    },
    {
      "kind": "implementation",
      "path": "sw/source/core/doc/fmtcol.cxx",
      "side": "upstream"
    },
    {
      "kind": "implementation",
      "path": "sw/source/core/docnode/node.cxx",
      "side": "upstream"
    },
    {
      "kind": "implementation",
      "path": "sw/source/core/para/paratr.cxx",
      "side": "upstream"
    },
    {
      "kind": "tests",
      "path": "sw/qa/core/attr/attr.cxx",
      "side": "upstream"
    },
    {
      "kind": "tests",
      "path": "sw/qa/core/doc/number.cxx",
      "side": "upstream"
    },
    {
      "kind": "docs",
      "path": "sw/README.md",
      "side": "upstream"
    },
    {
      "kind": "tests",
      "path": "apps/office/src/svl/source/items/itemset.test.ts",
      "side": "local"
    },
    {
      "kind": "tests",
      "path": "sw/qa/core/attr/attr.cxx",
      "side": "upstream"
    },
    {
      "kind": "implementation",
      "path": "apps/office/src/package/source/zipapi/CRC32.ts",
      "side": "local"
    },
    {
      "kind": "implementation",
      "path": "apps/office/src/package/source/zipapi/ZipFile.ts",
      "side": "local"
    },
    {
      "kind": "implementation",
      "path": "apps/office/src/package/source/zipapi/ZipOutputStream.ts",
      "side": "local"
    },
    {
      "kind": "implementation",
      "path": "apps/office/src/package/source/manifest/ManifestExport.ts",
      "side": "local"
    },
    {
      "kind": "implementation",
      "path": "apps/office/src/xmloff/source/core/xmlimp.ts",
      "side": "local"
    },
    {
      "kind": "implementation",
      "path": "apps/office/src/xmloff/source/core/xmltoken.ts",
      "side": "local"
    },
    {
      "kind": "implementation",
      "path": "apps/office/src/xmloff/source/style/XMLFontStylesContext.ts",
      "side": "local"
    },
    {
      "kind": "implementation",
      "path": "apps/office/src/xmloff/source/style/xmlstyle.ts",
      "side": "local"
    },
    {
      "kind": "implementation",
      "path": "apps/office/src/xmloff/source/text/txtparae.ts",
      "side": "local"
    },
    {
      "kind": "implementation",
      "path": "apps/office/src/xmloff/source/text/txtparai.ts",
      "side": "local"
    },
    {
      "kind": "implementation",
      "path": "apps/office/src/sw/source/filter/xml/xmlexp.ts",
      "side": "local"
    },
    {
      "kind": "implementation",
      "path": "apps/office/src/sw/source/filter/xml/xmlimp.ts",
      "side": "local"
    },
    {
      "kind": "implementation",
      "path": "apps/office/src/sw/source/filter/xml/wrtxml.ts",
      "side": "local"
    },
    {
      "kind": "implementation",
      "path": "apps/office/src/sw/source/filter/xml/swxml.ts",
      "side": "local"
    },
    {
      "kind": "implementation",
      "path": "apps/office/src/sw/source/filter/xml/odt-filter-service.ts",
      "side": "local"
    },
    {
      "kind": "implementation",
      "path": "apps/office/src/sw/browser/filter/xml/odt-worker-client.ts",
      "side": "local"
    },
    {
      "kind": "implementation",
      "path": "apps/office/src/sw/browser/filter/xml/odt-worker-runtime.ts",
      "side": "local"
    },
    {
      "kind": "implementation",
      "path": "apps/office/src/sw/browser/filter/xml/odt-worker.ts",
      "side": "local"
    },
    {
      "kind": "implementation",
      "path": "apps/office/src/framework/browser/workers/worker-protocol.ts",
      "side": "local"
    },
    {
      "kind": "implementation",
      "path": "apps/office/src/sw/source/uibase/app/docsh.ts",
      "side": "local"
    },
    {
      "kind": "implementation",
      "path": "apps/office/src/vcl/browser/browser-file.ts",
      "side": "local"
    },
    {
      "kind": "implementation",
      "path": "apps/office/src/vcl/browser/browser-download.ts",
      "side": "local"
    },
    {
      "kind": "implementation",
      "path": "apps/office/src/sw/browser/workflows/writer-workflows.ts",
      "side": "local"
    },
    {
      "kind": "implementation",
      "path": "apps/office/src/framework/browser/presentation/CommandMenuBar.tsx",
      "side": "local"
    },
    {
      "kind": "implementation",
      "path": "apps/office/src/sw/browser/presentation/WriterCommandToolbar.tsx",
      "side": "local"
    },
    {
      "kind": "tests",
      "path": "apps/office/src/package/source/zipapi/CRC32.test.ts",
      "side": "local"
    },
    {
      "kind": "tests",
      "path": "apps/office/src/package/source/zipapi/ZipFile.test.ts",
      "side": "local"
    },
    {
      "kind": "tests",
      "path": "apps/office/src/package/source/manifest/ManifestExport.test.ts",
      "side": "local"
    },
    {
      "kind": "tests",
      "path": "apps/office/src/xmloff/source/text/txtpara.test.ts",
      "side": "local"
    },
    {
      "kind": "tests",
      "path": "apps/office/src/sax/source/fastparser/fastparser.test.ts",
      "side": "local"
    },
    {
      "kind": "tests",
      "path": "apps/office/src/sw/source/filter/xml/odt-roundtrip.test.ts",
      "side": "local"
    },
    {
      "kind": "tests",
      "path": "apps/office/src/sw/source/filter/xml/odt-filter-service.test.ts",
      "side": "local"
    },
    {
      "kind": "tests",
      "path": "apps/office/src/sw/source/filter/xml/odt-worker-client.test.ts",
      "side": "local"
    },
    {
      "kind": "tests",
      "path": "apps/office/src/sw/source/filter/xml/odt-worker-runtime.test.ts",
      "side": "local"
    },
    {
      "kind": "tests",
      "path": "scripts/libreoffice-inventory/odt-upstream-fixtures.test.ts",
      "side": "local"
    },
    {
      "kind": "tests",
      "path": "apps/office/src/sw/source/uibase/app/docsh.test.ts",
      "side": "local"
    },
    {
      "kind": "tests",
      "path": "apps/office/src/vcl/browser/browser-file.test.ts",
      "side": "local"
    },
    {
      "kind": "tests",
      "path": "apps/office/src/framework/browser/app/desktop.test.tsx",
      "side": "local"
    },
    {
      "kind": "tests",
      "path": "apps/office/e2e/writer-odt-file.spec.ts",
      "side": "local"
    },
    {
      "kind": "docs",
      "path": "docs/program/writer-odt-format.md",
      "side": "local"
    },
    {
      "kind": "docs",
      "path": "docs/program/architecture.md",
      "side": "local"
    },
    {
      "kind": "docs",
      "path": "docs/program/source-tree.md",
      "side": "local"
    },
    {
      "kind": "docs",
      "path": "docs/program/worker-cancellation-protocol.md",
      "side": "local"
    },
    {
      "kind": "implementation",
      "path": "package/source/zipapi/CRC32.cxx",
      "side": "upstream"
    },
    {
      "kind": "implementation",
      "path": "package/source/zipapi/ZipFile.cxx",
      "side": "upstream"
    },
    {
      "kind": "implementation",
      "path": "package/source/zipapi/ZipOutputStream.cxx",
      "side": "upstream"
    },
    {
      "kind": "implementation",
      "path": "package/source/manifest/ManifestExport.cxx",
      "side": "upstream"
    },
    {
      "kind": "implementation",
      "path": "xmloff/source/text/txtparae.cxx",
      "side": "upstream"
    },
    {
      "kind": "implementation",
      "path": "xmloff/source/text/txtparai.cxx",
      "side": "upstream"
    },
    {
      "kind": "implementation",
      "path": "sax/source/fastparser/fastparser.cxx",
      "side": "upstream"
    },
    {
      "kind": "implementation",
      "path": "sw/source/filter/xml/wrtxml.cxx",
      "side": "upstream"
    },
    {
      "kind": "implementation",
      "path": "sw/source/filter/xml/swxml.cxx",
      "side": "upstream"
    },
    {
      "kind": "implementation",
      "path": "sw/source/filter/xml/swxml.cxx",
      "side": "upstream"
    },
    {
      "kind": "implementation",
      "path": "sw/source/uibase/app/docsh.cxx",
      "side": "upstream"
    },
    {
      "kind": "implementation",
      "path": "sw/source/uibase/app/docshini.cxx",
      "side": "upstream"
    },
    {
      "kind": "tests",
      "path": "sw/qa/extras/odfimport/odffeatures.cxx",
      "side": "upstream"
    },
    {
      "kind": "tests",
      "path": "sw/qa/extras/odfimport/odffeatures.cxx",
      "side": "upstream"
    },
    {
      "kind": "tests",
      "path": "sw/qa/extras/odfimport/odffeatures.cxx",
      "side": "upstream"
    },
    {
      "kind": "docs",
      "path": "helpcontent2/source/text/shared/00/00000021.xhp",
      "side": "upstream"
    },
    {
      "kind": "docs",
      "path": "helpcontent2/source/text/shared/00/00000021.xhp",
      "side": "upstream"
    },
    {
      "kind": "docs",
      "path": "helpcontent2/source/text/shared/guide/convertfilters.xhp",
      "side": "upstream"
    },
    {
      "kind": "tests",
      "path": "scripts/libreoffice-inventory/odt-upstream-fixtures.test.ts",
      "side": "local"
    },
    {
      "kind": "tests",
      "path": "sw/qa/extras/odfimport/odffeatures.cxx",
      "side": "upstream"
    },
    {
      "kind": "implementation",
      "path": "apps/office/src/package/source/zipapi/CRC32.ts",
      "side": "local"
    },
    {
      "kind": "implementation",
      "path": "apps/office/src/package/source/zipapi/ZipFile.ts",
      "side": "local"
    },
    {
      "kind": "implementation",
      "path": "apps/office/src/package/source/zipapi/ZipOutputStream.ts",
      "side": "local"
    },
    {
      "kind": "implementation",
      "path": "apps/office/src/package/source/manifest/ManifestExport.ts",
      "side": "local"
    },
    {
      "kind": "implementation",
      "path": "apps/office/src/xmloff/source/core/xmlimp.ts",
      "side": "local"
    },
    {
      "kind": "implementation",
      "path": "apps/office/src/xmloff/source/core/xmltoken.ts",
      "side": "local"
    },
    {
      "kind": "implementation",
      "path": "apps/office/src/xmloff/source/style/XMLFontAutoStylePool.ts",
      "side": "local"
    },
    {
      "kind": "implementation",
      "path": "apps/office/src/xmloff/source/style/xmlstyle.ts",
      "side": "local"
    },
    {
      "kind": "implementation",
      "path": "apps/office/src/xmloff/source/text/txtparae.ts",
      "side": "local"
    },
    {
      "kind": "implementation",
      "path": "apps/office/src/xmloff/source/text/txtparai.ts",
      "side": "local"
    },
    {
      "kind": "implementation",
      "path": "apps/office/src/sw/source/filter/xml/xmlexp.ts",
      "side": "local"
    },
    {
      "kind": "implementation",
      "path": "apps/office/src/sw/source/filter/xml/xmlfonte.ts",
      "side": "local"
    },
    {
      "kind": "implementation",
      "path": "apps/office/src/sw/source/filter/xml/xmlimp.ts",
      "side": "local"
    },
    {
      "kind": "implementation",
      "path": "apps/office/src/sw/source/filter/xml/wrtxml.ts",
      "side": "local"
    },
    {
      "kind": "implementation",
      "path": "apps/office/src/sw/source/filter/xml/swxml.ts",
      "side": "local"
    },
    {
      "kind": "implementation",
      "path": "apps/office/src/sw/source/filter/xml/odt-filter-service.ts",
      "side": "local"
    },
    {
      "kind": "implementation",
      "path": "apps/office/src/sw/browser/filter/xml/odt-worker-client.ts",
      "side": "local"
    },
    {
      "kind": "implementation",
      "path": "apps/office/src/sw/browser/filter/xml/odt-worker-runtime.ts",
      "side": "local"
    },
    {
      "kind": "implementation",
      "path": "apps/office/src/sw/browser/filter/xml/odt-worker.ts",
      "side": "local"
    },
    {
      "kind": "implementation",
      "path": "apps/office/src/framework/browser/workers/worker-protocol.ts",
      "side": "local"
    },
    {
      "kind": "implementation",
      "path": "apps/office/src/sw/source/uibase/app/docsh.ts",
      "side": "local"
    },
    {
      "kind": "implementation",
      "path": "apps/office/src/vcl/browser/browser-file.ts",
      "side": "local"
    },
    {
      "kind": "implementation",
      "path": "apps/office/src/vcl/browser/browser-download.ts",
      "side": "local"
    },
    {
      "kind": "implementation",
      "path": "apps/office/src/sw/browser/workflows/writer-workflows.ts",
      "side": "local"
    },
    {
      "kind": "implementation",
      "path": "apps/office/src/framework/browser/presentation/CommandMenuBar.tsx",
      "side": "local"
    },
    {
      "kind": "implementation",
      "path": "apps/office/src/sw/browser/presentation/WriterCommandToolbar.tsx",
      "side": "local"
    },
    {
      "kind": "tests",
      "path": "apps/office/src/package/source/zipapi/CRC32.test.ts",
      "side": "local"
    },
    {
      "kind": "tests",
      "path": "apps/office/src/package/source/zipapi/ZipFile.test.ts",
      "side": "local"
    },
    {
      "kind": "tests",
      "path": "apps/office/src/package/source/manifest/ManifestExport.test.ts",
      "side": "local"
    },
    {
      "kind": "tests",
      "path": "apps/office/src/xmloff/source/text/txtpara.test.ts",
      "side": "local"
    },
    {
      "kind": "tests",
      "path": "apps/office/src/sax/source/fastparser/fastparser.test.ts",
      "side": "local"
    },
    {
      "kind": "tests",
      "path": "apps/office/src/sw/source/filter/xml/odt-roundtrip.test.ts",
      "side": "local"
    },
    {
      "kind": "tests",
      "path": "apps/office/src/sw/source/filter/xml/odt-filter-service.test.ts",
      "side": "local"
    },
    {
      "kind": "tests",
      "path": "apps/office/src/sw/source/filter/xml/odt-worker-client.test.ts",
      "side": "local"
    },
    {
      "kind": "tests",
      "path": "apps/office/src/sw/source/filter/xml/odt-worker-runtime.test.ts",
      "side": "local"
    },
    {
      "kind": "tests",
      "path": "scripts/libreoffice-inventory/odt-upstream-fixtures.test.ts",
      "side": "local"
    },
    {
      "kind": "tests",
      "path": "apps/office/src/sw/source/uibase/app/docsh.test.ts",
      "side": "local"
    },
    {
      "kind": "tests",
      "path": "apps/office/src/vcl/browser/browser-file.test.ts",
      "side": "local"
    },
    {
      "kind": "tests",
      "path": "apps/office/src/framework/browser/app/desktop.test.tsx",
      "side": "local"
    },
    {
      "kind": "tests",
      "path": "apps/office/e2e/writer-odt-file.spec.ts",
      "side": "local"
    },
    {
      "kind": "docs",
      "path": "docs/program/writer-odt-format.md",
      "side": "local"
    },
    {
      "kind": "docs",
      "path": "docs/program/architecture.md",
      "side": "local"
    },
    {
      "kind": "docs",
      "path": "docs/program/source-tree.md",
      "side": "local"
    },
    {
      "kind": "docs",
      "path": "docs/program/worker-cancellation-protocol.md",
      "side": "local"
    },
    {
      "kind": "implementation",
      "path": "package/source/zipapi/CRC32.cxx",
      "side": "upstream"
    },
    {
      "kind": "implementation",
      "path": "package/source/zipapi/ZipFile.cxx",
      "side": "upstream"
    },
    {
      "kind": "implementation",
      "path": "package/source/zipapi/ZipOutputStream.cxx",
      "side": "upstream"
    },
    {
      "kind": "implementation",
      "path": "package/source/manifest/ManifestExport.cxx",
      "side": "upstream"
    },
    {
      "kind": "implementation",
      "path": "xmloff/source/text/txtparae.cxx",
      "side": "upstream"
    },
    {
      "kind": "implementation",
      "path": "xmloff/source/text/txtparai.cxx",
      "side": "upstream"
    },
    {
      "kind": "implementation",
      "path": "sax/source/fastparser/fastparser.cxx",
      "side": "upstream"
    },
    {
      "kind": "implementation",
      "path": "sw/source/filter/xml/wrtxml.cxx",
      "side": "upstream"
    },
    {
      "kind": "implementation",
      "path": "sw/source/filter/xml/swxml.cxx",
      "side": "upstream"
    },
    {
      "kind": "implementation",
      "path": "sw/source/filter/xml/swxml.cxx",
      "side": "upstream"
    },
    {
      "kind": "implementation",
      "path": "sw/source/uibase/app/docsh.cxx",
      "side": "upstream"
    },
    {
      "kind": "implementation",
      "path": "sw/source/uibase/app/docshini.cxx",
      "side": "upstream"
    },
    {
      "kind": "tests",
      "path": "sw/qa/extras/odfimport/odffeatures.cxx",
      "side": "upstream"
    },
    {
      "kind": "tests",
      "path": "sw/qa/extras/odfimport/odffeatures.cxx",
      "side": "upstream"
    },
    {
      "kind": "tests",
      "path": "sw/qa/extras/odfimport/odffeatures.cxx",
      "side": "upstream"
    },
    {
      "kind": "docs",
      "path": "helpcontent2/source/text/shared/00/00000021.xhp",
      "side": "upstream"
    },
    {
      "kind": "docs",
      "path": "helpcontent2/source/text/shared/00/00000021.xhp",
      "side": "upstream"
    },
    {
      "kind": "docs",
      "path": "helpcontent2/source/text/shared/guide/convertfilters.xhp",
      "side": "upstream"
    },
    {
      "kind": "tests",
      "path": "scripts/libreoffice-inventory/odt-upstream-fixtures.test.ts",
      "side": "local"
    },
    {
      "kind": "tests",
      "path": "sw/qa/extras/odfimport/odffeatures.cxx",
      "side": "upstream"
    },
    {
      "kind": "implementation",
      "path": "apps/office/src/package/source/zipapi/CRC32.ts",
      "side": "local"
    },
    {
      "kind": "implementation",
      "path": "apps/office/src/package/source/zipapi/ZipFile.ts",
      "side": "local"
    },
    {
      "kind": "implementation",
      "path": "apps/office/src/package/source/zipapi/ZipOutputStream.ts",
      "side": "local"
    },
    {
      "kind": "implementation",
      "path": "apps/office/src/package/source/manifest/ManifestExport.ts",
      "side": "local"
    },
    {
      "kind": "implementation",
      "path": "apps/office/src/xmloff/source/core/xmlimp.ts",
      "side": "local"
    },
    {
      "kind": "implementation",
      "path": "apps/office/src/xmloff/source/core/xmltoken.ts",
      "side": "local"
    },
    {
      "kind": "implementation",
      "path": "apps/office/src/xmloff/source/style/xmlstyle.ts",
      "side": "local"
    },
    {
      "kind": "implementation",
      "path": "apps/office/src/xmloff/source/text/txtparae.ts",
      "side": "local"
    },
    {
      "kind": "implementation",
      "path": "apps/office/src/xmloff/source/text/txtparai.ts",
      "side": "local"
    },
    {
      "kind": "implementation",
      "path": "apps/office/src/sw/source/filter/xml/xmlexp.ts",
      "side": "local"
    },
    {
      "kind": "implementation",
      "path": "apps/office/src/sw/source/filter/xml/xmlimp.ts",
      "side": "local"
    },
    {
      "kind": "implementation",
      "path": "apps/office/src/sw/source/filter/xml/wrtxml.ts",
      "side": "local"
    },
    {
      "kind": "implementation",
      "path": "apps/office/src/sw/source/filter/xml/swxml.ts",
      "side": "local"
    },
    {
      "kind": "implementation",
      "path": "apps/office/src/sw/source/filter/xml/odt-filter-service.ts",
      "side": "local"
    },
    {
      "kind": "implementation",
      "path": "apps/office/src/sw/browser/filter/xml/odt-worker-client.ts",
      "side": "local"
    },
    {
      "kind": "implementation",
      "path": "apps/office/src/sw/browser/filter/xml/odt-worker-runtime.ts",
      "side": "local"
    },
    {
      "kind": "implementation",
      "path": "apps/office/src/sw/browser/filter/xml/odt-worker.ts",
      "side": "local"
    },
    {
      "kind": "implementation",
      "path": "apps/office/src/framework/browser/workers/worker-protocol.ts",
      "side": "local"
    },
    {
      "kind": "implementation",
      "path": "apps/office/src/sw/source/uibase/app/docsh.ts",
      "side": "local"
    },
    {
      "kind": "implementation",
      "path": "apps/office/src/vcl/browser/browser-file.ts",
      "side": "local"
    },
    {
      "kind": "implementation",
      "path": "apps/office/src/vcl/browser/browser-download.ts",
      "side": "local"
    },
    {
      "kind": "implementation",
      "path": "apps/office/src/sw/browser/workflows/writer-workflows.ts",
      "side": "local"
    },
    {
      "kind": "implementation",
      "path": "apps/office/src/framework/browser/presentation/CommandMenuBar.tsx",
      "side": "local"
    },
    {
      "kind": "implementation",
      "path": "apps/office/src/sw/browser/presentation/WriterCommandToolbar.tsx",
      "side": "local"
    },
    {
      "kind": "tests",
      "path": "apps/office/src/package/source/zipapi/CRC32.test.ts",
      "side": "local"
    },
    {
      "kind": "tests",
      "path": "apps/office/src/package/source/zipapi/ZipFile.test.ts",
      "side": "local"
    },
    {
      "kind": "tests",
      "path": "apps/office/src/package/source/manifest/ManifestExport.test.ts",
      "side": "local"
    },
    {
      "kind": "tests",
      "path": "apps/office/src/xmloff/source/text/txtpara.test.ts",
      "side": "local"
    },
    {
      "kind": "tests",
      "path": "apps/office/src/sax/source/fastparser/fastparser.test.ts",
      "side": "local"
    },
    {
      "kind": "tests",
      "path": "apps/office/src/sw/source/filter/xml/odt-roundtrip.test.ts",
      "side": "local"
    },
    {
      "kind": "tests",
      "path": "apps/office/src/sw/source/filter/xml/odt-filter-service.test.ts",
      "side": "local"
    },
    {
      "kind": "tests",
      "path": "apps/office/src/sw/source/filter/xml/odt-worker-client.test.ts",
      "side": "local"
    },
    {
      "kind": "tests",
      "path": "apps/office/src/sw/source/filter/xml/odt-worker-runtime.test.ts",
      "side": "local"
    },
    {
      "kind": "tests",
      "path": "scripts/libreoffice-inventory/odt-upstream-fixtures.test.ts",
      "side": "local"
    },
    {
      "kind": "tests",
      "path": "apps/office/src/sw/source/uibase/app/docsh.test.ts",
      "side": "local"
    },
    {
      "kind": "tests",
      "path": "apps/office/src/vcl/browser/browser-file.test.ts",
      "side": "local"
    },
    {
      "kind": "tests",
      "path": "apps/office/src/framework/browser/app/desktop.test.tsx",
      "side": "local"
    },
    {
      "kind": "tests",
      "path": "apps/office/e2e/writer-odt-file.spec.ts",
      "side": "local"
    },
    {
      "kind": "docs",
      "path": "docs/program/writer-odt-format.md",
      "side": "local"
    },
    {
      "kind": "docs",
      "path": "docs/program/architecture.md",
      "side": "local"
    },
    {
      "kind": "docs",
      "path": "docs/program/source-tree.md",
      "side": "local"
    },
    {
      "kind": "docs",
      "path": "docs/program/worker-cancellation-protocol.md",
      "side": "local"
    },
    {
      "kind": "implementation",
      "path": "package/source/zipapi/CRC32.cxx",
      "side": "upstream"
    },
    {
      "kind": "implementation",
      "path": "package/source/zipapi/ZipFile.cxx",
      "side": "upstream"
    },
    {
      "kind": "implementation",
      "path": "package/source/zipapi/ZipOutputStream.cxx",
      "side": "upstream"
    },
    {
      "kind": "implementation",
      "path": "package/source/manifest/ManifestExport.cxx",
      "side": "upstream"
    },
    {
      "kind": "implementation",
      "path": "xmloff/source/text/txtparae.cxx",
      "side": "upstream"
    },
    {
      "kind": "implementation",
      "path": "xmloff/source/text/txtparai.cxx",
      "side": "upstream"
    },
    {
      "kind": "implementation",
      "path": "sax/source/fastparser/fastparser.cxx",
      "side": "upstream"
    },
    {
      "kind": "implementation",
      "path": "sw/source/filter/xml/wrtxml.cxx",
      "side": "upstream"
    },
    {
      "kind": "implementation",
      "path": "sw/source/filter/xml/swxml.cxx",
      "side": "upstream"
    },
    {
      "kind": "implementation",
      "path": "sw/source/filter/xml/swxml.cxx",
      "side": "upstream"
    },
    {
      "kind": "implementation",
      "path": "sw/source/uibase/app/docsh.cxx",
      "side": "upstream"
    },
    {
      "kind": "implementation",
      "path": "sw/source/uibase/app/docshini.cxx",
      "side": "upstream"
    },
    {
      "kind": "tests",
      "path": "sw/qa/extras/odfimport/odffeatures.cxx",
      "side": "upstream"
    },
    {
      "kind": "tests",
      "path": "sw/qa/extras/odfimport/odffeatures.cxx",
      "side": "upstream"
    },
    {
      "kind": "tests",
      "path": "sw/qa/extras/odfimport/odffeatures.cxx",
      "side": "upstream"
    },
    {
      "kind": "docs",
      "path": "helpcontent2/source/text/shared/00/00000021.xhp",
      "side": "upstream"
    },
    {
      "kind": "docs",
      "path": "helpcontent2/source/text/shared/00/00000021.xhp",
      "side": "upstream"
    },
    {
      "kind": "docs",
      "path": "helpcontent2/source/text/shared/guide/convertfilters.xhp",
      "side": "upstream"
    },
    {
      "kind": "tests",
      "path": "scripts/libreoffice-inventory/odt-upstream-fixtures.test.ts",
      "side": "local"
    },
    {
      "kind": "tests",
      "path": "sw/qa/extras/odfimport/odffeatures.cxx",
      "side": "upstream"
    },
    {
      "kind": "implementation",
      "path": "apps/office/src/sfx2/source/doc/objsh.ts",
      "side": "local"
    },
    {
      "kind": "implementation",
      "path": "apps/office/src/svl/source/misc/recovery.ts",
      "side": "local"
    },
    {
      "kind": "implementation",
      "path": "apps/office/src/sw/browser/workflows/writer-odt-io.ts",
      "side": "local"
    },
    {
      "kind": "implementation",
      "path": "apps/office/src/sw/source/uibase/app/docsh.ts",
      "side": "local"
    },
    {
      "kind": "tests",
      "path": "apps/office/src/sfx2/source/doc/objsh.test.ts",
      "side": "local"
    },
    {
      "kind": "tests",
      "path": "apps/office/src/svl/source/misc/recovery.test.ts",
      "side": "local"
    },
    {
      "kind": "tests",
      "path": "apps/office/src/framework/browser/app/desktop.test.tsx",
      "side": "local"
    },
    {
      "kind": "tests",
      "path": "apps/office/src/sw/source/core/undo/undobj.test.ts",
      "side": "local"
    },
    {
      "kind": "docs",
      "path": "docs/program/document-lifecycle.md",
      "side": "local"
    },
    {
      "kind": "docs",
      "path": "docs/program/autosave-recovery.md",
      "side": "local"
    },
    {
      "kind": "docs",
      "path": "docs/program/transaction-history.md",
      "side": "local"
    },
    {
      "kind": "implementation",
      "path": "sfx2/source/doc/objmisc.cxx",
      "side": "upstream"
    },
    {
      "kind": "implementation",
      "path": "sfx2/source/doc/objstor.cxx",
      "side": "upstream"
    },
    {
      "kind": "implementation",
      "path": "sfx2/source/doc/sfxbasemodel.cxx",
      "side": "upstream"
    },
    {
      "kind": "implementation",
      "path": "sw/source/core/undo/docundo.cxx",
      "side": "upstream"
    },
    {
      "kind": "tests",
      "path": "sw/qa/core/undo/undo.cxx",
      "side": "upstream"
    },
    {
      "kind": "tests",
      "path": "sw/qa/python/check_xmodifiable2.py",
      "side": "upstream"
    },
    {
      "kind": "docs",
      "path": "offapi/com/sun/star/util/XModifiable.idl",
      "side": "upstream"
    },
    {
      "kind": "docs",
      "path": "offapi/com/sun/star/document/XDocumentRecovery.idl",
      "side": "upstream"
    },
    {
      "kind": "tests",
      "path": "apps/office/src/sfx2/source/doc/objsh.test.ts",
      "side": "local"
    },
    {
      "kind": "tests",
      "path": "sw/qa/core/undo/undo.cxx",
      "side": "upstream"
    },
    {
      "kind": "implementation",
      "path": "apps/office/src/sfx2/source/doc/objsh.ts",
      "side": "local"
    },
    {
      "kind": "implementation",
      "path": "apps/office/src/svl/source/misc/recovery.ts",
      "side": "local"
    },
    {
      "kind": "implementation",
      "path": "apps/office/src/sw/browser/workflows/writer-odt-io.ts",
      "side": "local"
    },
    {
      "kind": "implementation",
      "path": "apps/office/src/sw/source/uibase/app/docsh.ts",
      "side": "local"
    },
    {
      "kind": "tests",
      "path": "apps/office/src/sfx2/source/doc/objsh.test.ts",
      "side": "local"
    },
    {
      "kind": "tests",
      "path": "apps/office/src/svl/source/misc/recovery.test.ts",
      "side": "local"
    },
    {
      "kind": "tests",
      "path": "apps/office/src/framework/browser/app/desktop.test.tsx",
      "side": "local"
    },
    {
      "kind": "tests",
      "path": "apps/office/src/sw/source/core/undo/undobj.test.ts",
      "side": "local"
    },
    {
      "kind": "docs",
      "path": "docs/program/document-lifecycle.md",
      "side": "local"
    },
    {
      "kind": "docs",
      "path": "docs/program/autosave-recovery.md",
      "side": "local"
    },
    {
      "kind": "docs",
      "path": "docs/program/transaction-history.md",
      "side": "local"
    },
    {
      "kind": "implementation",
      "path": "sfx2/source/doc/objmisc.cxx",
      "side": "upstream"
    },
    {
      "kind": "implementation",
      "path": "sfx2/source/doc/objstor.cxx",
      "side": "upstream"
    },
    {
      "kind": "implementation",
      "path": "sfx2/source/doc/sfxbasemodel.cxx",
      "side": "upstream"
    },
    {
      "kind": "implementation",
      "path": "sw/source/core/undo/docundo.cxx",
      "side": "upstream"
    },
    {
      "kind": "tests",
      "path": "sw/qa/core/undo/undo.cxx",
      "side": "upstream"
    },
    {
      "kind": "tests",
      "path": "sw/qa/python/check_xmodifiable2.py",
      "side": "upstream"
    },
    {
      "kind": "docs",
      "path": "offapi/com/sun/star/util/XModifiable.idl",
      "side": "upstream"
    },
    {
      "kind": "docs",
      "path": "offapi/com/sun/star/document/XDocumentRecovery.idl",
      "side": "upstream"
    },
    {
      "kind": "tests",
      "path": "apps/office/src/sfx2/source/doc/objsh.test.ts",
      "side": "local"
    },
    {
      "kind": "tests",
      "path": "sw/qa/core/undo/undo.cxx",
      "side": "upstream"
    },
    {
      "kind": "docs",
      "path": "docs/program/autosave-recovery.md",
      "side": "local"
    },
    {
      "kind": "implementation",
      "path": "sfx2/source/doc/objmisc.cxx",
      "side": "upstream"
    },
    {
      "kind": "implementation",
      "path": "sfx2/source/doc/objstor.cxx",
      "side": "upstream"
    },
    {
      "kind": "implementation",
      "path": "sfx2/source/doc/sfxbasemodel.cxx",
      "side": "upstream"
    },
    {
      "kind": "implementation",
      "path": "sw/source/core/undo/docundo.cxx",
      "side": "upstream"
    },
    {
      "kind": "tests",
      "path": "sw/qa/core/undo/undo.cxx",
      "side": "upstream"
    },
    {
      "kind": "tests",
      "path": "sw/qa/python/check_xmodifiable2.py",
      "side": "upstream"
    },
    {
      "kind": "docs",
      "path": "offapi/com/sun/star/util/XModifiable.idl",
      "side": "upstream"
    },
    {
      "kind": "docs",
      "path": "offapi/com/sun/star/document/XDocumentRecovery.idl",
      "side": "upstream"
    },
    {
      "kind": "implementation",
      "path": "apps/office/src/sw/source/core/doc/doc.ts",
      "side": "local"
    },
    {
      "kind": "implementation",
      "path": "apps/office/src/sw/source/core/docnode/nodes.ts",
      "side": "local"
    },
    {
      "kind": "implementation",
      "path": "apps/office/src/sw/source/core/txtnode/ndtxt.ts",
      "side": "local"
    },
    {
      "kind": "implementation",
      "path": "apps/office/src/sw/source/core/crsr/pam.ts",
      "side": "local"
    },
    {
      "kind": "implementation",
      "path": "apps/office/src/sw/source/core/txtnode/txatbase.ts",
      "side": "local"
    },
    {
      "kind": "implementation",
      "path": "apps/office/src/sw/source/core/txtnode/ndhints.ts",
      "side": "local"
    },
    {
      "kind": "tests",
      "path": "apps/office/src/sw/source/core/doc/writer-model.test.ts",
      "side": "local"
    },
    {
      "kind": "tests",
      "path": "apps/office/src/sw/source/core/doc/writer-model.test.ts",
      "side": "local"
    },
    {
      "kind": "tests",
      "path": "apps/office/src/sw/source/core/doc/writer-model.test.ts",
      "side": "local"
    },
    {
      "kind": "docs",
      "path": "docs/program/writer-core-model.md",
      "side": "local"
    },
    {
      "kind": "docs",
      "path": "docs/program/architecture.md",
      "side": "local"
    },
    {
      "kind": "docs",
      "path": "docs/program/source-tree.md",
      "side": "local"
    },
    {
      "kind": "implementation",
      "path": "sw/source/core/doc/docnew.cxx",
      "side": "upstream"
    },
    {
      "kind": "implementation",
      "path": "sw/source/core/docnode/nodes.cxx",
      "side": "upstream"
    },
    {
      "kind": "implementation",
      "path": "sw/source/core/txtnode/ndtxt.cxx",
      "side": "upstream"
    },
    {
      "kind": "implementation",
      "path": "sw/source/core/crsr/pam.cxx",
      "side": "upstream"
    },
    {
      "kind": "implementation",
      "path": "sw/source/core/txtnode/txatbase.cxx",
      "side": "upstream"
    },
    {
      "kind": "tests",
      "path": "sw/qa/core/uwriter.cxx",
      "side": "upstream"
    },
    {
      "kind": "tests",
      "path": "sw/qa/core/txtnode/txtnode.cxx",
      "side": "upstream"
    },
    {
      "kind": "docs",
      "path": "sw/README.md",
      "side": "upstream"
    },
    {
      "kind": "docs",
      "path": "sw/README.md",
      "side": "upstream"
    },
    {
      "kind": "tests",
      "path": "apps/office/src/sw/source/core/doc/writer-model.test.ts",
      "side": "local"
    },
    {
      "kind": "tests",
      "path": "sw/qa/core/uwriter.cxx",
      "side": "upstream"
    },
    {
      "kind": "implementation",
      "path": "apps/office/src/sw/source/core/txtnode/fmtatr2.ts",
      "side": "local"
    },
    {
      "kind": "implementation",
      "path": "apps/office/src/sw/source/core/edit/editsh.ts",
      "side": "local"
    },
    {
      "kind": "implementation",
      "path": "apps/office/src/xmloff/source/text/txtparai.ts",
      "side": "local"
    },
    {
      "kind": "implementation",
      "path": "apps/office/src/xmloff/source/text/txtparae.ts",
      "side": "local"
    },
    {
      "kind": "implementation",
      "path": "apps/office/src/sw/browser/presentation/WriterHyperlinkDialog.tsx",
      "side": "local"
    },
    {
      "kind": "implementation",
      "path": "apps/office/src/sw/uiconfig/swriter/writer-ui.generated.json",
      "side": "local"
    },
    {
      "kind": "tests",
      "path": "apps/office/src/sw/source/filter/xml/odt-hyperlink-roundtrip.test.ts",
      "side": "local"
    },
    {
      "kind": "tests",
      "path": "apps/office/src/sw/source/core/doc/writer-model.test.ts",
      "side": "local"
    },
    {
      "kind": "tests",
      "path": "apps/office/src/sw/source/uibase/wrtsh/wrtsh1.test.ts",
      "side": "local"
    },
    {
      "kind": "tests",
      "path": "apps/office/e2e/writer-hyperlinks.spec.ts",
      "side": "local"
    },
    {
      "kind": "docs",
      "path": "docs/program/writer-hyperlinks.md",
      "side": "local"
    },
    {
      "kind": "docs",
      "path": "docs/program/source-tree.md",
      "side": "local"
    },
    {
      "kind": "implementation",
      "path": "sw/source/core/txtnode/fmtatr2.cxx",
      "side": "upstream"
    },
    {
      "kind": "implementation",
      "path": "sw/source/core/edit/editsh.cxx",
      "side": "upstream"
    },
    {
      "kind": "implementation",
      "path": "xmloff/source/text/txtparai.cxx",
      "side": "upstream"
    },
    {
      "kind": "implementation",
      "path": "xmloff/source/text/txtparae.cxx",
      "side": "upstream"
    },
    {
      "kind": "implementation",
      "path": "sw/uiconfig/swriter/menubar/menubar.xml",
      "side": "upstream"
    },
    {
      "kind": "implementation",
      "path": "sw/uiconfig/swriter/toolbar/standardbar.xml",
      "side": "upstream"
    },
    {
      "kind": "tests",
      "path": "sw/qa/extras/tiledrendering/tiledrendering.cxx",
      "side": "upstream"
    },
    {
      "kind": "tests",
      "path": "sw/qa/extras/ooxmlexport/ooxmlexport16.cxx",
      "side": "upstream"
    },
    {
      "kind": "docs",
      "path": "helpcontent2/source/text/shared/02/09070000.xhp",
      "side": "upstream"
    },
    {
      "kind": "tests",
      "path": "apps/office/src/sw/source/filter/xml/odt-hyperlink-roundtrip.test.ts",
      "side": "local"
    },
    {
      "kind": "tests",
      "path": "sw/qa/extras/tiledrendering/tiledrendering.cxx",
      "side": "upstream"
    },
    {
      "kind": "tests",
      "path": "apps/office/src/sw/source/core/doc/writer-model.test.ts",
      "side": "local"
    },
    {
      "kind": "tests",
      "path": "sw/qa/extras/ooxmlexport/ooxmlexport16.cxx",
      "side": "upstream"
    },
    {
      "kind": "tests",
      "path": "apps/office/src/sw/source/uibase/wrtsh/wrtsh1.test.ts",
      "side": "local"
    },
    {
      "kind": "tests",
      "path": "sw/qa/extras/tiledrendering/tiledrendering.cxx",
      "side": "upstream"
    },
    {
      "kind": "implementation",
      "path": "apps/office/src/sw/source/filter/xml/swxml.ts",
      "side": "local"
    },
    {
      "kind": "tests",
      "path": "apps/office/src/sw/source/filter/xml/odt-roundtrip.test.ts",
      "side": "local"
    },
    {
      "kind": "docs",
      "path": "docs/program/writer-odt-format.md",
      "side": "local"
    },
    {
      "kind": "implementation",
      "path": "sw/source/filter/xml/swxml.cxx",
      "side": "upstream"
    },
    {
      "kind": "tests",
      "path": "sw/qa/extras/odfimport/odffeatures.cxx",
      "side": "upstream"
    },
    {
      "kind": "docs",
      "path": "helpcontent2/source/text/shared/00/00000021.xhp",
      "side": "upstream"
    },
    {
      "kind": "tests",
      "path": "apps/office/src/sw/source/filter/xml/odt-roundtrip.test.ts",
      "side": "local"
    },
    {
      "kind": "tests",
      "path": "sw/qa/extras/odfimport/odffeatures.cxx",
      "side": "upstream"
    },
    {
      "kind": "implementation",
      "path": "apps/office/src/sw/source/filter/xml/swxml.ts",
      "side": "local"
    },
    {
      "kind": "tests",
      "path": "apps/office/src/sw/source/filter/xml/odt-roundtrip.test.ts",
      "side": "local"
    },
    {
      "kind": "docs",
      "path": "docs/program/writer-odt-format.md",
      "side": "local"
    },
    {
      "kind": "implementation",
      "path": "sw/source/filter/xml/swxml.cxx",
      "side": "upstream"
    },
    {
      "kind": "tests",
      "path": "sw/qa/extras/odfimport/odffeatures.cxx",
      "side": "upstream"
    },
    {
      "kind": "docs",
      "path": "helpcontent2/source/text/shared/00/00000021.xhp",
      "side": "upstream"
    },
    {
      "kind": "tests",
      "path": "apps/office/src/sw/source/filter/xml/odt-roundtrip.test.ts",
      "side": "local"
    },
    {
      "kind": "tests",
      "path": "sw/qa/extras/odfimport/odffeatures.cxx",
      "side": "upstream"
    },
    {
      "kind": "implementation",
      "path": "apps/office/src/xmloff/source/text/txtparai.ts",
      "side": "local"
    },
    {
      "kind": "tests",
      "path": "apps/office/src/sw/source/filter/xml/odt-roundtrip.test.ts",
      "side": "local"
    },
    {
      "kind": "docs",
      "path": "docs/program/writer-odt-format.md",
      "side": "local"
    },
    {
      "kind": "implementation",
      "path": "xmloff/source/text/txtparai.cxx",
      "side": "upstream"
    },
    {
      "kind": "tests",
      "path": "sw/qa/extras/odfimport/odffeatures.cxx",
      "side": "upstream"
    },
    {
      "kind": "docs",
      "path": "helpcontent2/source/text/shared/00/00000021.xhp",
      "side": "upstream"
    },
    {
      "kind": "tests",
      "path": "apps/office/src/sw/source/filter/xml/odt-roundtrip.test.ts",
      "side": "local"
    },
    {
      "kind": "tests",
      "path": "sw/qa/extras/odfimport/odffeatures.cxx",
      "side": "upstream"
    },
    {
      "kind": "implementation",
      "path": "apps/office/src/sw/source/filter/xml/xmlimp.ts",
      "side": "local"
    },
    {
      "kind": "tests",
      "path": "scripts/libreoffice-inventory/odt-upstream-fixtures.test.ts",
      "side": "local"
    },
    {
      "kind": "docs",
      "path": "docs/program/writer-odt-format.md",
      "side": "local"
    },
    {
      "kind": "implementation",
      "path": "xmloff/source/text/txtparai.cxx",
      "side": "upstream"
    },
    {
      "kind": "tests",
      "path": "sw/qa/extras/odfimport/odffeatures.cxx",
      "side": "upstream"
    },
    {
      "kind": "docs",
      "path": "helpcontent2/source/text/shared/00/00000021.xhp",
      "side": "upstream"
    },
    {
      "kind": "tests",
      "path": "scripts/libreoffice-inventory/odt-upstream-fixtures.test.ts",
      "side": "local"
    },
    {
      "kind": "tests",
      "path": "sw/qa/extras/odfimport/odffeatures.cxx",
      "side": "upstream"
    },
    {
      "kind": "implementation",
      "path": "apps/office/src/sw/source/filter/xml/xmlimp.ts",
      "side": "local"
    },
    {
      "kind": "tests",
      "path": "scripts/libreoffice-inventory/odt-upstream-fixtures.test.ts",
      "side": "local"
    },
    {
      "kind": "docs",
      "path": "docs/program/writer-odt-format.md",
      "side": "local"
    },
    {
      "kind": "implementation",
      "path": "xmloff/source/text/txtparai.cxx",
      "side": "upstream"
    },
    {
      "kind": "tests",
      "path": "sw/qa/extras/odfimport/odffeatures.cxx",
      "side": "upstream"
    },
    {
      "kind": "docs",
      "path": "helpcontent2/source/text/shared/00/00000021.xhp",
      "side": "upstream"
    },
    {
      "kind": "tests",
      "path": "scripts/libreoffice-inventory/odt-upstream-fixtures.test.ts",
      "side": "local"
    },
    {
      "kind": "tests",
      "path": "sw/qa/extras/odfimport/odffeatures.cxx",
      "side": "upstream"
    },
    {
      "kind": "implementation",
      "path": "apps/office/src/xmloff/source/text/txtparae.ts",
      "side": "local"
    },
    {
      "kind": "tests",
      "path": "apps/office/src/sw/source/filter/xml/odt-roundtrip.test.ts",
      "side": "local"
    },
    {
      "kind": "docs",
      "path": "docs/program/writer-odt-format.md",
      "side": "local"
    },
    {
      "kind": "implementation",
      "path": "xmloff/source/text/txtparae.cxx",
      "side": "upstream"
    },
    {
      "kind": "tests",
      "path": "sw/qa/extras/odfimport/odffeatures.cxx",
      "side": "upstream"
    },
    {
      "kind": "docs",
      "path": "helpcontent2/source/text/shared/00/00000021.xhp",
      "side": "upstream"
    },
    {
      "kind": "tests",
      "path": "apps/office/src/sw/source/filter/xml/odt-roundtrip.test.ts",
      "side": "local"
    },
    {
      "kind": "tests",
      "path": "sw/qa/extras/odfimport/odffeatures.cxx",
      "side": "upstream"
    },
    {
      "kind": "implementation",
      "path": "apps/office/src/sw/source/filter/xml/xmlimp.ts",
      "side": "local"
    },
    {
      "kind": "tests",
      "path": "apps/office/src/sw/source/filter/xml/odt-roundtrip.test.ts",
      "side": "local"
    },
    {
      "kind": "docs",
      "path": "docs/program/writer-odt-format.md",
      "side": "local"
    },
    {
      "kind": "implementation",
      "path": "sw/source/filter/xml/xmlimp.cxx",
      "side": "upstream"
    },
    {
      "kind": "tests",
      "path": "sw/qa/extras/odfimport/odffeatures.cxx",
      "side": "upstream"
    },
    {
      "kind": "docs",
      "path": "helpcontent2/source/text/shared/00/00000021.xhp",
      "side": "upstream"
    },
    {
      "kind": "tests",
      "path": "apps/office/src/sw/source/filter/xml/odt-roundtrip.test.ts",
      "side": "local"
    },
    {
      "kind": "tests",
      "path": "sw/qa/extras/odfimport/odffeatures.cxx",
      "side": "upstream"
    },
    {
      "kind": "implementation",
      "path": "apps/office/src/sw/source/core/unocore/unosett.ts",
      "side": "local"
    },
    {
      "kind": "tests",
      "path": "apps/office/src/sw/source/filter/xml/odt-roundtrip.test.ts",
      "side": "local"
    },
    {
      "kind": "docs",
      "path": "docs/program/writer-odt-format.md",
      "side": "local"
    },
    {
      "kind": "implementation",
      "path": "sw/source/filter/xml/xmlimp.cxx",
      "side": "upstream"
    },
    {
      "kind": "tests",
      "path": "sw/qa/extras/odfimport/odffeatures.cxx",
      "side": "upstream"
    },
    {
      "kind": "docs",
      "path": "helpcontent2/source/text/shared/00/00000021.xhp",
      "side": "upstream"
    },
    {
      "kind": "tests",
      "path": "apps/office/src/sw/source/filter/xml/odt-roundtrip.test.ts",
      "side": "local"
    },
    {
      "kind": "tests",
      "path": "sw/qa/extras/odfimport/odffeatures.cxx",
      "side": "upstream"
    },
    {
      "kind": "implementation",
      "path": "apps/office/src/xmloff/source/text/txtparai.ts",
      "side": "local"
    },
    {
      "kind": "tests",
      "path": "apps/office/src/sw/source/filter/xml/odt-roundtrip.test.ts",
      "side": "local"
    },
    {
      "kind": "docs",
      "path": "docs/program/writer-odt-format.md",
      "side": "local"
    },
    {
      "kind": "implementation",
      "path": "xmloff/source/text/txtparai.cxx",
      "side": "upstream"
    },
    {
      "kind": "tests",
      "path": "sw/qa/extras/odfimport/odffeatures.cxx",
      "side": "upstream"
    },
    {
      "kind": "docs",
      "path": "helpcontent2/source/text/shared/00/00000021.xhp",
      "side": "upstream"
    },
    {
      "kind": "tests",
      "path": "apps/office/src/sw/source/filter/xml/odt-roundtrip.test.ts",
      "side": "local"
    },
    {
      "kind": "tests",
      "path": "sw/qa/extras/odfimport/odffeatures.cxx",
      "side": "upstream"
    },
    {
      "kind": "implementation",
      "path": "apps/office/src/xmloff/source/text/XMLTextListItemContext.ts",
      "side": "local"
    },
    {
      "kind": "implementation",
      "path": "apps/office/src/xmloff/source/text/txtparae.ts",
      "side": "local"
    },
    {
      "kind": "tests",
      "path": "apps/office/src/sw/source/filter/xml/odt-roundtrip.test.ts",
      "side": "local"
    },
    {
      "kind": "docs",
      "path": "docs/program/writer-odt-format.md",
      "side": "local"
    },
    {
      "kind": "implementation",
      "path": "xmloff/source/text/txtparai.cxx",
      "side": "upstream"
    },
    {
      "kind": "implementation",
      "path": "xmloff/source/text/txtparae.cxx",
      "side": "upstream"
    },
    {
      "kind": "tests",
      "path": "sw/qa/extras/odfimport/odffeatures.cxx",
      "side": "upstream"
    },
    {
      "kind": "docs",
      "path": "helpcontent2/source/text/shared/00/00000021.xhp",
      "side": "upstream"
    },
    {
      "kind": "tests",
      "path": "apps/office/src/sw/source/filter/xml/odt-roundtrip.test.ts",
      "side": "local"
    },
    {
      "kind": "tests",
      "path": "sw/qa/extras/odfimport/odffeatures.cxx",
      "side": "upstream"
    }
  ],
  "schemaVersion": 6,
  "serializationParityCount": 43,
  "scopeLimitationCount": 74,
  "unresolvedParityCount": 0,
  "unclassifiedDivergenceCount": 0,
  "verifiedCount": 43,
  "runtime": {
    "commandCount": 47,
    "exportedOperationCount": 250,
    "internalOperationCount": 2,
    "modules": [
      {
        "capabilityIds": [
          "CAP-0112"
        ],
        "classification": "upstream-mechanism",
        "path": "apps/office/src/editeng/source/items/frmitems.ts",
        "semantic": {
          "behaviorStatus": "unverified",
          "contractStatus": "unverified",
          "defaultStatus": "unverified",
          "divergenceClass": "none",
          "evidence": [
            "apps/office/src/editeng/source/items/frmitems.ts#SvxTextLeftMarginItem",
            "apps/office/src/editeng/source/items/frmitems.ts#SvxULSpaceItem",
            "vendor/libreoffice-reference/editeng/source/items/frmitems.cxx#SvxTextLeftMarginItem::SetTextLeft",
            "vendor/libreoffice-reference/editeng/source/items/frmitems.cxx#SvxRightMarginItem::SetRight",
            "vendor/libreoffice-reference/editeng/source/items/frmitems.cxx#SvxFirstLineIndentItem::SvxFirstLineIndentItem",
            "vendor/libreoffice-reference/editeng/source/items/frmitems.cxx#SvxULSpaceItem::SvxULSpaceItem",
            "apps/office/src/editeng/source/items/frmitems.test.ts#preserves signed text-left margins and persistence values",
            "apps/office/src/editeng/source/items/frmitems.test.ts#preserves first-line indent, right margin, and paragraph spacing items"
          ],
          "justification": "These four existing margin, indent and spacing classes now reside with their pinned frmitems.cxx owner. Existing assertions cover signed margin values, cloning, equality, browser item-codec round trips, automatic first-line mode and contextual spacing. Broader native item contracts, units and defaults remain individually unverified.",
          "knownViolations": [],
          "localSymbols": [
            "SvxTextLeftMarginItem",
            "SvxFirstLineIndentItem",
            "SvxRightMarginItem",
            "SvxULSpaceItem"
          ],
          "sourceResponsibility": "aligned",
          "upstreamFile": "editeng/source/items/frmitems.cxx",
          "upstreamSymbols": [
            "SvxTextLeftMarginItem",
            "SvxFirstLineIndentItem",
            "SvxRightMarginItem",
            "SvxULSpaceItem"
          ]
        },
        "state": "foundation",
        "subsystem": "formatting-model",
        "suite": "shared",
        "exportedOperations": []
      },
      {
        "capabilityIds": [
          "CAP-0112"
        ],
        "classification": "upstream-mechanism",
        "path": "apps/office/src/editeng/source/items/numitem.ts",
        "semantic": {
          "behaviorStatus": "unverified",
          "contractStatus": "unverified",
          "defaultStatus": "unverified",
          "divergenceClass": "none",
          "evidence": [
            "apps/office/src/editeng/source/items/numitem.test.ts#initializes independent zero geometry in legacy mode",
            "apps/office/src/editeng/source/items/numitem.test.ts#switches native legacy getters without rewriting either geometry group",
            "apps/office/src/editeng/source/items/numitem.test.ts#retains native signed getter widths at integer boundaries",
            "apps/office/src/sw/source/filter/xml/odt-list-position-mode-roundtrip.test.ts#selects native mode independently of child geometry through common and automatic ODT cycles",
            "apps/office/src/sw/source/filter/xml/odt-list-position-mode-roundtrip.test.ts#retains pre-existing browser snapshots with absent inactive legacy fields",
            "apps/office/src/xmloff/source/style/xmlnume.test.ts#exports only the native legacy group with nonzero and positive attribute predicates",
            "vendor/libreoffice-reference/editeng/source/items/numitem.cxx#SvxNumberFormat::SvxNumberFormat",
            "vendor/libreoffice-reference/editeng/source/items/numitem.cxx#SvxNumberFormat::GetAbsLSpace",
            "vendor/libreoffice-reference/editeng/source/items/numitem.cxx#SvxNumberFormat::GetFirstLineOffset",
            "vendor/libreoffice-reference/editeng/source/items/numitem.cxx#SvxNumberFormat::GetCharTextDistance",
            "vendor/libreoffice-reference/editeng/source/items/numitem.cxx#SvxNumberFormat::SetPositionAndSpaceMode",
            "vendor/libreoffice-reference/xmloff/source/style/xmlnumi.cxx#SvxXMLListLevelStyleContext_Impl::SvxXMLListLevelStyleContext_Impl",
            "vendor/libreoffice-reference/xmloff/source/style/xmlnumi.cxx#SvxXMLListLevelStyleAttrContext_Impl::SvxXMLListLevelStyleAttrContext_Impl",
            "vendor/libreoffice-reference/xmloff/source/style/xmlnume.cxx#SvxXMLNumRuleExport::exportLevelStyle",
            "apps/office/src/editeng/source/items/numitem.test.ts#owns native marker defaults, unsigned values and ListFormat invalidation",
            "apps/office/src/editeng/source/items/numitem.test.ts#derives compatibility fields literally from native percent scanning",
            "apps/office/src/sw/source/core/doc/number-list-format.test.ts#substitutes requested Arabic levels literally and retains unavailable placeholders",
            "apps/office/src/sw/source/core/doc/number-list-format.test.ts#preserves independent ListFormat state in owned clones and Worker transfer",
            "vendor/libreoffice-reference/editeng/source/items/numitem.cxx#SvxNumberFormat::SetListFormat"
          ],
          "justification": "Declared levels retain independent native legacy and alignment geometry with zero defaults; only exact label-alignment selects modern mode. SvxNumberFormat in editeng owns positional state, signed widths and mode-dependent getters; Writer inherits and copies all fields. xmlnumi owns level/property contexts and MM100 legacy parsing/assembly. Writer conversion precedes core application, and xmlnume emits the selected group with native signs and omission predicates. Thirteen literal common/automatic ODT cases verify mode spellings/absence, child presence, independent state, signed/bounded/partial/invalid legacy fields, exact XML and reopen. Clone and browser snapshots preserve inactive fields; primitive browser geometry selects the active group. Full line layout, numbering families, omitted-level construction, native UNO replacement failures (including signed SymbolTextDistance narrowing), extensions and wider contracts/defaults remain separately unverified. No whole-module promotion. Marker prefix/suffix/start/include-upper state now belongs to SvxNumberFormat. Both pinned SetListFormat overloads, native unsigned fields, optional-empty distinction, affix invalidation and compatibility derivation are source-compared. Writer standalone numeric suffix is empty; modern base levels store %level%. patterns. Writer MakeNumString substitutes requested levels in order, retains future and malformed references, formats zero and character-special substitutions like the native supported subset, and preserves its native dot fallback. SwTextNode owns visible bullet glyph projection. Owned copies and Worker graph v16 preserve raw pattern and independent compatibility state. A bounded extracted C++ harness compares 188 marker states/labels and 83 owned-clone labels; full native build, additional numbering families, continuous/outline/NONE/bitmap rules, font machinery, include-strings/hidden-nonnumerical variants and XML marker/ListFormat attributes remain separate unverified obligations.",
          "knownViolations": [],
          "localSymbols": [
            "SvxNumberFormat",
            "SvxNumPositionAndSpaceMode",
            "NumberingPositionProperties",
            "NumberingMarkerProperties"
          ],
          "sourceResponsibility": "unverified",
          "upstreamFile": "editeng/source/items/numitem.cxx",
          "upstreamSymbols": [
            "SvxNumberFormat::SvxNumberFormat",
            "SvxNumberFormat::GetAbsLSpace",
            "SvxNumberFormat::GetFirstLineOffset",
            "SvxNumberFormat::GetCharTextDistance",
            "SvxNumberFormat::SetPositionAndSpaceMode",
            "SvxNumberFormat::SetPrefix",
            "SvxNumberFormat::SetSuffix",
            "SvxNumberFormat::SetListFormat",
            "SvxNumberFormat::GetListFormat"
          ]
        },
        "state": "active",
        "subsystem": "formatting-model",
        "suite": "shared",
        "exportedOperations": []
      },
      {
        "capabilityIds": [
          "CAP-0112"
        ],
        "classification": "upstream-mechanism",
        "path": "apps/office/src/editeng/source/items/paraitem.ts",
        "semantic": {
          "behaviorStatus": "unverified",
          "contractStatus": "unverified",
          "defaultStatus": "unverified",
          "divergenceClass": "none",
          "evidence": [
            "apps/office/src/editeng/source/items/paraitem.ts#SvxAdjust",
            "vendor/libreoffice-reference/editeng/source/items/paraitem.cxx#SvxAdjust",
            "apps/office/src/editeng/source/items/paraitem.test.ts#SvxTabStopItem",
            "vendor/libreoffice-reference/editeng/source/items/paraitem.cxx#SvxTabStopItem::Insert",
            "vendor/libreoffice-reference/editeng/source/items/paraitem.cxx#SvxTabStop::SvxTabStop( const sal_Int32",
            "vendor/libreoffice-reference/editeng/source/items/paraitem.cxx#SvxTabStopItem::SetDefaultDistance",
            "vendor/libreoffice-reference/include/editeng/tstpitem.hxx#sal_Int32       nTabPos",
            "apps/office/src/editeng/source/items/paraitem.test.ts#preserves signed int32 positions and direct default distances through ordered items and codec",
            "apps/office/src/sw/source/filter/xml/odt-property-roundtrip.test.ts#imports and round-trips signed tab positions in paragraph and inherited style properties"
          ],
          "justification": "Pinned tab-stop construction, ordering, replacement, equality, clone, and the Writer pool default have focused assertions; other paragraph item contracts in this module remain unverified. Frame-owned margin and spacing classes have been moved to frmitems.ts; alignment, tabs and line spacing remain with their pinned paraitem.cxx owner. Tab-stop positions and the direct SetDefaultDistance setter now preserve the signed sal_Int32 domain, including both endpoints; focused assertions cover rejected fractional/nonfinite/out-of-domain values, signed ordering/replacement, clone independence, complete snapshot and real Writer-pool browser-codec restoration. The generated-stop constructor retains its unsigned spacing domain. This direct setter is distinct from the native UNO PutValue negative-distance restriction. Broader paragraph contracts remain unverified.",
          "knownViolations": [],
          "localSymbols": [
            "SvxAdjust",
            "SvxAdjustItem",
            "SvxLineSpacingItem",
            "SvxTabAdjust",
            "SvxTabStop",
            "SvxTabStopItem"
          ],
          "sourceResponsibility": "unverified",
          "upstreamFile": "editeng/source/items/paraitem.cxx",
          "upstreamSymbols": [
            "SvxAdjust",
            "SvxAdjustItem",
            "SvxLineSpacingItem::CreateDefault",
            "SvxAdjustItem::CreateDefault",
            "SvxTabStop",
            "SvxTabStopItem",
            "SvxTabStopItem::Insert"
          ]
        },
        "state": "foundation",
        "subsystem": "formatting-model",
        "suite": "shared",
        "exportedOperations": []
      },
      {
        "capabilityIds": [
          "CAP-0112"
        ],
        "classification": "upstream-mechanism",
        "path": "apps/office/src/editeng/source/items/textitem.ts",
        "semantic": {
          "behaviorStatus": "unverified",
          "contractStatus": "unverified",
          "defaultStatus": "unverified",
          "divergenceClass": "none",
          "evidence": [
            "apps/office/src/editeng/source/items/textitem.ts#FontWeight",
            "vendor/libreoffice-reference/editeng/source/items/textitem.cxx#FontWeight"
          ],
          "justification": "Mapped provenance remains semantically unverified against editeng/source/items/textitem.cxx; recorded Phase 0 checks prevent path or symbol evidence from being treated as parity.",
          "knownViolations": [],
          "localSymbols": [
            "FontWeight",
            "FontItalic",
            "FontLineStyle",
            "SvxFontItem",
            "SvxFontHeightItem",
            "SvxWeightItem",
            "SvxPostureItem",
            "SvxUnderlineItem"
          ],
          "sourceResponsibility": "unverified",
          "upstreamFile": "editeng/source/items/textitem.cxx",
          "upstreamSymbols": [
            "FontWeight",
            "FontItalic",
            "FontLineStyle",
            "SvxFontItem",
            "SvxFontHeightItem",
            "SvxWeightItem"
          ]
        },
        "state": "active",
        "subsystem": "formatting-model",
        "suite": "shared",
        "exportedOperations": []
      },
      {
        "capabilityIds": [
          "CAP-0101"
        ],
        "classification": "browser-adaptation",
        "path": "apps/office/src/framework/browser/accelerators/keymapping.ts",
        "semantic": {
          "behaviorStatus": "not-applicable",
          "contractStatus": "not-applicable",
          "defaultStatus": "not-applicable",
          "divergenceClass": "B",
          "evidence": [
            "apps/office/src/framework/browser/accelerators/keymapping.ts#BrowserShortcutEvent"
          ],
          "justification": "Browser-owned keyboard, Intl locale, or Worker adaptation with no direct native source mapping.",
          "knownViolations": [],
          "localSymbols": [
            "normalizeCommandShortcut",
            "getBrowserShortcut"
          ],
          "sourceResponsibility": "browser-owned",
          "upstreamFile": null,
          "upstreamSymbols": []
        },
        "state": "active",
        "subsystem": "accelerators",
        "suite": "shared",
        "exportedOperations": [
          "getBrowserShortcut",
          "normalizeCommandShortcut"
        ]
      },
      {
        "capabilityIds": [],
        "classification": "local-infrastructure",
        "infrastructureExemption": "This composition or bootstrap module exports no document capability and is retained as explicit local infrastructure.",
        "path": "apps/office/src/framework/browser/app/SuiteCard.tsx",
        "semantic": {
          "behaviorStatus": "not-applicable",
          "contractStatus": "not-applicable",
          "defaultStatus": "not-applicable",
          "divergenceClass": "A",
          "evidence": [
            "apps/office/src/framework/browser/app/SuiteCard.tsx#SuiteCardProps"
          ],
          "justification": "Renders one accessible suite link for the office application launcher. The module composes local application contracts without reproducing one bounded LibreOffice source responsibility, so it carries no upstream mapping.",
          "knownViolations": [],
          "localSymbols": [
            "SuiteCard"
          ],
          "sourceResponsibility": "divergent",
          "upstreamFile": null,
          "upstreamSymbols": []
        },
        "state": "active",
        "subsystem": "application-services",
        "suite": "shared",
        "exportedOperations": [
          "SuiteCard"
        ]
      },
      {
        "capabilityIds": [],
        "classification": "local-infrastructure",
        "infrastructureExemption": "This composition or bootstrap module exports no document capability and is retained as explicit local infrastructure.",
        "path": "apps/office/src/framework/browser/app/bootstrap.tsx",
        "semantic": {
          "behaviorStatus": "not-applicable",
          "contractStatus": "not-applicable",
          "defaultStatus": "not-applicable",
          "divergenceClass": "A",
          "evidence": [
            "apps/office/src/framework/browser/app/bootstrap.tsx#mountApplication"
          ],
          "justification": "Mounts the React application into a caller-provided browser root with an explicit missing-root failure. The module composes local application contracts without reproducing one bounded LibreOffice source responsibility, so it carries no upstream mapping.",
          "knownViolations": [],
          "localSymbols": [
            "mountApplication"
          ],
          "sourceResponsibility": "divergent",
          "upstreamFile": null,
          "upstreamSymbols": []
        },
        "state": "active",
        "subsystem": "application-services",
        "suite": "shared",
        "exportedOperations": [
          "mountApplication"
        ]
      },
      {
        "capabilityIds": [
          "CAP-0101"
        ],
        "classification": "local-infrastructure",
        "path": "apps/office/src/framework/browser/app/desktop.tsx",
        "semantic": {
          "behaviorStatus": "not-applicable",
          "contractStatus": "not-applicable",
          "defaultStatus": "not-applicable",
          "divergenceClass": "A",
          "evidence": [
            "apps/office/src/framework/browser/app/desktop.tsx#Desktop"
          ],
          "justification": "Composes the pathname-routed browser-office launcher and full-page suite workspaces at the LibreOffice `framework/source/services/desktop.cxx` ownership boundary. The module composes local application contracts without reproducing one bounded LibreOffice source responsibility, so it carries no upstream mapping.",
          "knownViolations": [],
          "localSymbols": [
            "Desktop"
          ],
          "sourceResponsibility": "divergent",
          "upstreamFile": null,
          "upstreamSymbols": []
        },
        "state": "active",
        "subsystem": "application-services",
        "suite": "shared",
        "exportedOperations": [
          "Desktop"
        ]
      },
      {
        "capabilityIds": [
          "CAP-0101"
        ],
        "classification": "local-infrastructure",
        "path": "apps/office/src/framework/browser/app/modulemanager.ts",
        "semantic": {
          "behaviorStatus": "not-applicable",
          "contractStatus": "not-applicable",
          "defaultStatus": "not-applicable",
          "divergenceClass": "A",
          "evidence": [
            "apps/office/src/framework/browser/app/modulemanager.ts#SuiteId"
          ],
          "justification": "Defines the browser module-manager suite inventory presented by the foundation workbench without claiming feature parity. The module composes local application contracts without reproducing one bounded LibreOffice source responsibility, so it carries no upstream mapping.",
          "knownViolations": [],
          "localSymbols": [
            "createOfficeModuleDescriptors"
          ],
          "sourceResponsibility": "divergent",
          "upstreamFile": null,
          "upstreamSymbols": []
        },
        "state": "active",
        "subsystem": "application-services",
        "suite": "shared",
        "exportedOperations": [
          "createOfficeModuleDescriptors"
        ]
      },
      {
        "capabilityIds": [
          "CAP-0101",
          "CAP-0115"
        ],
        "classification": "browser-adaptation",
        "path": "apps/office/src/framework/browser/dispatch/browser-dispatcher.ts",
        "semantic": {
          "behaviorStatus": "unverified",
          "contractStatus": "not-applicable",
          "defaultStatus": "not-applicable",
          "divergenceClass": "B",
          "evidence": [
            "apps/office/src/framework/browser/dispatch/browser-dispatcher.ts#BrowserSfxDispatcher"
          ],
          "justification": "Observes Promise completion, pending state, and browser-facing failures outside the upstream-shaped Sfx dispatcher contract.",
          "knownViolations": [],
          "localSymbols": [],
          "sourceResponsibility": "browser-owned",
          "upstreamFile": null,
          "upstreamSymbols": []
        },
        "state": "active",
        "subsystem": "browser-dispatch",
        "suite": "shared",
        "exportedOperations": []
      },
      {
        "capabilityIds": [
          "CAP-0101"
        ],
        "classification": "browser-adaptation",
        "path": "apps/office/src/framework/browser/localization/BrowserLocalizationProvider.tsx",
        "semantic": {
          "behaviorStatus": "unverified",
          "contractStatus": "not-applicable",
          "defaultStatus": "not-applicable",
          "divergenceClass": "B",
          "evidence": [
            "apps/office/src/framework/browser/localization/BrowserLocalizationProvider.tsx#BrowserLocalizationProvider"
          ],
          "justification": "Provides the single browser locale service to the React presentation tree without owning document or command behavior.",
          "knownViolations": [],
          "localSymbols": [
            "BrowserLocalizationProvider"
          ],
          "sourceResponsibility": "browser-owned",
          "upstreamFile": null,
          "upstreamSymbols": []
        },
        "state": "active",
        "subsystem": "browser-presentation",
        "suite": "shared",
        "exportedOperations": [
          "BrowserLocalizationProvider"
        ]
      },
      {
        "capabilityIds": [
          "CAP-0101"
        ],
        "classification": "browser-adaptation",
        "path": "apps/office/src/framework/browser/localization/browser-localization-context.ts",
        "semantic": {
          "behaviorStatus": "unverified",
          "contractStatus": "not-applicable",
          "defaultStatus": "not-applicable",
          "divergenceClass": "B",
          "evidence": [
            "apps/office/src/framework/browser/localization/browser-localization-context.ts#useBrowserLocalization"
          ],
          "justification": "Adapts the application localization service to React context without owning document or command behavior.",
          "knownViolations": [],
          "localSymbols": [
            "useBrowserLocalization"
          ],
          "sourceResponsibility": "browser-owned",
          "upstreamFile": null,
          "upstreamSymbols": []
        },
        "state": "active",
        "subsystem": "browser-presentation",
        "suite": "shared",
        "exportedOperations": [
          "useBrowserLocalization"
        ]
      },
      {
        "capabilityIds": [
          "CAP-0101"
        ],
        "classification": "browser-adaptation",
        "path": "apps/office/src/framework/browser/localization/browser-localization.ts",
        "semantic": {
          "behaviorStatus": "unverified",
          "contractStatus": "not-applicable",
          "defaultStatus": "not-applicable",
          "divergenceClass": "B",
          "evidence": [
            "apps/office/src/framework/browser/localization/browser-localization.ts#BrowserLocalizationService"
          ],
          "justification": "Owns browser locale selection and catalog fallback outside LibreOffice implementation paths.",
          "knownViolations": [],
          "localSymbols": [
            "createBrowserLocalizationService"
          ],
          "sourceResponsibility": "browser-owned",
          "upstreamFile": null,
          "upstreamSymbols": []
        },
        "state": "active",
        "subsystem": "browser-presentation",
        "suite": "shared",
        "exportedOperations": [
          "createBrowserLocalizationService"
        ]
      },
      {
        "capabilityIds": [
          "CAP-0101"
        ],
        "classification": "browser-adaptation",
        "path": "apps/office/src/framework/browser/localization/messages.ts",
        "semantic": {
          "behaviorStatus": "not-applicable",
          "contractStatus": "not-applicable",
          "defaultStatus": "not-applicable",
          "divergenceClass": "B",
          "evidence": [
            "apps/office/src/framework/browser/localization/messages.ts#MessageCatalog"
          ],
          "justification": "Browser-owned keyboard, Intl locale, or Worker adaptation with no direct native source mapping.",
          "knownViolations": [],
          "localSymbols": [
            "normalizeLocale",
            "resolveMessage",
            "interpolateMessage"
          ],
          "sourceResponsibility": "browser-owned",
          "upstreamFile": null,
          "upstreamSymbols": []
        },
        "state": "foundation",
        "subsystem": "application-services",
        "suite": "shared",
        "exportedOperations": [
          "interpolateMessage",
          "normalizeLocale",
          "resolveMessage"
        ]
      },
      {
        "capabilityIds": [
          "CAP-0101",
          "CAP-0115",
          "CAP-0116"
        ],
        "classification": "browser-adaptation",
        "path": "apps/office/src/framework/browser/presentation/CommandMenuBar.tsx",
        "semantic": {
          "behaviorStatus": "unverified",
          "contractStatus": "not-applicable",
          "defaultStatus": "not-applicable",
          "divergenceClass": "B",
          "evidence": [
            "apps/office/src/framework/browser/presentation/CommandMenuBar.tsx#CommandMenuBar"
          ],
          "justification": "Contains React or browser DOM adaptation behind Writer command and model boundaries; no native LibreOffice source file is claimed as its owner.",
          "knownViolations": [],
          "localSymbols": [
            "CommandMenuBar"
          ],
          "sourceResponsibility": "browser-owned",
          "upstreamFile": null,
          "upstreamSymbols": []
        },
        "state": "active",
        "subsystem": "browser-presentation",
        "suite": "shared",
        "exportedOperations": [
          "CommandMenuBar"
        ]
      },
      {
        "capabilityIds": [
          "CAP-0101",
          "CAP-0112",
          "CAP-0115"
        ],
        "classification": "browser-adaptation",
        "path": "apps/office/src/framework/browser/presentation/CommandToolbar.tsx",
        "semantic": {
          "behaviorStatus": "unverified",
          "contractStatus": "not-applicable",
          "defaultStatus": "not-applicable",
          "divergenceClass": "B",
          "evidence": [
            "apps/office/src/framework/browser/presentation/CommandToolbar.tsx#CommandToolbarItems"
          ],
          "justification": "Projects generated toolbar placements through frame-owned Sfx command state and dispatch.",
          "knownViolations": [],
          "localSymbols": [
            "CommandButton",
            "CommandToolbarItems"
          ],
          "sourceResponsibility": "browser-owned",
          "upstreamFile": null,
          "upstreamSymbols": []
        },
        "state": "active",
        "subsystem": "browser-presentation",
        "suite": "shared",
        "exportedOperations": [
          "CommandButton",
          "CommandToolbarItems"
        ]
      },
      {
        "capabilityIds": [
          "CAP-0115"
        ],
        "classification": "browser-adaptation",
        "path": "apps/office/src/framework/browser/presentation/command-surface.ts",
        "semantic": {
          "behaviorStatus": "unverified",
          "contractStatus": "not-applicable",
          "defaultStatus": "not-applicable",
          "divergenceClass": "B",
          "evidence": [
            "apps/office/src/framework/browser/presentation/command-surface.ts#BrowserCommandSource"
          ],
          "justification": "Contains React or browser DOM adaptation behind Writer command and model boundaries; no native LibreOffice source file is claimed as its owner.",
          "knownViolations": [],
          "localSymbols": [
            "createBrowserCommandSource",
            "useBrowserCommandState",
            "useBrowserCommandPresentation"
          ],
          "sourceResponsibility": "browser-owned",
          "upstreamFile": null,
          "upstreamSymbols": []
        },
        "state": "active",
        "subsystem": "browser-presentation",
        "suite": "shared",
        "exportedOperations": [
          "createBrowserCommandSource",
          "useBrowserCommandPresentation",
          "useBrowserCommandState"
        ]
      },
      {
        "capabilityIds": [
          "CAP-0102",
          "CAP-0109",
          "CAP-0115"
        ],
        "classification": "browser-adaptation",
        "path": "apps/office/src/framework/browser/presentation/use-command-shortcuts.ts",
        "semantic": {
          "behaviorStatus": "unverified",
          "contractStatus": "not-applicable",
          "defaultStatus": "not-applicable",
          "divergenceClass": "B",
          "evidence": [
            "apps/office/src/framework/browser/presentation/use-command-shortcuts.ts#useCommandShortcuts"
          ],
          "justification": "Contains React or browser DOM adaptation behind Writer command and model boundaries; no native LibreOffice source file is claimed as its owner.",
          "knownViolations": [],
          "localSymbols": [
            "useCommandShortcuts"
          ],
          "sourceResponsibility": "browser-owned",
          "upstreamFile": null,
          "upstreamSymbols": []
        },
        "state": "active",
        "subsystem": "accelerators",
        "suite": "shared",
        "exportedOperations": [
          "useCommandShortcuts"
        ]
      },
      {
        "capabilityIds": [
          "CAP-0101",
          "CAP-0113"
        ],
        "classification": "browser-adaptation",
        "path": "apps/office/src/framework/browser/workers/worker-protocol.ts",
        "semantic": {
          "behaviorStatus": "not-applicable",
          "contractStatus": "not-applicable",
          "defaultStatus": "not-applicable",
          "divergenceClass": "B",
          "evidence": [
            "apps/office/src/framework/browser/workers/worker-protocol.ts#WORKER_PROTOCOL_VERSION"
          ],
          "justification": "Browser-owned keyboard, Intl locale, or Worker adaptation with no direct native source mapping.",
          "knownViolations": [],
          "localSymbols": [
            "createWorkerClientState",
            "issueWorkerRequest",
            "cancelWorkerRequest",
            "classifyWorkerResult"
          ],
          "sourceResponsibility": "browser-owned",
          "upstreamFile": null,
          "upstreamSymbols": []
        },
        "state": "active",
        "subsystem": "application-services",
        "suite": "shared",
        "exportedOperations": [
          "cancelWorkerRequest",
          "classifyWorkerResult",
          "createWorkerClientState",
          "issueWorkerRequest"
        ]
      },
      {
        "capabilityIds": [
          "CAP-0101"
        ],
        "classification": "upstream-mechanism",
        "path": "apps/office/src/framework/source/dispatch/dispatchprovider.ts",
        "semantic": {
          "behaviorStatus": "unverified",
          "contractStatus": "unverified",
          "defaultStatus": "not-applicable",
          "divergenceClass": "none",
          "evidence": [
            "apps/office/src/framework/source/dispatch/dispatchprovider.ts#FrameworkDispatchProvider",
            "vendor/libreoffice-reference/framework/source/dispatch/dispatchprovider.cxx#DispatchProvider"
          ],
          "justification": "Keeps framework as the outer dispatch-provider facade and delegates shell-stack resolution to sfx2 without owning dispatcher, frame, bindings, or slot state.",
          "knownViolations": [],
          "localSymbols": [],
          "sourceResponsibility": "aligned",
          "upstreamFile": "framework/source/dispatch/dispatchprovider.cxx",
          "upstreamSymbols": [
            "DispatchProvider"
          ]
        },
        "state": "active",
        "subsystem": "dispatch",
        "suite": "shared",
        "exportedOperations": []
      },
      {
        "capabilityIds": [
          "CAP-0114",
          "CAP-0122",
          "CAP-0133"
        ],
        "classification": "upstream-mechanism",
        "path": "apps/office/src/framework/source/services/autorecovery.ts",
        "semantic": {
          "behaviorStatus": "unverified",
          "contractStatus": "unverified",
          "defaultStatus": "unverified",
          "divergenceClass": "none",
          "evidence": [
            "docs/program/autosave-recovery.md#Browser-persistence-decision"
          ],
          "justification": "Intentional browser product decision: recovery is unsupported and must not be reintroduced. Future loss protection will be frequent full autosave through primary storage.",
          "knownViolations": [],
          "localSymbols": [],
          "sourceResponsibility": "unverified",
          "upstreamFile": "framework/source/services/autorecovery.cxx",
          "upstreamSymbols": [
            "cppu::supportsService",
            "OWeakObject::acquire",
            "OWeakObject::release",
            "svtools::ConfigItems"
          ]
        },
        "state": "active",
        "subsystem": "recovery",
        "suite": "shared",
        "exportedOperations": []
      },
      {
        "capabilityIds": [],
        "classification": "local-infrastructure",
        "infrastructureExemption": "This composition or bootstrap module exports no document capability and is retained as explicit local infrastructure.",
        "path": "apps/office/src/main.tsx",
        "semantic": {
          "behaviorStatus": "not-applicable",
          "contractStatus": "not-applicable",
          "defaultStatus": "not-applicable",
          "divergenceClass": "A",
          "evidence": [
            "apps/office/src/main.tsx#Boots the static browser entrypoint by connecting the HTML root to the documented React mount adapter."
          ],
          "justification": "Boots the static browser entrypoint by connecting the HTML root to the documented React mount adapter. The module composes local application contracts without reproducing one bounded LibreOffice source responsibility, so it carries no upstream mapping.",
          "knownViolations": [],
          "localSymbols": [],
          "sourceResponsibility": "browser-owned",
          "upstreamFile": null,
          "upstreamSymbols": []
        },
        "state": "active",
        "subsystem": "composition",
        "suite": "shared",
        "exportedOperations": []
      },
      {
        "capabilityIds": [
          "CAP-0113"
        ],
        "classification": "upstream-mechanism",
        "path": "apps/office/src/package/source/manifest/ManifestExport.ts",
        "semantic": {
          "behaviorStatus": "unverified",
          "contractStatus": "unverified",
          "defaultStatus": "unverified",
          "divergenceClass": "none",
          "evidence": [
            "apps/office/src/package/source/manifest/ManifestExport.ts#ODT_MIMETYPE",
            "vendor/libreoffice-reference/package/source/manifest/ManifestExport.cxx#ManifestExport::ManifestExport"
          ],
          "justification": "Mapped provenance remains semantically unverified against package/source/manifest/ManifestExport.cxx; recorded Phase 0 checks prevent path or symbol evidence from being treated as parity.",
          "knownViolations": [],
          "localSymbols": [
            "ODT_MIMETYPE",
            "createOdtManifestXml",
            "validateOdtManifestXml"
          ],
          "sourceResponsibility": "unverified",
          "upstreamFile": "package/source/manifest/ManifestExport.cxx",
          "upstreamSymbols": [
            "ManifestExport::ManifestExport",
            "Base64::encode",
            "OUString::number",
            "uno::RuntimeException"
          ]
        },
        "state": "active",
        "subsystem": "odf-filter",
        "suite": "shared",
        "exportedOperations": [
          "createOdtManifestXml",
          "validateOdtManifestXml"
        ]
      },
      {
        "capabilityIds": [
          "CAP-0113"
        ],
        "classification": "upstream-mechanism",
        "path": "apps/office/src/package/source/zipapi/CRC32.ts",
        "semantic": {
          "behaviorStatus": "unverified",
          "contractStatus": "unverified",
          "defaultStatus": "unverified",
          "divergenceClass": "none",
          "evidence": [
            "apps/office/src/package/source/zipapi/CRC32.ts#CRC32",
            "vendor/libreoffice-reference/package/source/zipapi/CRC32.cxx#CRC32::CRC32"
          ],
          "justification": "Mapped provenance remains semantically unverified against package/source/zipapi/CRC32.cxx; recorded Phase 0 checks prevent path or symbol evidence from being treated as parity.",
          "knownViolations": [],
          "localSymbols": [
            "CRC32"
          ],
          "sourceResponsibility": "unverified",
          "upstreamFile": "package/source/zipapi/CRC32.cxx",
          "upstreamSymbols": [
            "CRC32::CRC32",
            "CRC32::reset",
            "CRC32::getValue",
            "CRC32::updateSegment"
          ]
        },
        "state": "active",
        "subsystem": "odf-filter",
        "suite": "shared",
        "exportedOperations": []
      },
      {
        "capabilityIds": [
          "CAP-0113"
        ],
        "classification": "upstream-mechanism",
        "path": "apps/office/src/package/source/zipapi/ZipFile.ts",
        "semantic": {
          "behaviorStatus": "unverified",
          "contractStatus": "unverified",
          "defaultStatus": "unverified",
          "divergenceClass": "none",
          "evidence": [
            "apps/office/src/package/source/zipapi/ZipFile.ts#ZipFileLimits",
            "vendor/libreoffice-reference/package/source/zipapi/ZipFile.cxx#ZipFile::ZipFile"
          ],
          "justification": "Mapped provenance remains semantically unverified against package/source/zipapi/ZipFile.cxx; recorded Phase 0 checks prevent path or symbol evidence from being treated as parity.",
          "knownViolations": [],
          "localSymbols": [
            "ZipFileLimits",
            "DEFAULT_ZIP_FILE_LIMITS",
            "ZipFile",
            "assertSafeZipEntryName"
          ],
          "sourceResponsibility": "unverified",
          "upstreamFile": "package/source/zipapi/ZipFile.cxx",
          "upstreamSymbols": [
            "ZipFile::ZipFile",
            "std::move",
            "ZipFile::~ZipFile",
            "ZipFile::setInputStream"
          ]
        },
        "state": "active",
        "subsystem": "odf-filter",
        "suite": "shared",
        "exportedOperations": [
          "assertSafeZipEntryName"
        ]
      },
      {
        "capabilityIds": [
          "CAP-0113"
        ],
        "classification": "upstream-mechanism",
        "path": "apps/office/src/package/source/zipapi/ZipOutputStream.ts",
        "semantic": {
          "behaviorStatus": "unverified",
          "contractStatus": "unverified",
          "defaultStatus": "unverified",
          "divergenceClass": "none",
          "evidence": [
            "apps/office/src/package/source/zipapi/ZipOutputStream.ts#ZipOutputStream",
            "vendor/libreoffice-reference/package/source/zipapi/ZipOutputStream.cxx#ZipOutputStream::ZipOutputStream"
          ],
          "justification": "Mapped provenance remains semantically unverified against package/source/zipapi/ZipOutputStream.cxx; recorded Phase 0 checks prevent path or symbol evidence from being treated as parity.",
          "knownViolations": [],
          "localSymbols": [
            "ZipOutputStream"
          ],
          "sourceResponsibility": "unverified",
          "upstreamFile": "package/source/zipapi/ZipOutputStream.cxx",
          "upstreamSymbols": [
            "ZipOutputStream::ZipOutputStream",
            "ThreadPool::createThreadTaskTag",
            "ZipOutputStream::~ZipOutputStream",
            "ZipOutputStream::setEntry"
          ]
        },
        "state": "active",
        "subsystem": "odf-filter",
        "suite": "shared",
        "exportedOperations": []
      },
      {
        "capabilityIds": [
          "CAP-0113",
          "CAP-0128"
        ],
        "classification": "upstream-mechanism",
        "path": "apps/office/src/sax/source/fastparser/fastparser.ts",
        "semantic": {
          "behaviorStatus": "unverified",
          "contractStatus": "unverified",
          "defaultStatus": "unverified",
          "divergenceClass": "none",
          "evidence": [
            "apps/office/src/sax/source/fastparser/fastparser.ts#parseFastXmlStream",
            "vendor/libreoffice-reference/sax/source/fastparser/fastparser.cxx#FastSaxParserImpl::parseStream",
            "apps/office/src/sax/source/fastparser/fastparser.test.ts#ignores comments and processing instructions as the upstream import does"
          ],
          "justification": "Pinned SAX fast parser owns bounded event delivery and resource ceilings; browser SAX dependency replaces expat. Broader SAX behavior remains unverified.",
          "knownViolations": [],
          "localSymbols": [
            "DEFAULT_FAST_XML_LIMITS",
            "parseFastXmlStream"
          ],
          "sourceResponsibility": "aligned",
          "upstreamFile": "sax/source/fastparser/fastparser.cxx",
          "upstreamSymbols": [
            "FastSaxParserImpl",
            "FastSaxParserImpl::parseStream"
          ]
        },
        "state": "active",
        "subsystem": "odf-filter",
        "suite": "shared",
        "exportedOperations": [
          "parseFastXmlStream"
        ]
      },
      {
        "capabilityIds": [
          "CAP-0113",
          "CAP-0128"
        ],
        "classification": "upstream-mechanism",
        "path": "apps/office/src/sax/source/tools/converter.ts",
        "semantic": {
          "behaviorStatus": "unverified",
          "contractStatus": "unverified",
          "defaultStatus": "unverified",
          "divergenceClass": "none",
          "evidence": [
            "apps/office/src/sax/source/tools/converter.ts#Converter",
            "apps/office/src/sax/source/tools/converter.test.ts#SAX native measure conversion",
            "vendor/libreoffice-reference/sax/source/tools/converter.cxx#lcl_convertMeasure",
            "vendor/libreoffice-reference/include/sax/fastattribs.hxx#std::string_view toView() const",
            "vendor/libreoffice-reference/sax/qa/cppunit/test_converter.cxx#ConverterTest::testMeasure",
            "apps/office/src/xmloff/source/style/xmlnumi.test.ts#uses native MM100 grammar, failed-value retention and SHRT field bounds",
            "apps/office/src/xmloff/source/style/xmlnume.test.ts#emits label-alignment mode even for zero or default command geometry",
            "apps/office/src/sw/source/core/unocore/unosett.test.ts#uses native integer ratios in both directions and retains only present properties",
            "apps/office/src/sw/source/filter/xml/odt-list-label-alignment-roundtrip.test.ts#round-trips native MM100 defaults, parsing bounds and conditional list attributes",
            "apps/office/src/sw/source/filter/xml/odt-list-label-alignment-roundtrip.test.ts#exports the default Writer list geometry at every supported level",
            "apps/office/src/xmloff/source/core/xmluconv.test.ts#delegates native core measure export to the supported CM unit",
            "vendor/libreoffice-reference/xmloff/source/style/xmlnumi.cxx#SvxXMLListLevelStyleLabelAlignmentAttrContext_Impl::SvxXMLListLevelStyleLabelAlignmentAttrContext_Impl",
            "vendor/libreoffice-reference/xmloff/source/style/xmlnume.cxx#SvxXMLNumRuleExport::exportLevelStyle",
            "vendor/libreoffice-reference/sw/source/core/unocore/unosett.cxx#SwXNumberingRules::SetNumberingRuleByIndex",
            "vendor/libreoffice-reference/sw/source/core/unocore/unosett.cxx#GetPropertiesForNumFormat",
            "vendor/libreoffice-reference/xmloff/source/core/xmluconv.cxx#SvXMLUnitConverter::convertMeasureToXML",
            "vendor/libreoffice-reference/sax/source/tools/converter.cxx#void Converter::convertMeasure( OUStringBuffer&"
          ],
          "justification": "Owns native SAX measure parsing for the implemented Twip and MM100 targets: UTF-8 attribute-view whitespace, optional unit, supported absolute units, target-dependent pixel acceptance, signed half-away rounding and caller/default int32 saturation. Source-derived tests and 95 cases against compiled unmodified pinned parser/measure functions verify these bounded contracts. The harness supplies platform types and native conversion ratios for these two targets. Other conversion APIs, target units and the UTF-16 overload remain unimplemented/unverified; no whole-module parity is claimed. For the existing LABEL_ALIGNMENT mode and LISTTAB/SPACE/NOTHING separators, source-owned xmlnumi parsing now retains zero defaults and MM100 fields with native Converter grammar/failure and SHRT bounds. The MM100 import port now carries both independent native geometry groups; the earlier legacy-to-alignment Twip emulation is removed. Writer numbering property conversion follows unosett.cxx signed MM100/Twip ratios; export projects native MM100 and delegates CM serialization to XML/SAX. ODF 1.3 XML emits explicit label-alignment mode and retains standard command geometry; indents are nonzero-only and tab position is exported only for LISTTAB with a positive value. Context/core assertions and eleven literal common/automatic ODT cases plus both default command marker families verify native quantization, conditional XML and manual reopen state. Full numbering/UNO, legacy position mode/property ownership, NEWLINE extensions, other XML units/versions, defaults and wider obligations remain unverified; no whole-module promotion.",
          "knownViolations": [],
          "localSymbols": [
            "CoreMeasureUnit",
            "Converter",
            "convertMeasureToXML"
          ],
          "sourceResponsibility": "aligned",
          "upstreamFile": "sax/source/tools/converter.cxx",
          "upstreamSymbols": [
            "Converter::convertMeasure",
            "lcl_parseMeasure",
            "lcl_convertMeasure"
          ]
        },
        "state": "active",
        "subsystem": "odf-filter",
        "suite": "shared",
        "exportedOperations": []
      },
      {
        "capabilityIds": [
          "CAP-0101",
          "CAP-0115"
        ],
        "classification": "upstream-mechanism",
        "path": "apps/office/src/sfx2/source/control/bindings.ts",
        "semantic": {
          "behaviorStatus": "unverified",
          "contractStatus": "unverified",
          "defaultStatus": "not-applicable",
          "divergenceClass": "none",
          "evidence": [
            "apps/office/src/sfx2/source/control/bindings.ts#SfxBindings",
            "vendor/libreoffice-reference/sfx2/source/control/bindings.cxx#SfxBindings::SfxBindings"
          ],
          "justification": "Ports the bounded frame-owned command state query and invalidation facade.",
          "knownViolations": [],
          "localSymbols": [
            "SfxBindings",
            "deriveParameterizedSlotState"
          ],
          "sourceResponsibility": "unverified",
          "upstreamFile": "sfx2/source/control/bindings.cxx",
          "upstreamSymbols": [
            "SfxBindings::SfxBindings"
          ]
        },
        "state": "active",
        "subsystem": "dispatch",
        "suite": "shared",
        "exportedOperations": [
          "deriveParameterizedSlotState"
        ]
      },
      {
        "capabilityIds": [
          "CAP-0101",
          "CAP-0115"
        ],
        "classification": "upstream-mechanism",
        "path": "apps/office/src/sfx2/source/control/ctrlitem.ts",
        "semantic": {
          "behaviorStatus": "unverified",
          "contractStatus": "unverified",
          "defaultStatus": "not-applicable",
          "divergenceClass": "none",
          "evidence": [
            "apps/office/src/sfx2/source/control/ctrlitem.ts#SfxControllerItem",
            "vendor/libreoffice-reference/sfx2/source/control/ctrlitem.cxx#SfxControllerItem::SfxControllerItem"
          ],
          "justification": "Ports one persistent slot-specific SfxControllerItem subscription per visible browser control.",
          "knownViolations": [],
          "localSymbols": [
            "SfxControllerItem"
          ],
          "sourceResponsibility": "unverified",
          "upstreamFile": "sfx2/source/control/ctrlitem.cxx",
          "upstreamSymbols": [
            "SfxControllerItem::SfxControllerItem"
          ]
        },
        "state": "active",
        "subsystem": "dispatch",
        "suite": "shared",
        "exportedOperations": []
      },
      {
        "capabilityIds": [
          "CAP-0101",
          "CAP-0115"
        ],
        "classification": "upstream-mechanism",
        "path": "apps/office/src/sfx2/source/control/dispatch.ts",
        "semantic": {
          "behaviorStatus": "unverified",
          "contractStatus": "unverified",
          "defaultStatus": "not-applicable",
          "divergenceClass": "none",
          "evidence": [
            "apps/office/src/sfx2/source/control/dispatch.ts#GetSlots",
            "apps/office/src/sfx2/source/control/dispatch.test.ts#GetSlots",
            "vendor/libreoffice-reference/sfx2/source/control/dispatch.cxx#SfxDispatcher::GetSlot"
          ],
          "justification": "Removed the unused GetCommands alias; active slot discovery remains in SfxDispatcher.GetSlots with a source-backed assertion. Broader dispatch behavior remains unverified.",
          "knownViolations": [],
          "localSymbols": [
            "SfxDispatcher",
            "isPromiseLike"
          ],
          "sourceResponsibility": "aligned",
          "upstreamFile": "sfx2/source/control/dispatch.cxx",
          "upstreamSymbols": [
            "SfxDispatcher",
            "SfxDispatcher::Push",
            "SfxDispatcher::Pop",
            "SfxDispatcher::Execute"
          ]
        },
        "state": "active",
        "subsystem": "dispatch",
        "suite": "shared",
        "exportedOperations": [
          "isPromiseLike"
        ]
      },
      {
        "capabilityIds": [
          "CAP-0101",
          "CAP-0115"
        ],
        "classification": "upstream-mechanism",
        "path": "apps/office/src/sfx2/source/control/msg.ts",
        "semantic": {
          "behaviorStatus": "unverified",
          "contractStatus": "unverified",
          "defaultStatus": "not-applicable",
          "divergenceClass": "none",
          "evidence": [
            "apps/office/src/sfx2/source/control/msg.ts#SfxSlot",
            "vendor/libreoffice-reference/include/sfx2/msg.hxx#class SfxSlot"
          ],
          "justification": "Ports the bounded immutable SfxSlot identity and Execute/GetState callback metadata used by the supported command slice.",
          "knownViolations": [],
          "localSymbols": [
            "SfxSlot"
          ],
          "sourceResponsibility": "aligned",
          "upstreamFile": "include/sfx2/msg.hxx",
          "upstreamSymbols": [
            "SfxSlot"
          ]
        },
        "state": "active",
        "subsystem": "dispatch",
        "suite": "shared",
        "exportedOperations": []
      },
      {
        "capabilityIds": [
          "CAP-0101",
          "CAP-0115"
        ],
        "classification": "upstream-mechanism",
        "path": "apps/office/src/sfx2/source/control/objface.ts",
        "semantic": {
          "behaviorStatus": "unverified",
          "contractStatus": "unverified",
          "defaultStatus": "not-applicable",
          "divergenceClass": "none",
          "evidence": [
            "apps/office/src/sfx2/source/control/objface.ts#SfxInterface",
            "vendor/libreoffice-reference/sfx2/source/control/objface.cxx#SfxInterface::GetSlot"
          ],
          "justification": "Ports the bounded generated SfxInterface slot map and command/slot lookup contract.",
          "knownViolations": [],
          "localSymbols": [
            "SfxInterface"
          ],
          "sourceResponsibility": "aligned",
          "upstreamFile": "sfx2/source/control/objface.cxx",
          "upstreamSymbols": [
            "SfxInterface::GetSlot",
            "SfxInterface::SetSlotMap"
          ]
        },
        "state": "active",
        "subsystem": "dispatch",
        "suite": "shared",
        "exportedOperations": []
      },
      {
        "capabilityIds": [
          "CAP-0101"
        ],
        "classification": "upstream-mechanism",
        "path": "apps/office/src/sfx2/source/control/request.ts",
        "semantic": {
          "behaviorStatus": "unverified",
          "contractStatus": "unverified",
          "defaultStatus": "not-applicable",
          "divergenceClass": "none",
          "evidence": [
            "apps/office/src/sfx2/source/control/request.ts#SfxRequest",
            "vendor/libreoffice-reference/sfx2/source/control/request.cxx#SfxRequest"
          ],
          "justification": "Ports the bounded slot, item-argument, completion, and return-item request contract while exposing browser payloads only at the adapter boundary.",
          "knownViolations": [],
          "localSymbols": [
            "SfxRequest",
            "createRequestArguments",
            "createRequestReturnItem",
            "parseCommandUrlArguments"
          ],
          "sourceResponsibility": "unverified",
          "upstreamFile": "sfx2/source/control/request.cxx",
          "upstreamSymbols": [
            "SfxRequest"
          ]
        },
        "state": "active",
        "subsystem": "dispatch",
        "suite": "shared",
        "exportedOperations": [
          "createRequestArguments",
          "createRequestReturnItem",
          "parseCommandUrlArguments"
        ]
      },
      {
        "capabilityIds": [
          "CAP-0101",
          "CAP-0115"
        ],
        "classification": "upstream-mechanism",
        "path": "apps/office/src/sfx2/source/control/shell.ts",
        "semantic": {
          "behaviorStatus": "unverified",
          "contractStatus": "unverified",
          "defaultStatus": "not-applicable",
          "divergenceClass": "none",
          "evidence": [
            "apps/office/src/sfx2/source/control/shell.ts#createSfxShell",
            "vendor/libreoffice-reference/sfx2/source/control/shell.cxx#SfxShell::ExecuteSlot"
          ],
          "justification": "Binds one generated SfxInterface to its concrete shell context and keeps Execute/GetState resolution outside the dispatcher.",
          "knownViolations": [],
          "localSymbols": [
            "SfxShell",
            "createSfxShell"
          ],
          "sourceResponsibility": "aligned",
          "upstreamFile": "sfx2/source/control/shell.cxx",
          "upstreamSymbols": [
            "SfxShell::ExecuteSlot",
            "SfxShell::GetSlotState"
          ]
        },
        "state": "active",
        "subsystem": "dispatch",
        "suite": "shared",
        "exportedOperations": [
          "createSfxShell"
        ]
      },
      {
        "capabilityIds": [
          "CAP-0135"
        ],
        "classification": "upstream-mechanism",
        "path": "apps/office/src/sfx2/source/dialog/basedlgs.ts",
        "semantic": {
          "behaviorStatus": "unverified",
          "contractStatus": "unverified",
          "defaultStatus": "not-applicable",
          "divergenceClass": "none",
          "evidence": [
            "apps/office/src/sfx2/source/dialog/basedlgs.ts#SfxDialogController",
            "vendor/libreoffice-reference/sfx2/source/dialog/basedlgs.cxx#SfxDialogController"
          ],
          "justification": "Ports the bounded asynchronous dialog-controller lifecycle while leaving rendering to the browser adapter.",
          "knownViolations": [],
          "localSymbols": [
            "SfxDialogController"
          ],
          "sourceResponsibility": "unverified",
          "upstreamFile": "sfx2/source/dialog/basedlgs.cxx",
          "upstreamSymbols": [
            "SfxDialogController"
          ]
        },
        "state": "active",
        "subsystem": "dispatch",
        "suite": "shared",
        "exportedOperations": []
      },
      {
        "capabilityIds": [
          "CAP-0114",
          "CAP-0131"
        ],
        "classification": "upstream-mechanism",
        "path": "apps/office/src/sfx2/source/doc/docfile.ts",
        "semantic": {
          "behaviorStatus": "parity",
          "contractStatus": "parity",
          "defaultStatus": "parity",
          "divergenceClass": "none",
          "evidence": [
            "apps/office/src/sfx2/source/doc/docfile.ts#SfxMedium",
            "vendor/libreoffice-reference/sfx2/source/doc/docfile.cxx#SfxMedium::SfxMedium()"
          ],
          "justification": "The bounded browser medium now preserves object identity and owns load/save/filter operation state; native stream and UCB mechanics remain explicitly excluded.",
          "knownViolations": [],
          "localSymbols": [
            "SfxMedium",
            "SfxMediumKind",
            "SfxMediumOrigin",
            "SfxMediumSource",
            "SfxMediumDestination",
            "SfxMediumOperation",
            "acquireSfxMedium"
          ],
          "sourceResponsibility": "aligned",
          "upstreamFile": "sfx2/source/doc/docfile.cxx",
          "upstreamSymbols": [
            "SfxMedium::SfxMedium",
            "SfxMedium::GetName",
            "SfxMedium::GetOrigURL",
            "SfxMedium::SetName",
            "SfxMedium::IsReadOnly",
            "SfxMedium::Transfer_Impl"
          ]
        },
        "state": "active",
        "subsystem": "document-lifecycle",
        "suite": "shared",
        "exportedOperations": [
          "acquireSfxMedium"
        ]
      },
      {
        "capabilityIds": [
          "CAP-0114",
          "CAP-0132"
        ],
        "classification": "upstream-mechanism",
        "path": "apps/office/src/sfx2/source/doc/objsh.ts",
        "semantic": {
          "behaviorStatus": "parity",
          "contractStatus": "parity",
          "defaultStatus": "parity",
          "divergenceClass": "B",
          "evidence": [
            "apps/office/src/sfx2/source/doc/objsh.ts#SfxObjectShell",
            "vendor/libreoffice-reference/sfx2/source/doc/objmisc.cxx#void SfxObjectShell::SetModified"
          ],
          "justification": "SfxObjectShell directly owns identity, title, modified/save-position/close state, and its retained primary medium. Browser recovery is intentionally unsupported.",
          "knownViolations": [],
          "localSymbols": [
            "SfxObjectShell",
            "SetModified",
            "SaveCompleted",
            "SetHistorySavePosition",
            "createDocument"
          ],
          "sourceResponsibility": "aligned",
          "upstreamFile": "include/sfx2/objsh.hxx",
          "upstreamSymbols": [
            "SfxObjectShell"
          ]
        },
        "state": "active",
        "subsystem": "document-lifecycle",
        "suite": "shared",
        "exportedOperations": [
          "createDocument"
        ]
      },
      {
        "capabilityIds": [
          "CAP-0101",
          "CAP-0115"
        ],
        "classification": "upstream-mechanism",
        "path": "apps/office/src/sfx2/source/view/frame.ts",
        "semantic": {
          "behaviorStatus": "unverified",
          "contractStatus": "unverified",
          "defaultStatus": "unverified",
          "divergenceClass": "none",
          "evidence": [
            "apps/office/src/sfx2/source/view/frame.ts#SfxUnoAnyItem",
            "vendor/libreoffice-reference/sfx2/source/view/frame.cxx#SfxUnoAnyItem::Clone",
            "vendor/libreoffice-reference/sfx2/source/view/frame.cxx#SfxUnoAnyItem::operator==",
            "apps/office/src/sfx2/source/control/request.test.ts#carries structured UNO arguments in SfxUnoAnyItem",
            "vendor/libreoffice-reference/sfx2/source/view/frame.cxx#SfxUnoAnyItem::QueryValue"
          ],
          "justification": "The implemented SfxUnoAnyItem equality now follows the pinned always-false operator and the class lives at its source owner. JavaScript object/UNO Any copying and broader request-value semantics remain unverified.",
          "knownViolations": [],
          "localSymbols": [
            "SfxUnoAnyItem"
          ],
          "sourceResponsibility": "aligned",
          "upstreamFile": "sfx2/source/view/frame.cxx",
          "upstreamSymbols": [
            "SfxUnoAnyItem",
            "SfxUnoAnyItem::Clone",
            "SfxUnoAnyItem::operator=="
          ]
        },
        "state": "active",
        "subsystem": "dispatch",
        "suite": "shared",
        "exportedOperations": []
      },
      {
        "capabilityIds": [
          "CAP-0101",
          "CAP-0102",
          "CAP-0103",
          "CAP-0104",
          "CAP-0105",
          "CAP-0106",
          "CAP-0107",
          "CAP-0109",
          "CAP-0110",
          "CAP-0112",
          "CAP-0113",
          "CAP-0114",
          "CAP-0115",
          "CAP-0135"
        ],
        "classification": "upstream-mechanism",
        "path": "apps/office/src/sfx2/source/view/viewfrm.ts",
        "semantic": {
          "behaviorStatus": "unverified",
          "contractStatus": "unverified",
          "defaultStatus": "not-applicable",
          "divergenceClass": "none",
          "evidence": [
            "apps/office/src/sfx2/source/view/viewfrm.ts#SfxViewFrame",
            "vendor/libreoffice-reference/sfx2/source/view/viewfrm.cxx#SfxViewFrame"
          ],
          "justification": "Owns the active view, dispatcher, bindings, and shell-stack lifetime at the upstream SfxViewFrame boundary; native window/controller responsibilities are not implemented.",
          "knownViolations": [],
          "localSymbols": [
            "SfxViewFrame"
          ],
          "sourceResponsibility": "aligned",
          "upstreamFile": "sfx2/source/view/viewfrm.cxx",
          "upstreamSymbols": [
            "SfxViewFrame",
            "SfxViewFrame::GetDispatcher",
            "SfxViewFrame::GetBindings"
          ]
        },
        "state": "active",
        "subsystem": "dispatch",
        "suite": "shared",
        "exportedOperations": []
      },
      {
        "capabilityIds": [
          "CAP-0112"
        ],
        "classification": "upstream-mechanism",
        "path": "apps/office/src/svl/source/items/cenumitm.ts",
        "semantic": {
          "behaviorStatus": "parity",
          "contractStatus": "parity",
          "defaultStatus": "parity",
          "divergenceClass": "none",
          "evidence": [
            "apps/office/src/svl/source/items/cenumitm.ts#SfxBoolItem",
            "vendor/libreoffice-reference/svl/source/items/cenumitm.cxx#SfxBoolItem::Clone",
            "vendor/libreoffice-reference/include/svl/eitem.hxx#SfxBoolItem",
            "vendor/libreoffice-reference/svl/source/items/cenumitm.cxx#SfxBoolItem::QueryValue",
            "vendor/libreoffice-reference/svl/source/items/cenumitm.cxx#SfxBoolItem::operator ==",
            "apps/office/src/svl/source/items/itemset.test.ts#implements the boolean request and state item value contract"
          ],
          "justification": "The implemented boolean item constructor default, GetValue, QueryValue, Clone and equality match the pinned SfxBoolItem source and header. Native mutation, presentation and pooling methods outside this implemented subset are omitted.",
          "knownViolations": [],
          "localSymbols": [
            "SfxBoolItem"
          ],
          "sourceResponsibility": "aligned",
          "upstreamFile": "svl/source/items/cenumitm.cxx",
          "upstreamSymbols": [
            "SfxBoolItem",
            "SfxBoolItem::Clone"
          ]
        },
        "state": "active",
        "subsystem": "formatting-model",
        "suite": "shared",
        "exportedOperations": []
      },
      {
        "capabilityIds": [
          "CAP-0112"
        ],
        "classification": "upstream-mechanism",
        "path": "apps/office/src/svl/source/items/cintitem.ts",
        "semantic": {
          "behaviorStatus": "unverified",
          "contractStatus": "unverified",
          "defaultStatus": "unverified",
          "divergenceClass": "none",
          "evidence": [
            "apps/office/src/svl/source/items/cintitem.ts#CntUInt16Item",
            "vendor/libreoffice-reference/svl/source/items/cintitem.cxx#CntUInt16Item::Clone"
          ],
          "justification": "Bounded CntUInt16Item owns immutable unsigned values,scalar QueryValue,concrete-type equality and base cloning;SfxUInt16Item retains native zero constructor defaults and concrete subclass cloning. Native UNO PutValue,mutable refcount policy,presentation,hashing and pool lifetime remain separately unverified.",
          "knownViolations": [],
          "localSymbols": [
            "CntUInt16Item"
          ],
          "sourceResponsibility": "aligned",
          "upstreamFile": "svl/source/items/cintitem.cxx",
          "upstreamSymbols": [
            "CntUInt16Item::Clone",
            "CntUInt16Item::QueryValue"
          ]
        },
        "state": "active",
        "subsystem": "formatting-model",
        "suite": "shared",
        "exportedOperations": []
      },
      {
        "capabilityIds": [
          "CAP-0112"
        ],
        "classification": "upstream-mechanism",
        "path": "apps/office/src/svl/source/items/intitem.ts",
        "semantic": {
          "behaviorStatus": "unverified",
          "contractStatus": "unverified",
          "defaultStatus": "unverified",
          "divergenceClass": "none",
          "evidence": [
            "apps/office/src/svl/source/items/intitem.ts#SfxInt16Item",
            "vendor/libreoffice-reference/svl/source/items/intitem.cxx#SfxInt16Item::Clone",
            "vendor/libreoffice-reference/include/svl/intitem.hxx#SfxInt16Item",
            "apps/office/src/svl/source/items/itemset.test.ts#validates, clones, compares, and serializes string and integer items",
            "vendor/libreoffice-reference/svl/source/items/intitem.cxx#SfxInt16Item::QueryValue",
            "vendor/libreoffice-reference/svl/source/items/intitem.cxx#SfxInt16Item::operator ==",
            "apps/office/src/svl/source/items/cintitem.test.ts#owns unsigned values and preserves concrete item type through independent clones",
            "vendor/libreoffice-reference/include/svl/intitem.hxx#class SVL_DLLPUBLIC SfxUInt16Item"
          ],
          "justification": "The implemented signed-16-bit item constructor default and bounds, GetValue, QueryValue, Clone and equality match the pinned SfxInt16Item source and header. Native mutation, presentation and pooling methods outside this implemented subset are omitted. Bounded CntUInt16Item owns immutable unsigned values,scalar QueryValue,concrete-type equality and base cloning;SfxUInt16Item retains native zero constructor defaults and concrete subclass cloning. Native UNO PutValue,mutable refcount policy,presentation,hashing and pool lifetime remain separately unverified.",
          "knownViolations": [],
          "localSymbols": [
            "SfxInt16Item",
            "SfxUInt16Item"
          ],
          "sourceResponsibility": "aligned",
          "upstreamFile": "svl/source/items/intitem.cxx",
          "upstreamSymbols": [
            "SfxInt16Item",
            "SfxInt16Item::Clone"
          ]
        },
        "state": "active",
        "subsystem": "formatting-model",
        "suite": "shared",
        "exportedOperations": []
      },
      {
        "capabilityIds": [
          "CAP-0112"
        ],
        "classification": "upstream-mechanism",
        "path": "apps/office/src/svl/source/items/itempool.ts",
        "semantic": {
          "behaviorStatus": "unverified",
          "contractStatus": "unverified",
          "defaultStatus": "unverified",
          "divergenceClass": "none",
          "evidence": [
            "apps/office/src/svl/source/items/itempool.ts#SfxPoolItemFactory",
            "vendor/libreoffice-reference/svl/source/items/itempool.cxx#SfxItemPool"
          ],
          "justification": "Mapped provenance remains semantically unverified against svl/source/items/itempool.cxx; recorded Phase 0 checks prevent path or symbol evidence from being treated as parity.",
          "knownViolations": [],
          "localSymbols": [
            "SfxPoolItemFactory",
            "SfxItemPool"
          ],
          "sourceResponsibility": "unverified",
          "upstreamFile": "svl/source/items/itempool.cxx",
          "upstreamSymbols": [
            "SfxItemPool",
            "ScDocument::UpdateFontCharSet",
            "ScDocument::GetDocColors",
            "SwDoc::GetDocColors"
          ]
        },
        "state": "active",
        "subsystem": "formatting-model",
        "suite": "shared",
        "exportedOperations": []
      },
      {
        "capabilityIds": [
          "CAP-0112"
        ],
        "classification": "upstream-mechanism",
        "path": "apps/office/src/svl/source/items/itemset.ts",
        "semantic": {
          "behaviorStatus": "unverified",
          "contractStatus": "unverified",
          "defaultStatus": "unverified",
          "divergenceClass": "none",
          "evidence": [
            "apps/office/src/svl/source/items/itemset.ts#SfxItemState",
            "vendor/libreoffice-reference/svl/source/items/itemset.cxx#SfxItemState",
            "vendor/libreoffice-reference/svl/source/items/itemset.cxx#SfxItemSet::PutImpl",
            "vendor/libreoffice-reference/svl/source/items/itemset.cxx#SfxItemSet::Put(const SfxItemSet&",
            "apps/office/src/svl/source/items/itemset.test.ts#filters unsupported Put values and copies supported entries from wider sets",
            "vendor/libreoffice-reference/svl/source/items/itemset.cxx#SfxItemSet::SfxItemSet( const SfxItemSet&",
            "vendor/libreoffice-reference/svl/source/items/itemset.cxx#SfxItemSet::Clone",
            "apps/office/src/svl/source/items/itemset.test.ts#clones parents and direct states only under the pinned pool and item rules",
            "vendor/libreoffice-reference/include/svl/itemset.hxx#bInvalidAsDefault = true",
            "vendor/libreoffice-reference/svl/source/items/itemset.cxx#IsDisabledItem(&rItem)",
            "apps/office/src/svl/source/items/itemset.test.ts#clears invalid targets by default and ignores disabled source entries",
            "apps/office/src/sw/source/core/doc/writer-attributes.test.ts#restores Writer node and format inheritance when copying invalid default entries",
            "vendor/libreoffice-reference/svl/source/items/itemset.cxx#SfxItemSet::DisableOrInvalidateItem_ForWhichID",
            "apps/office/src/svl/source/items/itemset.test.ts#ignores unsupported explicit state IDs while preserving valid transitions",
            "vendor/libreoffice-reference/include/svl/itemset.hxx#SetParent",
            "vendor/libreoffice-reference/svl/source/items/itemset.cxx#SfxItemSet::Get",
            "apps/office/src/svl/source/items/itemset.test.ts#assigns parent references without imposing additional ownership restrictions",
            "apps/office/src/svl/source/items/itemset.test.ts#resolves inherited defaults through each parent own pool",
            "vendor/libreoffice-reference/svl/source/items/itemset.cxx#SfxItemSet::Get",
            "vendor/libreoffice-reference/svl/source/items/itemset.cxx#SfxItemSet::PutImpl",
            "apps/office/src/svl/source/items/itemset.test.ts#returns one disabled sentinel across direct, inherited, and cloned states",
            "vendor/libreoffice-reference/include/svl/itemset.hxx#PoolItemMap",
            "vendor/libreoffice-reference/include/svl/itemset.hxx#m_aPoolItemMap",
            "apps/office/src/svl/source/items/itemset.test.ts#replaces each explicit state with values and copies mixed entries without sentinel equality"
          ],
          "justification": "Mapped provenance remains semantically unverified against svl/source/items/itemset.cxx; recorded Phase 0 checks prevent path or symbol evidence from being treated as parity. Put now ignores items outside the accepted WhichId ranges, including zero, matching PutImpl; focused assertions cover unchanged local/inherited state and supported entries copied from wider source sets. Other item-set contracts remain unverified. Focused clone assertions now verify independent direct values/states and parent preservation for full same-pool clones; empty clones discard inheritance. SfxItemSet cross-pool clones copy directly SET values only. Item copying follows copy-constructor semantics independently of PutSet. Other module contracts remain unverified. PutSet now follows the pinned invalid-as-default flag (true): INVALID removes a direct target value, DISABLED source values are ignored, and explicit false copies invalid state without independently marking the returned change flag. Writer style/node fallback and complete clone state preservation have focused assertions; other module operations remain unverified. Explicit InvalidateItem and DisableItem now ignore out-of-range IDs instead of throwing, with focused assertions for unchanged direct/inherited state, count, ranges and parent plus supported idempotent transitions. Other operations remain unverified. Parent assignment now follows the pinned inline reference assignment. Missing Get values delegate to the parent Get so each parent/default or INVALID fallback uses that level own pool; local values and disabled parent search retain precedence. Focused tests cover constructor/explicit/reset assignment and distinct child/parent/grandparent defaults. Broader contracts remain unverified. Get now returns the unique DISABLED_POOL_ITEM for disabled entries, including inherited states and IDs without defaults; INVALID still resolves a pool default. Put ignores the singleton, same-pool state clones retain identity without cloning the sentinel, and state-only entries remain absent from browser persistence. These bounded assertions do not establish whole-module parity. The temporary separate value/state maps are replaced by one WhichId-to-item map, matching PoolItemMap architecture. Distinct INVALID and DISABLED entries retain their zero-WhichId singleton identity under the original map key. Get, Count, Clear, state transitions and copying use that map; Put excludes sentinel equality before comparing ordinary values. Full same-pool copies retain states while PutSet skips DISABLED and cross-pool copies retain SET only. Sorted SET-only entries remain a browser projection. Focused mixed-entry tests preserve counts, replacements and snapshot filtering; broader module parity remains unverified.",
          "knownViolations": [],
          "localSymbols": [
            "SfxItemState",
            "WhichRange",
            "WhichRangesContainer",
            "SfxItemSet"
          ],
          "sourceResponsibility": "unverified",
          "upstreamFile": "svl/source/items/itemset.cxx",
          "upstreamSymbols": [
            "SfxItemState",
            "WhichRange",
            "WhichRangesContainer",
            "SfxItemSet"
          ]
        },
        "state": "active",
        "subsystem": "formatting-model",
        "suite": "shared",
        "exportedOperations": []
      },
      {
        "capabilityIds": [
          "CAP-0112"
        ],
        "classification": "upstream-mechanism",
        "path": "apps/office/src/svl/source/items/poolitem.ts",
        "semantic": {
          "behaviorStatus": "unverified",
          "contractStatus": "unverified",
          "defaultStatus": "unverified",
          "divergenceClass": "none",
          "evidence": [
            "apps/office/src/svl/source/items/poolitem.ts#SfxPoolItemValue",
            "vendor/libreoffice-reference/svl/source/items/poolitem.cxx#SfxPoolItem",
            "vendor/libreoffice-reference/svl/source/items/poolitem.cxx#SfxPoolItem::SfxPoolItem",
            "apps/office/src/svl/source/items/itemset.test.ts#validates, clones, compares, and serializes string and integer items",
            "apps/office/src/svl/source/items/poolitem.ts#DisabledItem",
            "vendor/libreoffice-reference/svl/source/items/poolitem.cxx#class DisabledItem",
            "vendor/libreoffice-reference/include/svl/poolitem.hxx#IsDisabledItem",
            "vendor/libreoffice-reference/svl/source/items/poolitem.cxx#SfxPoolItem::QueryValue",
            "apps/office/src/svl/source/items/itemset.test.ts#implements the pinned disabled singleton clone and value contracts",
            "apps/office/src/svl/source/items/poolitem.ts#InvalidItem",
            "vendor/libreoffice-reference/svl/source/items/poolitem.cxx#class InvalidItem",
            "vendor/libreoffice-reference/include/svl/poolitem.hxx#IsInvalidItem",
            "apps/office/src/svl/source/items/itemset.test.ts#distinguishes the invalid sentinel from disabled and ordinary items"
          ],
          "justification": "Pinned SfxPoolItem accepts WhichId zero for transient/request values and asserts the SHRT_MAX ceiling; source-backed tests now distinguish that from SfxItemSet storage ranges. Broader pool-item behavior remains unverified. The module now owns DISABLED_POOL_ITEM and its identity helper, with WhichId zero, null Clone and the pinned trivial equality operator. QueryValue exposes no payload, reflecting the unsupported base UNO value query; browser codec rejects serialization. Focused assertions cover this sentinel and ordinary item contracts; broader behavior remains unverified. The module also owns the distinct INVALID_POOL_ITEM and IsInvalidItem identity helper, matching the pinned InvalidItem class with zero WhichId, null Clone, trivial equality and no value payload. Tests distinguish both static sentinel classes and reject them at the browser serialization boundary. Broader pool-item behavior remains unverified.",
          "knownViolations": [],
          "localSymbols": [
            "SfxPoolItemValue",
            "SfxPoolItemSnapshot",
            "SfxPoolItem",
            "DISABLED_POOL_ITEM",
            "IsDisabledItem",
            "INVALID_POOL_ITEM",
            "IsInvalidItem"
          ],
          "sourceResponsibility": "unverified",
          "upstreamFile": "svl/source/items/poolitem.cxx",
          "upstreamSymbols": [
            "SfxPoolItem",
            "DefaultItemInstanceManager::find",
            "SfxPoolItem::getItemInstanceManager",
            "SfxPoolItem::SfxPoolItem",
            "DisabledItem",
            "DISABLED_POOL_ITEM",
            "InvalidItem",
            "INVALID_POOL_ITEM"
          ]
        },
        "state": "active",
        "subsystem": "formatting-model",
        "suite": "shared",
        "exportedOperations": [
          "IsDisabledItem",
          "IsInvalidItem"
        ]
      },
      {
        "capabilityIds": [
          "CAP-0112"
        ],
        "classification": "upstream-mechanism",
        "path": "apps/office/src/svl/source/items/stritem.ts",
        "semantic": {
          "behaviorStatus": "parity",
          "contractStatus": "parity",
          "defaultStatus": "parity",
          "divergenceClass": "none",
          "evidence": [
            "apps/office/src/svl/source/items/stritem.ts#SfxStringItem",
            "vendor/libreoffice-reference/svl/source/items/stritem.cxx#SfxStringItem::Clone",
            "vendor/libreoffice-reference/include/svl/stritem.hxx#SfxStringItem",
            "apps/office/src/svl/source/items/itemset.test.ts#validates, clones, compares, and serializes string and integer items",
            "vendor/libreoffice-reference/svl/source/items/stritem.cxx#SfxStringItem::QueryValue",
            "vendor/libreoffice-reference/svl/source/items/stritem.cxx#SfxStringItem::operator =="
          ],
          "justification": "The implemented string item constructor default, GetValue, QueryValue, Clone and equality match the pinned SfxStringItem source and header. Native mutation, presentation and pooling methods outside this implemented subset are omitted.",
          "knownViolations": [],
          "localSymbols": [
            "SfxStringItem"
          ],
          "sourceResponsibility": "aligned",
          "upstreamFile": "svl/source/items/stritem.cxx",
          "upstreamSymbols": [
            "SfxStringItem",
            "SfxStringItem::Clone"
          ]
        },
        "state": "active",
        "subsystem": "formatting-model",
        "suite": "shared",
        "exportedOperations": []
      },
      {
        "capabilityIds": [
          "CAP-0114",
          "CAP-0122",
          "CAP-0133"
        ],
        "classification": "local-infrastructure",
        "path": "apps/office/src/svl/source/misc/recovery.ts",
        "semantic": {
          "behaviorStatus": "not-applicable",
          "contractStatus": "not-applicable",
          "defaultStatus": "not-applicable",
          "divergenceClass": "A",
          "evidence": [
            "apps/office/src/svl/source/misc/recovery.ts#RecoverySavePort"
          ],
          "justification": "Intentional browser product decision: recovery is unsupported and must not be reintroduced. This inert provenance marker exports no recovery API; future loss protection is frequent full autosave through primary storage.",
          "knownViolations": [],
          "localSymbols": [],
          "sourceResponsibility": "divergent",
          "upstreamFile": null,
          "upstreamSymbols": []
        },
        "state": "foundation",
        "subsystem": "recovery",
        "suite": "shared",
        "exportedOperations": []
      },
      {
        "capabilityIds": [
          "CAP-0114",
          "CAP-0131"
        ],
        "classification": "local-infrastructure",
        "path": "apps/office/src/svl/source/misc/storage.ts",
        "semantic": {
          "behaviorStatus": "not-applicable",
          "contractStatus": "not-applicable",
          "defaultStatus": "not-applicable",
          "divergenceClass": "A",
          "evidence": [
            "apps/office/src/svl/source/misc/storage.ts#DocumentOpenPort"
          ],
          "justification": "Defines only shell-neutral browser file open and export ports. Retired JSON snapshot contracts were removed.",
          "knownViolations": [],
          "localSymbols": [],
          "sourceResponsibility": "divergent",
          "upstreamFile": null,
          "upstreamSymbols": []
        },
        "state": "active",
        "subsystem": "storage-contract",
        "suite": "shared",
        "exportedOperations": []
      },
      {
        "capabilityIds": [
          "CAP-0111"
        ],
        "classification": "upstream-mechanism",
        "path": "apps/office/src/svl/source/notify/SfxBroadcaster.ts",
        "semantic": {
          "behaviorStatus": "unverified",
          "contractStatus": "unverified",
          "defaultStatus": "unverified",
          "divergenceClass": "none",
          "evidence": [
            "apps/office/src/svl/source/notify/SfxBroadcaster.ts#SfxBroadcaster",
            "vendor/libreoffice-reference/svl/source/notify/SfxBroadcaster.cxx#SfxBroadcaster::Broadcast",
            "vendor/libreoffice-reference/svl/source/notify/SfxBroadcaster.cxx#SfxBroadcaster::AddListener",
            "vendor/libreoffice-reference/svl/source/notify/SfxBroadcaster.cxx#SfxBroadcaster::RemoveListener",
            "apps/office/src/svl/source/notify/notify.test.ts#notifies a listener reusing a future vacant slot during broadcast"
          ],
          "justification": "Broadcast now keeps the pinned initial slot count and reuses removal slots, so a newly registered listener in a future vacant slot receives the current hint. The wider lifetime, duplicate and dying-hint contracts remain unverified for this browser subset.",
          "knownViolations": [],
          "localSymbols": [
            "SfxHint",
            "SfxListenerTarget",
            "SfxBroadcaster"
          ],
          "sourceResponsibility": "aligned",
          "upstreamFile": "svl/source/notify/SfxBroadcaster.cxx",
          "upstreamSymbols": [
            "SfxBroadcaster::AddListener",
            "SfxBroadcaster::RemoveListener",
            "SfxBroadcaster::Broadcast",
            "SfxBroadcaster::~SfxBroadcaster"
          ]
        },
        "state": "active",
        "subsystem": "document-model",
        "suite": "shared",
        "exportedOperations": []
      },
      {
        "capabilityIds": [
          "CAP-0111"
        ],
        "classification": "upstream-mechanism",
        "path": "apps/office/src/svl/source/notify/lstner.ts",
        "semantic": {
          "behaviorStatus": "unverified",
          "contractStatus": "unverified",
          "defaultStatus": "unverified",
          "divergenceClass": "none",
          "evidence": [
            "apps/office/src/svl/source/notify/lstner.ts#SfxListener",
            "vendor/libreoffice-reference/svl/source/notify/lstner.cxx#SfxListener::StartListening"
          ],
          "justification": "Mapped provenance remains semantically unverified against svl/source/notify/lstner.cxx; recorded Phase 0 checks prevent path or symbol evidence from being treated as parity.",
          "knownViolations": [],
          "localSymbols": [
            "SfxListener"
          ],
          "sourceResponsibility": "unverified",
          "upstreamFile": "svl/source/notify/lstner.cxx",
          "upstreamSymbols": [
            "SfxListener::StartListening",
            "SfxListener::EndListening",
            "SfxListener::EndListeningAll",
            "SfxListener::RemoveBroadcaster_Impl"
          ]
        },
        "state": "active",
        "subsystem": "document-model",
        "suite": "shared",
        "exportedOperations": []
      },
      {
        "capabilityIds": [
          "CAP-0102",
          "CAP-0132"
        ],
        "classification": "upstream-mechanism",
        "path": "apps/office/src/svl/source/undo/undo.ts",
        "semantic": {
          "behaviorStatus": "parity",
          "contractStatus": "parity",
          "defaultStatus": "parity",
          "divergenceClass": "none",
          "evidence": [
            "apps/office/src/svl/source/undo/undo.ts#DEFAULT_MAX_UNDO_ACTION_COUNT",
            "vendor/libreoffice-reference/svl/source/undo/undo.cxx#SfxUndoAction"
          ],
          "justification": "The bounded SfxUndoManager preserves action grouping, compound actions, save marks, cursor-safe failure handling, redo truncation, and the pinned SfxUndoManager constructor default of 20 actions.",
          "knownViolations": [],
          "localSymbols": [
            "DEFAULT_MAX_UNDO_ACTION_COUNT",
            "SfxUndoAction",
            "SfxListUndoAction",
            "SfxUndoManager"
          ],
          "sourceResponsibility": "aligned",
          "upstreamFile": "svl/source/undo/undo.cxx",
          "upstreamSymbols": [
            "SfxUndoAction",
            "SfxListUndoAction",
            "SfxUndoManager",
            "SfxRepeatTarget::~SfxRepeatTarget"
          ]
        },
        "state": "active",
        "subsystem": "undo-redo",
        "suite": "shared",
        "exportedOperations": []
      },
      {
        "capabilityIds": [
          "CAP-0101",
          "CAP-0122",
          "CAP-0133"
        ],
        "classification": "browser-adaptation",
        "path": "apps/office/src/sw/browser/composition/writer-module.tsx",
        "semantic": {
          "behaviorStatus": "unverified",
          "contractStatus": "not-applicable",
          "defaultStatus": "not-applicable",
          "divergenceClass": "B",
          "evidence": [
            "apps/office/src/sw/browser/composition/writer-module.tsx#WriterDocumentSession"
          ],
          "justification": "Composes the browser Writer session from document, shell, frame, persistence, and presentation adapters without claiming the upstream swmodule implementation path.",
          "knownViolations": [],
          "localSymbols": [
            "createWriterBrowserSessionServices",
            "createWriterDocumentSession",
            "createWriterModuleFactory"
          ],
          "sourceResponsibility": "browser-owned",
          "upstreamFile": null,
          "upstreamSymbols": []
        },
        "state": "active",
        "subsystem": "application-services",
        "suite": "writer",
        "exportedOperations": [
          "createWriterBrowserSessionServices",
          "createWriterDocumentSession",
          "createWriterModuleFactory"
        ]
      },
      {
        "capabilityIds": [
          "CAP-0103",
          "CAP-0111",
          "CAP-0117",
          "CAP-0118",
          "CAP-0119",
          "CAP-0134"
        ],
        "classification": "browser-adaptation",
        "path": "apps/office/src/sw/browser/editor/WriterEditableParagraph.tsx",
        "semantic": {
          "behaviorStatus": "unverified",
          "contractStatus": "not-applicable",
          "defaultStatus": "not-applicable",
          "divergenceClass": "B",
          "evidence": [
            "apps/office/src/sw/browser/editor/WriterEditableParagraph.tsx#WriterEditableParagraph"
          ],
          "justification": "Projects canonical Writer text nodes into browser DOM descendants that inherit editability from one root host; it no longer claims native SwEditWin ownership.",
          "knownViolations": [],
          "localSymbols": [
            "WriterEditableParagraph"
          ],
          "sourceResponsibility": "browser-owned",
          "upstreamFile": null,
          "upstreamSymbols": []
        },
        "state": "active",
        "subsystem": "editing-view",
        "suite": "writer",
        "exportedOperations": [
          "WriterEditableParagraph",
          "WriterTextRunProjection"
        ]
      },
      {
        "capabilityIds": [
          "CAP-0111",
          "CAP-0117"
        ],
        "classification": "browser-adaptation",
        "path": "apps/office/src/sw/browser/editor/WriterEditableTable.tsx",
        "semantic": {
          "behaviorStatus": "unverified",
          "contractStatus": "not-applicable",
          "defaultStatus": "not-applicable",
          "divergenceClass": "B",
          "evidence": [
            "apps/office/src/sw/browser/editor/WriterEditableTable.tsx#WriterEditableTable"
          ],
          "justification": "Projects canonical SwTable rows and editable SwTextNode cell paragraphs into the browser page.",
          "knownViolations": [],
          "localSymbols": [
            "WriterEditableTable",
            "editWriterTableCell"
          ],
          "sourceResponsibility": "browser-owned",
          "upstreamFile": null,
          "upstreamSymbols": []
        },
        "state": "active",
        "subsystem": "editing-view",
        "suite": "writer",
        "exportedOperations": [
          "WriterEditableTable",
          "editWriterTableCell"
        ]
      },
      {
        "capabilityIds": [
          "CAP-0103",
          "CAP-0111",
          "CAP-0117",
          "CAP-0118",
          "CAP-0119",
          "CAP-0120",
          "CAP-0134"
        ],
        "classification": "browser-adaptation",
        "path": "apps/office/src/sw/browser/editor/WriterPlainTextEditor.tsx",
        "semantic": {
          "behaviorStatus": "unverified",
          "contractStatus": "not-applicable",
          "defaultStatus": "not-applicable",
          "divergenceClass": "B",
          "evidence": [
            "apps/office/src/sw/browser/editor/WriterPlainTextEditor.tsx#showLineNumbers",
            "apps/office/src/sw/browser/editor/WriterPlainTextEditor.tsx#createWriterLineMeasurements",
            "vendor/libreoffice-reference/sw/source/core/doc/lineinfo.cxx#SwLineNumberInfo::SwLineNumberInfo",
            "vendor/libreoffice-reference/sw/source/core/text/txtfrm.cxx#SwTextFrame"
          ],
          "justification": "React supplies measured line geometry and a browser device revision to the persistent Writer root; document layout values and frame identity remain in core.",
          "knownViolations": [],
          "localSymbols": [
            "WriterPlainTextEditor"
          ],
          "sourceResponsibility": "browser-owned",
          "upstreamFile": null,
          "upstreamSymbols": []
        },
        "state": "active",
        "subsystem": "editing-view",
        "suite": "writer",
        "exportedOperations": [
          "WriterPlainTextEditor"
        ]
      },
      {
        "capabilityIds": [
          "CAP-0103",
          "CAP-0106",
          "CAP-0117",
          "CAP-0118",
          "CAP-0120"
        ],
        "classification": "browser-adaptation",
        "path": "apps/office/src/sw/browser/editor/browser-writer-edit-window.ts",
        "semantic": {
          "behaviorStatus": "unverified",
          "contractStatus": "not-applicable",
          "defaultStatus": "not-applicable",
          "divergenceClass": "B",
          "evidence": [
            "apps/office/src/sw/browser/editor/browser-writer-edit-window.ts#BrowserWriterEditWindow"
          ],
          "justification": "Provides the single DOM implementation of SwEditWin for selection, beforeinput, composition, pointer geometry, clipboard, drag/drop, and focus.",
          "knownViolations": [],
          "localSymbols": [],
          "sourceResponsibility": "browser-owned",
          "upstreamFile": null,
          "upstreamSymbols": []
        },
        "state": "active",
        "subsystem": "browser-editor",
        "suite": "writer",
        "exportedOperations": []
      },
      {
        "capabilityIds": [
          "CAP-0103",
          "CAP-0106",
          "CAP-0120"
        ],
        "classification": "browser-adaptation",
        "path": "apps/office/src/sw/browser/editor/writer-clipboard-events.ts",
        "semantic": {
          "behaviorStatus": "unverified",
          "contractStatus": "not-applicable",
          "defaultStatus": "not-applicable",
          "divergenceClass": "B",
          "evidence": [
            "apps/office/src/sw/browser/editor/writer-clipboard-events.ts#readBrowserWriterClipboardPaste"
          ],
          "justification": "Parses native DataTransfer MIME values at the single browser edit-window boundary; no native LibreOffice source file is claimed as its owner.",
          "knownViolations": [],
          "localSymbols": [
            "readBrowserWriterClipboardPaste",
            "createWriterTransferDocument"
          ],
          "sourceResponsibility": "browser-owned",
          "upstreamFile": null,
          "upstreamSymbols": []
        },
        "state": "active",
        "subsystem": "browser-editor",
        "suite": "writer",
        "exportedOperations": [
          "createWriterTransferDocument",
          "readBrowserWriterClipboardPaste"
        ]
      },
      {
        "capabilityIds": [
          "CAP-0111"
        ],
        "classification": "browser-adaptation",
        "path": "apps/office/src/sw/browser/editor/writer-font-family.ts",
        "semantic": {
          "behaviorStatus": "divergent",
          "contractStatus": "not-applicable",
          "defaultStatus": "divergent",
          "divergenceClass": "B",
          "evidence": [
            "apps/office/src/sw/browser/editor/writer-font-family.ts#browserFontFamily",
            "vendor/libreoffice-reference/vcl/source/font/PhysicalFontCollection.cxx#FindFontFamily",
            "vendor/libreoffice-reference/vcl/source/font/PhysicalFontFamily.cxx#CalcType"
          ],
          "justification": "Projects the imported VCL generic family to bundled Liberation families after the requested face; full physical-font scoring against the host collection remains unimplemented.",
          "knownViolations": [],
          "localSymbols": [
            "browserFontFamily"
          ],
          "sourceResponsibility": "browser-owned",
          "upstreamFile": null,
          "upstreamSymbols": []
        },
        "state": "active",
        "subsystem": "browser-editor",
        "suite": "writer",
        "exportedOperations": [
          "browserFontFamily"
        ]
      },
      {
        "capabilityIds": [
          "CAP-0117"
        ],
        "classification": "browser-adaptation",
        "path": "apps/office/src/sw/browser/editor/writer-geometry.ts",
        "semantic": {
          "behaviorStatus": "unverified",
          "contractStatus": "not-applicable",
          "defaultStatus": "not-applicable",
          "divergenceClass": "B",
          "evidence": [
            "apps/office/src/sw/browser/editor/writer-geometry.ts#getBrowserWriterCaretFromPoint"
          ],
          "justification": "Contains the optional browser caretRangeFromPoint geometry fallback behind an injected surface; no native LibreOffice source file is claimed as its owner.",
          "knownViolations": [],
          "localSymbols": [
            "getBrowserWriterCaretFromPoint"
          ],
          "sourceResponsibility": "browser-owned",
          "upstreamFile": null,
          "upstreamSymbols": []
        },
        "state": "active",
        "subsystem": "browser-editor",
        "suite": "writer",
        "exportedOperations": [
          "getBrowserWriterCaretFromPoint"
        ]
      },
      {
        "capabilityIds": [
          "CAP-0111"
        ],
        "classification": "browser-adaptation",
        "path": "apps/office/src/sw/browser/editor/writer-line-measurement.ts",
        "semantic": {
          "behaviorStatus": "unverified",
          "contractStatus": "not-applicable",
          "defaultStatus": "not-applicable",
          "divergenceClass": "B",
          "evidence": [
            "apps/office/src/sw/browser/editor/writer-line-measurement.ts#measureWriterTextLines",
            "apps/office/e2e/writer-layout-ratios.spec.ts#Writer keeps measured page breaks across device pixel ratios"
          ],
          "justification": "DOM Range and device font metrics stay at the browser boundary; this module supplies only line offsets and heights, while core reads paragraph semantics from SwDoc.",
          "knownViolations": [],
          "localSymbols": [
            "createWriterLineMeasurements",
            "measureWriterTextLines"
          ],
          "sourceResponsibility": "browser-owned",
          "upstreamFile": null,
          "upstreamSymbols": []
        },
        "state": "active",
        "subsystem": "browser-editor",
        "suite": "writer",
        "exportedOperations": [
          "createWriterLineMeasurements",
          "measureWriterTextLines"
        ]
      },
      {
        "capabilityIds": [
          "CAP-0103",
          "CAP-0117",
          "CAP-0118"
        ],
        "classification": "browser-adaptation",
        "path": "apps/office/src/sw/browser/editor/writer-selection-types.ts",
        "semantic": {
          "behaviorStatus": "not-applicable",
          "contractStatus": "not-applicable",
          "defaultStatus": "not-applicable",
          "divergenceClass": "B",
          "evidence": [
            "apps/office/src/sw/browser/editor/writer-selection-types.ts#WriterCursorSelection"
          ],
          "justification": "Defines immutable DOM selection values; render IDs restore DOM selection while current SwNodes indexes are consumed only by the edit-window adapter for SwPaM conversion.",
          "knownViolations": [],
          "localSymbols": [],
          "sourceResponsibility": "browser-owned",
          "upstreamFile": null,
          "upstreamSymbols": []
        },
        "state": "active",
        "subsystem": "browser-editor",
        "suite": "writer",
        "exportedOperations": []
      },
      {
        "capabilityIds": [
          "CAP-0103",
          "CAP-0117",
          "CAP-0118"
        ],
        "classification": "browser-adaptation",
        "path": "apps/office/src/sw/browser/editor/writer-selection.ts",
        "semantic": {
          "behaviorStatus": "unverified",
          "contractStatus": "not-applicable",
          "defaultStatus": "not-applicable",
          "divergenceClass": "B",
          "evidence": [
            "apps/office/src/sw/browser/editor/writer-selection.ts#getWriterDomSelection"
          ],
          "justification": "Renders immutable current paragraph values together with alignment and list controls backed by generated commands and persistent bindings state.",
          "knownViolations": [],
          "localSymbols": [
            "getWriterDomSelection",
            "restoreWriterDomSelection",
            "getWriterCollapsedCaretOffset",
            "restoreWriterCollapsedCaret",
            "getWriterSameParagraphSelection",
            "getWriterCollapsedParagraphCaret"
          ],
          "sourceResponsibility": "browser-owned",
          "upstreamFile": null,
          "upstreamSymbols": []
        },
        "state": "active",
        "subsystem": "browser-editor",
        "suite": "writer",
        "exportedOperations": [
          "getWriterCollapsedCaretOffset",
          "getWriterCollapsedParagraphCaret",
          "getWriterDomSelection",
          "getWriterSameParagraphSelection",
          "restoreWriterCollapsedCaret",
          "restoreWriterDomSelection"
        ]
      },
      {
        "capabilityIds": [
          "CAP-0110"
        ],
        "classification": "browser-adaptation",
        "path": "apps/office/src/sw/browser/filter/html/swhtml.ts",
        "semantic": {
          "behaviorStatus": "unverified",
          "contractStatus": "not-applicable",
          "defaultStatus": "not-applicable",
          "divergenceClass": "B",
          "evidence": [
            "apps/office/src/sw/browser/filter/html/swhtml.ts#parseWriterClipboardPaste",
            "vendor/libreoffice-reference/sw/source/filter/html/swhtml.cxx#SwHTMLParser::CallParser"
          ],
          "justification": "Browser DOM parsing and clipboard DTOs remain at the explicit browser HTML boundary.",
          "knownViolations": [],
          "localSymbols": [
            "parseWriterClipboardPaste",
            "WriterClipboardPasteParagraph",
            "WriterClipboardPaste"
          ],
          "sourceResponsibility": "browser-owned",
          "upstreamFile": null,
          "upstreamSymbols": []
        },
        "state": "active",
        "subsystem": "clipboard-transfer",
        "suite": "writer",
        "exportedOperations": [
          "parseWriterClipboardPaste"
        ]
      },
      {
        "capabilityIds": [
          "CAP-0112",
          "CAP-0131"
        ],
        "classification": "local-infrastructure",
        "path": "apps/office/src/sw/browser/filter/xml/item-codec.ts",
        "semantic": {
          "behaviorStatus": "not-applicable",
          "contractStatus": "not-applicable",
          "defaultStatus": "not-applicable",
          "divergenceClass": "B",
          "evidence": [
            "apps/office/src/sw/browser/filter/xml/item-codec.ts#encodeSfxPoolItem"
          ],
          "justification": "Worker-only pooled-item graph codec outside SfxPoolItem; canonical pool items remain in svl and editeng.",
          "knownViolations": [],
          "localSymbols": [
            "encodeSfxPoolItem",
            "encodeSfxItemSet",
            "decodeSfxPoolItem",
            "decodeSfxItemSet",
            "decodeSwFormatINetFormat"
          ],
          "sourceResponsibility": "browser-owned",
          "upstreamFile": null,
          "upstreamSymbols": []
        },
        "state": "active",
        "subsystem": "storage-contract",
        "suite": "writer",
        "exportedOperations": [
          "decodeSfxItemSet",
          "decodeSfxPoolItem",
          "decodeSwFormatINetFormat",
          "encodeSfxItemSet",
          "encodeSfxPoolItem"
        ]
      },
      {
        "capabilityIds": [
          "CAP-0113",
          "CAP-0130"
        ],
        "classification": "local-infrastructure",
        "path": "apps/office/src/sw/browser/filter/xml/odt-transfer.ts",
        "semantic": {
          "behaviorStatus": "not-applicable",
          "contractStatus": "not-applicable",
          "defaultStatus": "not-applicable",
          "divergenceClass": "B",
          "evidence": [
            "apps/office/src/sw/browser/filter/xml/odt-transfer.ts#OdtWriterTransferRecord",
            "apps/office/src/sw/browser/filter/xml/odt-worker-client.ts#createBrowserOdtFilterService",
            "vendor/libreoffice-reference/sw/source/filter/xml/swxml.cxx#XMLReader::Read"
          ],
          "justification": "Worker-only envelope and graph conversion live in sw/browser/filter/xml; the ODT filter and SwDocShell consume canonical SwDoc graphs.",
          "knownViolations": [],
          "localSymbols": [
            "createOdtWriterTransfer",
            "restoreOdtWriterTransfer"
          ],
          "sourceResponsibility": "browser-owned",
          "upstreamFile": null,
          "upstreamSymbols": []
        },
        "state": "active",
        "subsystem": "odf-filter",
        "suite": "writer",
        "exportedOperations": [
          "createOdtWorkerDocument",
          "createOdtWriterTransfer",
          "restoreOdtWorkerDocument",
          "restoreOdtWriterTransfer"
        ]
      },
      {
        "capabilityIds": [
          "CAP-0113",
          "CAP-0130"
        ],
        "classification": "browser-adaptation",
        "path": "apps/office/src/sw/browser/filter/xml/odt-worker-client.ts",
        "semantic": {
          "behaviorStatus": "unverified",
          "contractStatus": "not-applicable",
          "defaultStatus": "not-applicable",
          "divergenceClass": "B",
          "evidence": [
            "apps/office/src/sw/browser/filter/xml/odt-worker-client.ts#ODT_WORKER_TIMEOUT_MS"
          ],
          "justification": "Adapts the versioned ODT protocol to a reusable browser Dedicated Worker with transferables, stale-result rejection, cancellation, timeout, and deterministic termination. The implementation depends on browser or React execution semantics, so no native LibreOffice source file is claimed as its owner.",
          "knownViolations": [],
          "localSymbols": [
            "createBrowserOdtFilterService"
          ],
          "sourceResponsibility": "browser-owned",
          "upstreamFile": null,
          "upstreamSymbols": []
        },
        "state": "active",
        "subsystem": "odf-filter",
        "suite": "writer",
        "exportedOperations": [
          "createBrowserOdtFilterService"
        ]
      },
      {
        "capabilityIds": [
          "CAP-0113",
          "CAP-0130"
        ],
        "classification": "browser-adaptation",
        "path": "apps/office/src/sw/browser/filter/xml/odt-worker-runtime.ts",
        "semantic": {
          "behaviorStatus": "unverified",
          "contractStatus": "not-applicable",
          "defaultStatus": "not-applicable",
          "divergenceClass": "B",
          "evidence": [
            "apps/office/src/sw/browser/filter/xml/odt-worker-runtime.ts#OdtWorkerImportRequest"
          ],
          "justification": "Executes bounded Writer ODT filter requests inside a Dedicated Worker and returns only neutral snapshots or transferable byte buffers to the document-shell client. The implementation depends on browser or React execution semantics, so no native LibreOffice source file is claimed as its owner.",
          "knownViolations": [],
          "localSymbols": [],
          "sourceResponsibility": "browser-owned",
          "upstreamFile": null,
          "upstreamSymbols": []
        },
        "state": "active",
        "subsystem": "odf-filter",
        "suite": "writer",
        "exportedOperations": []
      },
      {
        "capabilityIds": [
          "CAP-0113",
          "CAP-0130"
        ],
        "classification": "browser-adaptation",
        "path": "apps/office/src/sw/browser/filter/xml/odt-worker.ts",
        "semantic": {
          "behaviorStatus": "unverified",
          "contractStatus": "not-applicable",
          "defaultStatus": "not-applicable",
          "divergenceClass": "B",
          "evidence": [
            "apps/office/src/sw/browser/filter/xml/odt-worker.ts#Installs the Writer ODT filter runtime in the Vite-emitted Dedicated Worker."
          ],
          "justification": "Installs the Writer ODT filter runtime in the Vite-emitted Dedicated Worker. The implementation depends on browser or React execution semantics, so no native LibreOffice source file is claimed as its owner.",
          "knownViolations": [],
          "localSymbols": [],
          "sourceResponsibility": "browser-owned",
          "upstreamFile": null,
          "upstreamSymbols": []
        },
        "state": "active",
        "subsystem": "odf-filter",
        "suite": "writer",
        "exportedOperations": []
      },
      {
        "capabilityIds": [
          "CAP-0111"
        ],
        "classification": "local-infrastructure",
        "path": "apps/office/src/sw/browser/filter/xml/writer-document-codec.ts",
        "semantic": {
          "behaviorStatus": "not-applicable",
          "contractStatus": "not-applicable",
          "defaultStatus": "not-applicable",
          "divergenceClass": "B",
          "evidence": [
            "apps/office/src/sw/browser/filter/xml/writer-document-codec.ts#encodeWriterDocument",
            "apps/office/src/sw/browser/filter/xml/writer-document-codec.ts#decodeWriterDocument",
            "apps/office/src/sw/browser/filter/xml/odt-transfer.ts#OdtWriterTransferRecord",
            "apps/office/src/editeng/source/items/numitem.test.ts#initializes independent zero geometry in legacy mode",
            "apps/office/src/editeng/source/items/numitem.test.ts#switches native legacy getters without rewriting either geometry group",
            "apps/office/src/editeng/source/items/numitem.test.ts#retains native signed getter widths at integer boundaries",
            "apps/office/src/sw/source/filter/xml/odt-list-position-mode-roundtrip.test.ts#selects native mode independently of child geometry through common and automatic ODT cycles",
            "apps/office/src/sw/source/filter/xml/odt-list-position-mode-roundtrip.test.ts#retains pre-existing browser snapshots with absent inactive legacy fields",
            "apps/office/src/xmloff/source/style/xmlnume.test.ts#exports only the native legacy group with nonzero and positive attribute predicates",
            "vendor/libreoffice-reference/editeng/source/items/numitem.cxx#SvxNumberFormat::SvxNumberFormat",
            "vendor/libreoffice-reference/editeng/source/items/numitem.cxx#SvxNumberFormat::GetAbsLSpace",
            "vendor/libreoffice-reference/editeng/source/items/numitem.cxx#SvxNumberFormat::GetFirstLineOffset",
            "vendor/libreoffice-reference/editeng/source/items/numitem.cxx#SvxNumberFormat::GetCharTextDistance",
            "vendor/libreoffice-reference/editeng/source/items/numitem.cxx#SvxNumberFormat::SetPositionAndSpaceMode",
            "vendor/libreoffice-reference/xmloff/source/style/xmlnumi.cxx#SvxXMLListLevelStyleContext_Impl::SvxXMLListLevelStyleContext_Impl",
            "vendor/libreoffice-reference/xmloff/source/style/xmlnumi.cxx#SvxXMLListLevelStyleAttrContext_Impl::SvxXMLListLevelStyleAttrContext_Impl",
            "vendor/libreoffice-reference/xmloff/source/style/xmlnume.cxx#SvxXMLNumRuleExport::exportLevelStyle",
            "apps/office/src/editeng/source/items/numitem.test.ts#owns native marker defaults, unsigned values and ListFormat invalidation",
            "apps/office/src/editeng/source/items/numitem.test.ts#derives compatibility fields literally from native percent scanning",
            "apps/office/src/sw/source/core/doc/number-list-format.test.ts#substitutes requested Arabic levels literally and retains unavailable placeholders",
            "apps/office/src/sw/source/core/doc/number-list-format.test.ts#preserves independent ListFormat state in owned clones and Worker transfer",
            "vendor/libreoffice-reference/editeng/source/items/numitem.cxx#SvxNumberFormat::SetListFormat",
            "apps/office/src/sw/source/filter/xml/odt-text-collection-numbering.test.ts#preserves synthesized empty-list intent across copying and Worker transfer without inferring explicit suppression"
          ],
          "justification": "Worker structured-clone graph codec lives in the browser boundary; SwDoc remains the canonical model and filter interfaces accept SwDoc. Declared levels retain independent native legacy and alignment geometry with zero defaults; only exact label-alignment selects modern mode. SvxNumberFormat in editeng owns positional state, signed widths and mode-dependent getters; Writer inherits and copies all fields. xmlnumi owns level/property contexts and MM100 legacy parsing/assembly. Writer conversion precedes core application, and xmlnume emits the selected group with native signs and omission predicates. Thirteen literal common/automatic ODT cases verify mode spellings/absence, child presence, independent state, signed/bounded/partial/invalid legacy fields, exact XML and reopen. Clone and browser snapshots preserve inactive fields; primitive browser geometry selects the active group. Full line layout, numbering families, omitted-level construction, native UNO replacement failures (including signed SymbolTextDistance narrowing), extensions and wider contracts/defaults remain separately unverified. No whole-module promotion. Marker prefix/suffix/start/include-upper state now belongs to SvxNumberFormat. Both pinned SetListFormat overloads, native unsigned fields, optional-empty distinction, affix invalidation and compatibility derivation are source-compared. Writer standalone numeric suffix is empty; modern base levels store %level%. patterns. Writer MakeNumString substitutes requested levels in order, retains future and malformed references, formats zero and character-special substitutions like the native supported subset, and preserves its native dot fallback. SwTextNode owns visible bullet glyph projection. Owned copies and Worker graph v16 preserve raw pattern and independent compatibility state. A bounded extracted C++ harness compares 188 marker states/labels and 83 owned-clone labels; full native build, additional numbering families, continuous/outline/NONE/bitmap rules, font machinery, include-strings/hidden-nonnumerical variants and XML marker/ListFormat attributes remain separate unverified obligations. Iteration37 preserves explicit outline assignment independently from direct outline items through an optional boolean field in graph v16. Absent legacy assignment retains pool-factory heading defaults only when the direct item is absent; explicit false, zero and assigned-without-item snapshots remain exact. Paragraph restore suppresses collection defaults before replacing direct items. Iteration37 preserves the model-owned synthesized empty-list marker with an optional true-only emptyListStyle field in existing graph v16. False is omitted;older absent records remain false,so explicitly empty rule items are not heuristically converted into synthesized intent. CloneTo copies the actual marker independently;tests verify subsequent numbered style transitions,Worker restore and legacy records. This browser transfer state does not claim native serialization/copy callback parity or full attribute/history lifetime;registered IO settings are unchanged.",
          "knownViolations": [],
          "localSymbols": [
            "encodeWriterDocument",
            "decodeWriterDocument"
          ],
          "sourceResponsibility": "browser-owned",
          "upstreamFile": null,
          "upstreamSymbols": []
        },
        "state": "active",
        "subsystem": "document-lifecycle",
        "suite": "writer",
        "exportedOperations": [
          "decodeWriterDocument",
          "encodeWriterDocument"
        ]
      },
      {
        "capabilityIds": [
          "CAP-0109",
          "CAP-0125"
        ],
        "classification": "browser-adaptation",
        "path": "apps/office/src/sw/browser/presentation/WriterAdvancedFormattingControls.tsx",
        "semantic": {
          "behaviorStatus": "unverified",
          "contractStatus": "not-applicable",
          "defaultStatus": "unverified",
          "divergenceClass": "B",
          "evidence": [
            "apps/office/src/sw/browser/presentation/WriterAdvancedFormattingControls.tsx#WriterAdvancedFormattingControls",
            "apps/office/src/sw/browser/presentation/WriterParagraphDialog.tsx#WriterParagraphDialog",
            "vendor/libreoffice-reference/sw/source/uibase/shells/textsh1.cxx#SvxTabStopItem"
          ],
          "justification": "React composes bindings-backed color, line-spacing and paragraph slots. The dialog draft lives only in its browser presenter and accepted values pass to SwTextShell. Exact full upstream dialog defaults remain unverified.",
          "knownViolations": [],
          "localSymbols": [
            "WriterAdvancedFormattingControls"
          ],
          "sourceResponsibility": "browser-owned",
          "upstreamFile": null,
          "upstreamSymbols": []
        },
        "state": "active",
        "subsystem": "browser-presentation",
        "suite": "writer",
        "exportedOperations": [
          "WriterAdvancedFormattingControls"
        ]
      },
      {
        "capabilityIds": [
          "CAP-0113"
        ],
        "classification": "browser-adaptation",
        "path": "apps/office/src/sw/browser/presentation/WriterBookmarkDialog.tsx",
        "semantic": {
          "behaviorStatus": "unverified",
          "contractStatus": "not-applicable",
          "defaultStatus": "not-applicable",
          "divergenceClass": "B",
          "evidence": [
            "apps/office/src/sw/browser/presentation/WriterBookmarkDialog.tsx#WriterBookmarkDialog"
          ],
          "justification": "Adapts pinned insertbookmark.ui and bookmarkmenu.ui to accessible browser controls; marks remain in SwDoc.",
          "knownViolations": [],
          "localSymbols": [
            "WriterBookmarkDialog"
          ],
          "sourceResponsibility": "browser-owned",
          "upstreamFile": null,
          "upstreamSymbols": []
        },
        "state": "active",
        "subsystem": "browser-presentation",
        "suite": "writer",
        "exportedOperations": [
          "WriterBookmarkDialog"
        ]
      },
      {
        "capabilityIds": [
          "CAP-0109"
        ],
        "classification": "browser-adaptation",
        "path": "apps/office/src/sw/browser/presentation/WriterColorControl.tsx",
        "semantic": {
          "behaviorStatus": "unverified",
          "contractStatus": "not-applicable",
          "defaultStatus": "unverified",
          "divergenceClass": "B",
          "evidence": [
            "apps/office/src/sw/browser/presentation/WriterColorControl.tsx#WriterColorControl",
            "vendor/libreoffice-reference/sw/source/uibase/shells/textsh1.cxx#SID_ATTR_CHAR_COLOR2"
          ],
          "justification": "DOM swatches and color input adapt the bindings-backed Writer color commands; full upstream palette defaults remain unverified.",
          "knownViolations": [],
          "localSymbols": [
            "WriterColorControl"
          ],
          "sourceResponsibility": "browser-owned",
          "upstreamFile": null,
          "upstreamSymbols": []
        },
        "state": "active",
        "subsystem": "browser-presentation",
        "suite": "writer",
        "exportedOperations": [
          "WriterColorControl"
        ]
      },
      {
        "capabilityIds": [
          "CAP-0101",
          "CAP-0115",
          "CAP-0135"
        ],
        "classification": "browser-adaptation",
        "path": "apps/office/src/sw/browser/presentation/WriterCommandToolbar.tsx",
        "semantic": {
          "behaviorStatus": "unverified",
          "contractStatus": "not-applicable",
          "defaultStatus": "not-applicable",
          "divergenceClass": "B",
          "evidence": [
            "apps/office/src/sw/browser/presentation/WriterCommandToolbar.tsx#WriterCommandToolbar"
          ],
          "justification": "Contains React or browser DOM adaptation behind Writer command and model boundaries; no native LibreOffice source file is claimed as its owner.",
          "knownViolations": [],
          "localSymbols": [
            "WriterCommandToolbar"
          ],
          "sourceResponsibility": "browser-owned",
          "upstreamFile": null,
          "upstreamSymbols": []
        },
        "state": "active",
        "subsystem": "browser-presentation",
        "suite": "writer",
        "exportedOperations": [
          "WriterCommandToolbar"
        ]
      },
      {
        "capabilityIds": [
          "CAP-0113",
          "CAP-0114",
          "CAP-0131"
        ],
        "classification": "browser-adaptation",
        "path": "apps/office/src/sw/browser/presentation/WriterFileDialog.tsx",
        "semantic": {
          "behaviorStatus": "divergent",
          "contractStatus": "not-applicable",
          "defaultStatus": "divergent",
          "divergenceClass": "B",
          "evidence": [
            "apps/office/src/sw/browser/presentation/WriterFileDialog.tsx#WriterFileDialog"
          ],
          "justification": "Presents browser document selection, computer ODT/TXT import, browser copy creation, and ODT/TXT export. This browser policy is an intentional upstream divergence and must not be rewritten by parity work.",
          "knownViolations": [],
          "localSymbols": [
            "WriterFileDialog"
          ],
          "sourceResponsibility": "browser-owned",
          "upstreamFile": null,
          "upstreamSymbols": []
        },
        "state": "active",
        "subsystem": "browser-workflows",
        "suite": "writer",
        "exportedOperations": [
          "WriterFileDialog"
        ]
      },
      {
        "capabilityIds": [
          "CAP-0101",
          "CAP-0105",
          "CAP-0107",
          "CAP-0109",
          "CAP-0112",
          "CAP-0115"
        ],
        "classification": "browser-adaptation",
        "path": "apps/office/src/sw/browser/presentation/WriterFormattingToolbar.tsx",
        "semantic": {
          "behaviorStatus": "unverified",
          "contractStatus": "not-applicable",
          "defaultStatus": "not-applicable",
          "divergenceClass": "B",
          "evidence": [
            "apps/office/src/sw/browser/presentation/WriterFormattingToolbar.tsx#WriterFormattingToolbar"
          ],
          "justification": "Contains React or browser DOM adaptation behind Writer command and model boundaries; no native LibreOffice source file is claimed as its owner.",
          "knownViolations": [],
          "localSymbols": [
            "WriterFormattingToolbar"
          ],
          "sourceResponsibility": "browser-owned",
          "upstreamFile": null,
          "upstreamSymbols": []
        },
        "state": "active",
        "subsystem": "browser-presentation",
        "suite": "writer",
        "exportedOperations": [
          "WriterFormattingToolbar"
        ]
      },
      {
        "capabilityIds": [
          "CAP-0135"
        ],
        "classification": "browser-adaptation",
        "path": "apps/office/src/sw/browser/presentation/WriterHyperlinkDialog.tsx",
        "semantic": {
          "behaviorStatus": "unverified",
          "contractStatus": "not-applicable",
          "defaultStatus": "not-applicable",
          "divergenceClass": "B",
          "evidence": [
            "apps/office/src/sw/browser/presentation/WriterHyperlinkDialog.tsx#WriterHyperlinkDialog"
          ],
          "justification": "Contains React and browser DOM adaptation behind Writer hyperlink command and model boundaries; no native LibreOffice source file is claimed as its owner.",
          "knownViolations": [],
          "localSymbols": [
            "WriterHyperlinkDialog"
          ],
          "sourceResponsibility": "browser-owned",
          "upstreamFile": null,
          "upstreamSymbols": []
        },
        "state": "active",
        "subsystem": "browser-presentation",
        "suite": "writer",
        "exportedOperations": [
          "WriterHyperlinkDialog"
        ]
      },
      {
        "capabilityIds": [
          "CAP-0112"
        ],
        "classification": "browser-adaptation",
        "path": "apps/office/src/sw/browser/presentation/WriterInsertBreakDialog.tsx",
        "semantic": {
          "behaviorStatus": "unverified",
          "contractStatus": "not-applicable",
          "defaultStatus": "not-applicable",
          "divergenceClass": "B",
          "evidence": [
            "apps/office/src/sw/browser/presentation/WriterInsertBreakDialog.tsx#WriterInsertBreakDialog"
          ],
          "justification": "Adapts pinned insertbreak.ui for the supported hard page-break command.",
          "knownViolations": [],
          "localSymbols": [
            "WriterInsertBreakDialog"
          ],
          "sourceResponsibility": "browser-owned",
          "upstreamFile": null,
          "upstreamSymbols": []
        },
        "state": "active",
        "subsystem": "browser-presentation",
        "suite": "writer",
        "exportedOperations": [
          "WriterInsertBreakDialog"
        ]
      },
      {
        "capabilityIds": [
          "CAP-0125"
        ],
        "classification": "browser-adaptation",
        "path": "apps/office/src/sw/browser/presentation/WriterLineNumberingDialog.tsx",
        "semantic": {
          "behaviorStatus": "unverified",
          "contractStatus": "not-applicable",
          "defaultStatus": "not-applicable",
          "divergenceClass": "B",
          "evidence": [
            "apps/office/src/sw/browser/presentation/WriterLineNumberingDialog.tsx#WriterLineNumberingDialog"
          ],
          "justification": "Presents the supported document line-number settings from the pinned Writer dialog.",
          "knownViolations": [],
          "localSymbols": [
            "WriterLineNumberingDialog"
          ],
          "sourceResponsibility": "browser-owned",
          "upstreamFile": null,
          "upstreamSymbols": []
        },
        "state": "active",
        "subsystem": "browser-presentation",
        "suite": "writer",
        "exportedOperations": [
          "WriterLineNumberingDialog"
        ]
      },
      {
        "capabilityIds": [
          "CAP-0125"
        ],
        "classification": "browser-adaptation",
        "path": "apps/office/src/sw/browser/presentation/WriterLineSpacingControl.tsx",
        "semantic": {
          "behaviorStatus": "unverified",
          "contractStatus": "not-applicable",
          "defaultStatus": "not-applicable",
          "divergenceClass": "B",
          "evidence": [
            "apps/office/src/sw/browser/presentation/WriterLineSpacingControl.tsx#WriterLineSpacingControl"
          ],
          "justification": "Presents upstream proportional spacing choices and custom value through the text shell.",
          "knownViolations": [],
          "localSymbols": [
            "WriterLineSpacingControl"
          ],
          "sourceResponsibility": "browser-owned",
          "upstreamFile": null,
          "upstreamSymbols": []
        },
        "state": "active",
        "subsystem": "browser-presentation",
        "suite": "writer",
        "exportedOperations": [
          "WriterLineSpacingControl"
        ]
      },
      {
        "capabilityIds": [
          "CAP-0101",
          "CAP-0104"
        ],
        "classification": "browser-adaptation",
        "path": "apps/office/src/sw/browser/presentation/WriterPageStyleDialog.tsx",
        "semantic": {
          "behaviorStatus": "unverified",
          "contractStatus": "not-applicable",
          "defaultStatus": "not-applicable",
          "divergenceClass": "B",
          "evidence": [
            "apps/office/src/sw/browser/presentation/WriterPageStyleDialog.tsx#WriterPageStyleDialog"
          ],
          "justification": "Adapts the pinned PageFormatPage controls and validation boundary to an accessible React dialog while leaving page geometry in SwDoc.",
          "knownViolations": [],
          "localSymbols": [
            "WriterPageStyleDialog",
            "swapOrientation"
          ],
          "sourceResponsibility": "browser-owned",
          "upstreamFile": null,
          "upstreamSymbols": []
        },
        "state": "active",
        "subsystem": "browser-presentation",
        "suite": "writer",
        "exportedOperations": [
          "WriterPageStyleDialog",
          "swapOrientation"
        ]
      },
      {
        "capabilityIds": [
          "CAP-0125"
        ],
        "classification": "browser-adaptation",
        "path": "apps/office/src/sw/browser/presentation/WriterParagraphDialog.tsx",
        "semantic": {
          "behaviorStatus": "unverified",
          "contractStatus": "not-applicable",
          "defaultStatus": "unverified",
          "divergenceClass": "B",
          "evidence": [
            "apps/office/src/sw/browser/presentation/WriterParagraphDialog.tsx#WriterParagraphDialog",
            "vendor/libreoffice-reference/sw/source/uibase/shells/textsh1.cxx#SID_PARA_DLG"
          ],
          "justification": "React owns only transient paragraph dialog fields and accessible interactions; accepted values pass through the shell-owned request. Exact full upstream dialog defaults remain unverified.",
          "knownViolations": [],
          "localSymbols": [
            "WriterParagraphDialog"
          ],
          "sourceResponsibility": "browser-owned",
          "upstreamFile": null,
          "upstreamSymbols": []
        },
        "state": "active",
        "subsystem": "browser-presentation",
        "suite": "writer",
        "exportedOperations": [
          "WriterParagraphDialog"
        ]
      },
      {
        "capabilityIds": [
          "CAP-0101",
          "CAP-0105",
          "CAP-0107",
          "CAP-0109",
          "CAP-0112",
          "CAP-0115"
        ],
        "classification": "browser-adaptation",
        "path": "apps/office/src/sw/browser/presentation/WriterPropertiesPanel.tsx",
        "semantic": {
          "behaviorStatus": "unverified",
          "contractStatus": "not-applicable",
          "defaultStatus": "not-applicable",
          "divergenceClass": "B",
          "evidence": [
            "apps/office/src/sw/browser/presentation/WriterPropertiesPanel.tsx#WriterParagraphProperties"
          ],
          "justification": "Renders immutable current paragraph values together with alignment and list controls backed by generated commands and persistent bindings state.",
          "knownViolations": [],
          "localSymbols": [
            "getSidebarIcon",
            "WriterParagraphProperties"
          ],
          "sourceResponsibility": "browser-owned",
          "upstreamFile": null,
          "upstreamSymbols": []
        },
        "state": "active",
        "subsystem": "browser-presentation",
        "suite": "writer",
        "exportedOperations": [
          "WriterParagraphProperties",
          "getSidebarIcon"
        ]
      },
      {
        "capabilityIds": [
          "CAP-0114",
          "CAP-0122",
          "CAP-0133"
        ],
        "classification": "browser-adaptation",
        "path": "apps/office/src/sw/browser/presentation/WriterRecoveryPrompt.tsx",
        "semantic": {
          "behaviorStatus": "unverified",
          "contractStatus": "not-applicable",
          "defaultStatus": "not-applicable",
          "divergenceClass": "B",
          "evidence": [
            "apps/office/src/sw/browser/presentation/WriterRecoveryPrompt.tsx#WriterRecoveryPresentationController"
          ],
          "justification": "Intentional browser product decision: recovery prompts are unsupported and must not be reintroduced. The retained inert source marker has no UI or restore behavior.",
          "knownViolations": [],
          "localSymbols": [],
          "sourceResponsibility": "browser-owned",
          "upstreamFile": null,
          "upstreamSymbols": []
        },
        "state": "foundation",
        "subsystem": "recovery-presentation",
        "suite": "writer",
        "exportedOperations": []
      },
      {
        "capabilityIds": [
          "CAP-0104",
          "CAP-0112"
        ],
        "classification": "browser-adaptation",
        "path": "apps/office/src/sw/browser/presentation/WriterRulers.tsx",
        "semantic": {
          "behaviorStatus": "unverified",
          "contractStatus": "not-applicable",
          "defaultStatus": "not-applicable",
          "divergenceClass": "B",
          "evidence": [
            "apps/office/src/sw/browser/presentation/WriterRulers.tsx#WriterRulers"
          ],
          "justification": "Projects Writer page geometry and paragraph markers into pointer handles; commits only drag deltas and tab positions to SwWrtShell, which owns clamping, item mutation, and undo.",
          "knownViolations": [],
          "localSymbols": [
            "WriterRulers",
            "WriterVerticalRuler"
          ],
          "sourceResponsibility": "browser-owned",
          "upstreamFile": null,
          "upstreamSymbols": []
        },
        "state": "active",
        "subsystem": "browser-presentation",
        "suite": "writer",
        "exportedOperations": [
          "WriterRulers",
          "WriterVerticalRuler"
        ]
      },
      {
        "capabilityIds": [
          "CAP-0101",
          "CAP-0111"
        ],
        "classification": "browser-adaptation",
        "path": "apps/office/src/sw/browser/presentation/WriterTableDialog.tsx",
        "semantic": {
          "behaviorStatus": "unverified",
          "contractStatus": "not-applicable",
          "defaultStatus": "not-applicable",
          "divergenceClass": "B",
          "evidence": [
            "apps/office/src/sw/browser/presentation/WriterTableDialog.tsx#WriterTableDialog"
          ],
          "justification": "Presents bounded Insert Table and Table Properties controls over the canonical Writer table graph.",
          "knownViolations": [],
          "localSymbols": [
            "WriterTableDialog",
            "WriterTableDialogValue"
          ],
          "sourceResponsibility": "browser-owned",
          "upstreamFile": null,
          "upstreamSymbols": []
        },
        "state": "active",
        "subsystem": "browser-presentation",
        "suite": "writer",
        "exportedOperations": [
          "WriterTableDialog"
        ]
      },
      {
        "capabilityIds": [
          "CAP-0137"
        ],
        "classification": "browser-adaptation",
        "path": "apps/office/src/sw/browser/presentation/WriterTableInsertControl.tsx",
        "semantic": {
          "behaviorStatus": "unverified",
          "contractStatus": "not-applicable",
          "defaultStatus": "not-applicable",
          "divergenceClass": "B",
          "evidence": [
            "apps/office/src/sw/browser/presentation/WriterTableInsertControl.tsx#WriterTableInsertControl"
          ],
          "justification": "Presents the pinned 10 by 15 Insert Table grid and More Options entry point.",
          "knownViolations": [],
          "localSymbols": [
            "WriterTableInsertControl"
          ],
          "sourceResponsibility": "browser-owned",
          "upstreamFile": null,
          "upstreamSymbols": []
        },
        "state": "active",
        "subsystem": "browser-presentation",
        "suite": "writer",
        "exportedOperations": [
          "WriterTableInsertControl"
        ]
      },
      {
        "capabilityIds": [
          "CAP-0101",
          "CAP-0115"
        ],
        "classification": "browser-adaptation",
        "path": "apps/office/src/sw/browser/presentation/WriterWorkspaceChrome.tsx",
        "semantic": {
          "behaviorStatus": "unverified",
          "contractStatus": "not-applicable",
          "defaultStatus": "not-applicable",
          "divergenceClass": "B",
          "evidence": [
            "apps/office/src/sw/browser/presentation/WriterWorkspaceChrome.tsx#WriterWorkspaceChrome"
          ],
          "justification": "Contains React or browser DOM adaptation behind Writer command and model boundaries; no native LibreOffice source file is claimed as its owner.",
          "knownViolations": [],
          "localSymbols": [
            "WriterWorkspaceChrome"
          ],
          "sourceResponsibility": "browser-owned",
          "upstreamFile": null,
          "upstreamSymbols": []
        },
        "state": "active",
        "subsystem": "browser-presentation",
        "suite": "writer",
        "exportedOperations": [
          "WriterWorkspaceChrome"
        ]
      },
      {
        "capabilityIds": [
          "CAP-0104"
        ],
        "classification": "browser-adaptation",
        "path": "apps/office/src/sw/browser/presentation/writer-command-presentation.ts",
        "semantic": {
          "behaviorStatus": "unverified",
          "contractStatus": "not-applicable",
          "defaultStatus": "not-applicable",
          "divergenceClass": "B",
          "evidence": [
            "apps/office/src/sw/browser/presentation/writer-command-presentation.ts#selectWriterCommandResource"
          ],
          "justification": "This existing module is classified for exhaustive runtime inventory coverage; no new parity claim is made by the browser autosave task.",
          "knownViolations": [],
          "localSymbols": [
            "selectWriterCommandResource"
          ],
          "sourceResponsibility": "browser-owned",
          "upstreamFile": null,
          "upstreamSymbols": []
        },
        "state": "active",
        "subsystem": "browser-presentation",
        "suite": "writer",
        "exportedOperations": [
          "selectWriterCommandResource"
        ]
      },
      {
        "capabilityIds": [
          "CAP-0111"
        ],
        "classification": "browser-adaptation",
        "path": "apps/office/src/sw/browser/presentation/writer-ruler-lane-context.ts",
        "semantic": {
          "behaviorStatus": "not-applicable",
          "contractStatus": "not-applicable",
          "defaultStatus": "not-applicable",
          "divergenceClass": "B",
          "evidence": [
            "apps/office/src/sw/browser/presentation/writer-ruler-lane-context.ts#WriterRulerLaneContext"
          ],
          "justification": "React context carries only an HTMLElement ruler lane and scrollTop for browser painting. It stores no Writer ruler model values or command policy, so this DOM geometry port has no native source owner.",
          "knownViolations": [],
          "localSymbols": [],
          "sourceResponsibility": "browser-owned",
          "upstreamFile": null,
          "upstreamSymbols": []
        },
        "state": "active",
        "subsystem": "browser-presentation",
        "suite": "writer",
        "exportedOperations": []
      },
      {
        "capabilityIds": [
          "CAP-0111"
        ],
        "classification": "browser-adaptation",
        "path": "apps/office/src/sw/browser/presentation/writer-view-projection.ts",
        "semantic": {
          "behaviorStatus": "not-applicable",
          "contractStatus": "not-applicable",
          "defaultStatus": "not-applicable",
          "divergenceClass": "A",
          "evidence": [
            "apps/office/src/sw/browser/presentation/writer-view-projection.ts#WriterViewStore",
            "apps/office/src/editeng/source/items/numitem.test.ts#initializes independent zero geometry in legacy mode",
            "apps/office/src/editeng/source/items/numitem.test.ts#switches native legacy getters without rewriting either geometry group",
            "apps/office/src/editeng/source/items/numitem.test.ts#retains native signed getter widths at integer boundaries",
            "apps/office/src/sw/source/filter/xml/odt-list-position-mode-roundtrip.test.ts#selects native mode independently of child geometry through common and automatic ODT cycles",
            "apps/office/src/sw/source/filter/xml/odt-list-position-mode-roundtrip.test.ts#retains pre-existing browser snapshots with absent inactive legacy fields",
            "apps/office/src/xmloff/source/style/xmlnume.test.ts#exports only the native legacy group with nonzero and positive attribute predicates",
            "vendor/libreoffice-reference/editeng/source/items/numitem.cxx#SvxNumberFormat::SvxNumberFormat",
            "vendor/libreoffice-reference/editeng/source/items/numitem.cxx#SvxNumberFormat::GetAbsLSpace",
            "vendor/libreoffice-reference/editeng/source/items/numitem.cxx#SvxNumberFormat::GetFirstLineOffset",
            "vendor/libreoffice-reference/editeng/source/items/numitem.cxx#SvxNumberFormat::GetCharTextDistance",
            "vendor/libreoffice-reference/editeng/source/items/numitem.cxx#SvxNumberFormat::SetPositionAndSpaceMode",
            "vendor/libreoffice-reference/xmloff/source/style/xmlnumi.cxx#SvxXMLListLevelStyleContext_Impl::SvxXMLListLevelStyleContext_Impl",
            "vendor/libreoffice-reference/xmloff/source/style/xmlnumi.cxx#SvxXMLListLevelStyleAttrContext_Impl::SvxXMLListLevelStyleAttrContext_Impl",
            "vendor/libreoffice-reference/xmloff/source/style/xmlnume.cxx#SvxXMLNumRuleExport::exportLevelStyle"
          ],
          "justification": "Projects live Writer nodes into immutable render values at the React boundary; canonical SwDoc nodes and layout frames retain mutation and pagination ownership. Declared levels retain independent native legacy and alignment geometry with zero defaults; only exact label-alignment selects modern mode. SvxNumberFormat in editeng owns positional state, signed widths and mode-dependent getters; Writer inherits and copies all fields. xmlnumi owns level/property contexts and MM100 legacy parsing/assembly. Writer conversion precedes core application, and xmlnume emits the selected group with native signs and omission predicates. Thirteen literal common/automatic ODT cases verify mode spellings/absence, child presence, independent state, signed/bounded/partial/invalid legacy fields, exact XML and reopen. Clone and browser snapshots preserve inactive fields; primitive browser geometry selects the active group. Full line layout, numbering families, omitted-level construction, native UNO replacement failures (including signed SymbolTextDistance narrowing), extensions and wider contracts/defaults remain separately unverified. No whole-module promotion.",
          "knownViolations": [],
          "localSymbols": [
            "WriterParagraphProjection",
            "WriterParagraphComputedStyle",
            "WriterPresentationProjection",
            "WriterViewSnapshot",
            "WriterViewProjection",
            "WriterViewStore"
          ],
          "sourceResponsibility": "browser-owned",
          "upstreamFile": null,
          "upstreamSymbols": []
        },
        "state": "active",
        "subsystem": "presentation",
        "suite": "writer",
        "exportedOperations": []
      },
      {
        "capabilityIds": [
          "CAP-0101",
          "CAP-0102",
          "CAP-0103",
          "CAP-0104",
          "CAP-0105",
          "CAP-0107",
          "CAP-0109",
          "CAP-0110",
          "CAP-0113",
          "CAP-0114",
          "CAP-0115",
          "CAP-0120",
          "CAP-0121",
          "CAP-0122",
          "CAP-0135"
        ],
        "classification": "browser-adaptation",
        "path": "apps/office/src/sw/browser/presentation/writer-view.tsx",
        "semantic": {
          "behaviorStatus": "unverified",
          "contractStatus": "not-applicable",
          "defaultStatus": "not-applicable",
          "divergenceClass": "B",
          "evidence": [
            "apps/office/src/sw/browser/presentation/writer-view.tsx#WriterWorkbench",
            "apps/office/src/sw/source/uibase/shells/textsh1.ts#SwTextShell",
            "apps/office/src/sw/source/uibase/wrtsh/wrtsh1.ts#SwWrtShell"
          ],
          "justification": "Browser presentation submits primitive paragraph drafts and ruler gestures to Writer shells. Document-owned line numbering and SvxTabStopItem construction have moved out of React; this entry claims only the browser projection boundary.",
          "knownViolations": [],
          "localSymbols": [
            "WriterWorkbench",
            "presentWriterStatus",
            "presentWriterCommandError"
          ],
          "sourceResponsibility": "browser-owned",
          "upstreamFile": null,
          "upstreamSymbols": []
        },
        "state": "active",
        "subsystem": "browser-presentation",
        "suite": "writer",
        "exportedOperations": [
          "WriterWorkbench",
          "presentWriterCommandError",
          "presentWriterStatus"
        ]
      },
      {
        "capabilityIds": [
          "CAP-0113",
          "CAP-0114",
          "CAP-0131"
        ],
        "classification": "browser-adaptation",
        "path": "apps/office/src/sw/browser/storage/writer-odt-store.ts",
        "semantic": {
          "behaviorStatus": "divergent",
          "contractStatus": "not-applicable",
          "defaultStatus": "divergent",
          "divergenceClass": "B",
          "evidence": [
            "apps/office/src/sw/browser/storage/writer-odt-store.ts#IndexedDbWriterOdtStore"
          ],
          "justification": "Stores complete ODT package bytes as the only browser document body; old JSON records are not read or migrated. This browser policy is an intentional upstream divergence and must not be rewritten by parity work.",
          "knownViolations": [],
          "localSymbols": [],
          "sourceResponsibility": "browser-owned",
          "upstreamFile": null,
          "upstreamSymbols": []
        },
        "state": "active",
        "subsystem": "document-lifecycle",
        "suite": "writer",
        "exportedOperations": []
      },
      {
        "capabilityIds": [
          "CAP-0113",
          "CAP-0114",
          "CAP-0131"
        ],
        "classification": "browser-adaptation",
        "path": "apps/office/src/sw/browser/workflows/writer-autosave.ts",
        "semantic": {
          "behaviorStatus": "divergent",
          "contractStatus": "not-applicable",
          "defaultStatus": "divergent",
          "divergenceClass": "B",
          "evidence": [
            "apps/office/src/sw/browser/workflows/writer-autosave.ts#WriterAutosaveController"
          ],
          "justification": "Schedules browser autosaves after ten seconds, one idle second, and UI capture release. This browser policy is an intentional upstream divergence and must not be rewritten by parity work.",
          "knownViolations": [],
          "localSymbols": [],
          "sourceResponsibility": "browser-owned",
          "upstreamFile": null,
          "upstreamSymbols": []
        },
        "state": "active",
        "subsystem": "document-lifecycle",
        "suite": "writer",
        "exportedOperations": []
      },
      {
        "capabilityIds": [
          "CAP-0113",
          "CAP-0114",
          "CAP-0131"
        ],
        "classification": "browser-adaptation",
        "path": "apps/office/src/sw/browser/workflows/writer-document-io.ts",
        "semantic": {
          "behaviorStatus": "unverified",
          "contractStatus": "not-applicable",
          "defaultStatus": "not-applicable",
          "divergenceClass": "B",
          "evidence": [
            "apps/office/src/sw/browser/workflows/writer-document-io.ts#saveWriterOdtToPort"
          ],
          "justification": "Exports ODT and TXT through browser download ports; native Save is intentionally absent.",
          "knownViolations": [],
          "localSymbols": [
            "saveWriterOdtToPort",
            "exportWriterTextToPort"
          ],
          "sourceResponsibility": "browser-owned",
          "upstreamFile": null,
          "upstreamSymbols": []
        },
        "state": "active",
        "subsystem": "browser-workflows",
        "suite": "writer",
        "exportedOperations": [
          "exportWriterTextToPort",
          "saveWriterOdtToPort"
        ]
      },
      {
        "capabilityIds": [
          "CAP-0113",
          "CAP-0114",
          "CAP-0131"
        ],
        "classification": "browser-adaptation",
        "path": "apps/office/src/sw/browser/workflows/writer-file-dialog-controller.ts",
        "semantic": {
          "behaviorStatus": "divergent",
          "contractStatus": "not-applicable",
          "defaultStatus": "divergent",
          "divergenceClass": "B",
          "evidence": [
            "apps/office/src/sw/browser/workflows/writer-file-dialog-controller.ts#WriterFileDialogController"
          ],
          "justification": "Coordinates browser Open, Save As, and Export dialogs. This browser policy is an intentional upstream divergence and must not be rewritten by parity work.",
          "knownViolations": [],
          "localSymbols": [],
          "sourceResponsibility": "browser-owned",
          "upstreamFile": null,
          "upstreamSymbols": []
        },
        "state": "active",
        "subsystem": "browser-workflows",
        "suite": "writer",
        "exportedOperations": []
      },
      {
        "capabilityIds": [
          "CAP-0113",
          "CAP-0114",
          "CAP-0131"
        ],
        "classification": "browser-adaptation",
        "path": "apps/office/src/sw/browser/workflows/writer-odt-io.ts",
        "semantic": {
          "behaviorStatus": "divergent",
          "contractStatus": "not-applicable",
          "defaultStatus": "divergent",
          "divergenceClass": "B",
          "evidence": [
            "apps/office/src/sw/browser/workflows/writer-odt-io.ts#autosaveWriter"
          ],
          "justification": "Adapts dirty Writer shell generations to ODT IndexedDB saves and refuses empty documents. This browser policy is an intentional upstream divergence and must not be rewritten by parity work.",
          "knownViolations": [],
          "localSymbols": [
            "hasWriterContent",
            "autosaveWriter",
            "saveWriterAsBrowserCopy",
            "openBrowserWriterDocument",
            "openWriterText"
          ],
          "sourceResponsibility": "browser-owned",
          "upstreamFile": null,
          "upstreamSymbols": []
        },
        "state": "active",
        "subsystem": "browser-workflows",
        "suite": "writer",
        "exportedOperations": [
          "autosaveWriter",
          "hasWriterContent",
          "openBrowserWriterDocument",
          "openWriterText",
          "saveWriterAsBrowserCopy"
        ]
      },
      {
        "capabilityIds": [
          "CAP-0103",
          "CAP-0106",
          "CAP-0113",
          "CAP-0114",
          "CAP-0120",
          "CAP-0131"
        ],
        "classification": "browser-adaptation",
        "path": "apps/office/src/sw/browser/workflows/writer-workflows.ts",
        "semantic": {
          "behaviorStatus": "parity",
          "contractStatus": "not-applicable",
          "defaultStatus": "not-applicable",
          "divergenceClass": "B",
          "evidence": [
            "apps/office/src/sw/browser/workflows/writer-workflows.ts#WriterWorkflowCommandShell",
            "apps/office/src/sw/browser/workflows/writer-workflows.test.ts#rejectsEmptyPaste"
          ],
          "justification": "Owns the browser-only Sfx shell for file, clipboard, download, and IndexedDB commands while file and durable-storage ports terminate in writer-document-io and transfer creation remains owned by SwTransferable/SwWrtShell.",
          "knownViolations": [],
          "localSymbols": [
            "copyWriterSelection",
            "cutWriterSelection",
            "pasteWriterClipboard"
          ],
          "sourceResponsibility": "browser-owned",
          "upstreamFile": null,
          "upstreamSymbols": []
        },
        "state": "active",
        "subsystem": "browser-workflows",
        "suite": "writer",
        "exportedOperations": [
          "copyWriterSelection",
          "cutWriterSelection",
          "pasteWriterClipboard"
        ]
      },
      {
        "capabilityIds": [
          "CAP-0111"
        ],
        "classification": "upstream-mechanism",
        "path": "apps/office/src/sw/inc/calbck.ts",
        "semantic": {
          "behaviorStatus": "unverified",
          "contractStatus": "unverified",
          "defaultStatus": "unverified",
          "divergenceClass": "none",
          "evidence": [
            "apps/office/src/sw/inc/calbck.ts#SwModify",
            "vendor/libreoffice-reference/sw/source/core/attr/calbck.cxx#SwModify::CallSwClientNotify"
          ],
          "justification": "Mapped provenance remains semantically unverified against sw/source/core/attr/calbck.cxx; recorded Phase 0 checks prevent path or symbol evidence from being treated as parity.",
          "knownViolations": [],
          "localSymbols": [
            "SwClient",
            "SwModify",
            "subscribeToSwModify"
          ],
          "sourceResponsibility": "unverified",
          "upstreamFile": "sw/source/core/attr/calbck.cxx",
          "upstreamSymbols": [
            "SwModify::CallSwClientNotify",
            "SwModify::SwClientNotify",
            "SwModify::RemoveAllWriterListeners"
          ]
        },
        "state": "active",
        "subsystem": "document-model",
        "suite": "writer",
        "exportedOperations": [
          "subscribeToSwModify"
        ]
      },
      {
        "capabilityIds": [
          "CAP-0112"
        ],
        "classification": "upstream-mechanism",
        "path": "apps/office/src/sw/inc/hintids.ts",
        "semantic": {
          "behaviorStatus": "unverified",
          "contractStatus": "unverified",
          "defaultStatus": "unverified",
          "divergenceClass": "none",
          "evidence": [
            "apps/office/src/sw/inc/hintids.ts#RES_CHRATR_BEGIN",
            "vendor/libreoffice-reference/sw/inc/hintids.hxx#RES_CHRATR_BEGIN",
            "apps/office/src/sw/source/core/txtnode/text-collection-numbering.test.ts#attaches initial inherited rules, rebinds owned records and retains native list attributes",
            "apps/office/src/sw/source/core/txtnode/text-collection-numbering.test.ts#restores exact direct list-item history and suppression through repeated style undo and redo",
            "apps/office/src/sw/source/filter/xml/odt-text-collection-numbering.test.ts#uses the newly selected rule in genuine ODT and preserves style attributes through Worker transfer",
            "vendor/libreoffice-reference/sw/source/core/txtnode/ndtxt.cxx#SwTextNode::ChgFormatColl"
          ],
          "justification": "Mapped provenance remains semantically unverified against sw/inc/hintids.hxx; recorded Phase 0 checks prevent path or symbol evidence from being treated as parity. Iteration37 ports the anonymous-namespace collection numbering transition helpers. Initial inherited attachment,retained record rebinding,five-attribute removal reset,Outline exclusion/assignment and synthesized empty-rule return match16 unchanged extracted native definitions over277 sequences/10394 actual states. Native footnotes,conditional/inline styles,outline index,platform flags/cache,live format callbacks and full history/attribute lifetime remain separate unverified obligations.",
          "knownViolations": [],
          "localSymbols": [
            "RES_CHRATR_BEGIN",
            "RES_CHRATR_POSTURE",
            "RES_CHRATR_UNDERLINE",
            "RES_CHRATR_WEIGHT",
            "RES_CHRATR_CJK_POSTURE",
            "RES_CHRATR_CJK_WEIGHT"
          ],
          "sourceResponsibility": "unverified",
          "upstreamFile": "sw/inc/hintids.hxx",
          "upstreamSymbols": [
            "RES_CHRATR_BEGIN",
            "RES_CHRATR_POSTURE",
            "RES_CHRATR_UNDERLINE",
            "RES_CHRATR_WEIGHT"
          ]
        },
        "state": "active",
        "subsystem": "formatting-model",
        "suite": "writer",
        "exportedOperations": []
      },
      {
        "capabilityIds": [
          "CAP-0111"
        ],
        "classification": "upstream-mechanism",
        "path": "apps/office/src/sw/inc/hints.ts",
        "semantic": {
          "behaviorStatus": "unverified",
          "contractStatus": "unverified",
          "defaultStatus": "unverified",
          "divergenceClass": "none",
          "evidence": [
            "apps/office/src/sw/inc/hints.ts#SwAtomicModelHint",
            "vendor/libreoffice-reference/sw/inc/hints.hxx#class SwFormatChangeHint"
          ],
          "justification": "Mapped provenance remains semantically unverified against sw/inc/hints.hxx; recorded Phase 0 checks prevent path or symbol evidence from being treated as parity.",
          "knownViolations": [],
          "localSymbols": [
            "SwAtomicModelHint",
            "SwModelTransactionHint",
            "SwModelHint",
            "hasSwModelHintKind"
          ],
          "sourceResponsibility": "unverified",
          "upstreamFile": "sw/inc/hints.hxx",
          "upstreamSymbols": [
            "SwFormatChangeHint",
            "InsertText",
            "DeleteText"
          ]
        },
        "state": "active",
        "subsystem": "document-model",
        "suite": "writer",
        "exportedOperations": [
          "hasSwModelHintKind"
        ]
      },
      {
        "capabilityIds": [
          "CAP-0111"
        ],
        "classification": "upstream-mechanism",
        "path": "apps/office/src/sw/inc/lineinfo.ts",
        "semantic": {
          "behaviorStatus": "unverified",
          "contractStatus": "unverified",
          "defaultStatus": "unverified",
          "divergenceClass": "none",
          "evidence": [
            "apps/office/src/sw/inc/lineinfo.ts#SwLineNumberInfo",
            "vendor/libreoffice-reference/sw/inc/lineinfo.hxx#SwLineNumberInfo"
          ],
          "justification": "Bounded Stage 2 line-number behavior has focused tests; the full upstream contract remains unverified.",
          "knownViolations": [],
          "localSymbols": [
            "LineNumberPosition",
            "SwLineNumberInfo"
          ],
          "sourceResponsibility": "unverified",
          "upstreamFile": "sw/inc/lineinfo.hxx",
          "upstreamSymbols": [
            "SwLineNumberInfo"
          ]
        },
        "state": "active",
        "subsystem": "document-model",
        "suite": "writer",
        "exportedOperations": []
      },
      {
        "capabilityIds": [
          "CAP-0112"
        ],
        "classification": "upstream-mechanism",
        "path": "apps/office/src/sw/inc/poolfmt.ts",
        "semantic": {
          "behaviorStatus": "unverified",
          "contractStatus": "unverified",
          "defaultStatus": "unverified",
          "divergenceClass": "none",
          "evidence": [
            "apps/office/src/sw/inc/poolfmt.ts#WRITER_PARAGRAPH_STYLE_POOL",
            "vendor/libreoffice-reference/sw/source/core/doc/poolfmt.cxx#GetPoolParent"
          ],
          "justification": "Mapped provenance remains semantically unverified against sw/source/core/doc/poolfmt.cxx; recorded Phase 0 checks prevent path or symbol evidence from being treated as parity.",
          "knownViolations": [],
          "localSymbols": [
            "WRITER_PARAGRAPH_STYLE_POOL",
            "getWriterOdfStyleName",
            "getWriterParagraphStyleDefinition",
            "getWriterParagraphStyleId",
            "getWriterStyleIdFromOdfName",
            "getWriterAvailableParagraphStyleDefinition",
            "encodeWriterOdfStyleName"
          ],
          "sourceResponsibility": "unverified",
          "upstreamFile": "sw/source/core/doc/poolfmt.cxx",
          "upstreamSymbols": [
            "GetPoolParent"
          ]
        },
        "state": "active",
        "subsystem": "formatting-model",
        "suite": "writer",
        "exportedOperations": [
          "encodeWriterOdfStyleName",
          "getWriterAvailableParagraphStyleDefinition",
          "getWriterMaterializedParagraphStyleDefinition",
          "getWriterOdfStyleName",
          "getWriterParagraphStyleDefinition",
          "getWriterParagraphStyleId",
          "getWriterStyleIdFromOdfName"
        ]
      },
      {
        "capabilityIds": [
          "CAP-0104"
        ],
        "classification": "upstream-mechanism",
        "path": "apps/office/src/sw/inc/viewopt.ts",
        "semantic": {
          "behaviorStatus": "parity",
          "contractStatus": "parity",
          "defaultStatus": "parity",
          "divergenceClass": "none",
          "evidence": [
            "apps/office/src/sw/inc/viewopt.ts#SwViewOption",
            "vendor/libreoffice-reference/sw/inc/viewopt.hxx#class SwViewOption"
          ],
          "justification": "Implements the supported per-view visibility option subset with upstream ownership; unsupported layout and native-window flags are omitted.",
          "knownViolations": [],
          "localSymbols": [
            "SwViewOption"
          ],
          "sourceResponsibility": "aligned",
          "upstreamFile": "sw/inc/viewopt.hxx",
          "upstreamSymbols": [
            "SwViewOption"
          ]
        },
        "state": "active",
        "subsystem": "editing-view",
        "suite": "writer",
        "exportedOperations": []
      },
      {
        "capabilityIds": [
          "CAP-0101",
          "CAP-0115"
        ],
        "classification": "upstream-mechanism",
        "path": "apps/office/src/sw/sdi/swriter.ts",
        "semantic": {
          "behaviorStatus": "not-applicable",
          "contractStatus": "unverified",
          "defaultStatus": "not-applicable",
          "divergenceClass": "none",
          "evidence": [
            "apps/office/src/sw/sdi/swriter.ts#createWriterInterface",
            "vendor/libreoffice-reference/sw/sdi/swriter.sdi#interface Text"
          ],
          "justification": "Owns the supported generated Writer SfxInterface assembly from pinned SDI/HRC/XCU metadata while concrete shell files retain Execute and GetState behavior.",
          "knownViolations": [],
          "localSymbols": [
            "getWriterSlotId",
            "WRITER_UPSTREAM_SLOT_IDS",
            "createWriterInterface",
            "getWriterCommandArguments"
          ],
          "sourceResponsibility": "unverified",
          "upstreamFile": "sw/sdi/swriter.sdi",
          "upstreamSymbols": [
            "SfxRequest",
            "SfxSlot"
          ]
        },
        "state": "active",
        "subsystem": "command-shell",
        "suite": "writer",
        "exportedOperations": [
          "createWriterInterface",
          "getWriterCommandArguments",
          "getWriterSlotId"
        ]
      },
      {
        "capabilityIds": [
          "CAP-0112",
          "CAP-0127"
        ],
        "classification": "upstream-mechanism",
        "path": "apps/office/src/sw/source/core/SwNumberTree/SwNodeNum.ts",
        "semantic": {
          "behaviorStatus": "unverified",
          "contractStatus": "unverified",
          "defaultStatus": "unverified",
          "divergenceClass": "none",
          "evidence": [
            "apps/office/src/sw/source/core/SwNumberTree/SwNodeNum.ts#SwNodeNum",
            "vendor/libreoffice-reference/sw/source/core/SwNumberTree/SwNodeNum.cxx#SwNodeNum::SwNodeNum",
            "apps/office/src/sw/source/core/SwNumberTree/SwNumberTree.test.ts#initializes structurally and advances counted siblings after zero",
            "apps/office/src/sw/source/core/SwNumberTree/SwNumberTree.test.ts#retains native first uncounted descendant and nested sibling rules",
            "apps/office/src/sw/source/core/SwNumberTree/SwNumberTree.test.ts#continues a subtree only below native uncounted parents",
            "apps/office/src/sw/source/core/SwNumberTree/SwNumberTree.test.ts#revalidates zero restarts, counted changes and phantom ancestors",
            "apps/office/src/sw/source/filter/xml/odt-list-counters-roundtrip.test.ts#round-trips zero starts and restarts through native list trees",
            "vendor/libreoffice-reference/sw/source/core/SwNumberTree/SwNumberTree.cxx#SwNumberTreeNode::ValidateHierarchical",
            "vendor/libreoffice-reference/sw/source/core/SwNumberTree/SwNumberTree.cxx#SwNumberTreeNode::GetNumberVector_",
            "vendor/libreoffice-reference/sw/source/core/SwNumberTree/SwNodeNum.cxx#SwNodeNum::IsCounted",
            "vendor/libreoffice-reference/sw/source/core/SwNumberTree/SwNodeNum.cxx#SwNodeNum::IsRestart",
            "vendor/libreoffice-reference/sw/source/core/SwNumberTree/SwNodeNum.cxx#SwNodeNum::GetStartValue",
            "vendor/libreoffice-reference/sw/source/core/doc/list.cxx#SwList::ValidateListTree",
            "apps/office/src/sw/source/core/SwNumberTree/SwNumberTree.test.ts#constructs rule-start phantom chains and retains them through removal",
            "vendor/libreoffice-reference/sw/source/core/SwNumberTree/SwNumberTree.cxx#SwNumberTreeNode::AddChild",
            "vendor/libreoffice-reference/sw/source/core/SwNumberTree/SwNumberTree.cxx#SwNumberTreeNode::CreatePhantom",
            "vendor/libreoffice-reference/sw/source/core/SwNumberTree/SwNumberTree.cxx#SwNumberTreeNode::HasPhantomCountedParent",
            "apps/office/src/sw/source/core/SwNumberTree/SwNumberTree-lifecycle.test.ts#attaches items at insertion and validates reverse-order reads without replacing their root",
            "apps/office/src/sw/source/core/SwNumberTree/SwNumberTree-lifecycle.test.ts#reparents retained items and moves descendants through native predecessor phantoms",
            "apps/office/src/sw/source/core/SwNumberTree/SwNumberTree-lifecycle.test.ts#moves canonical paragraphs with retained list records and independent copied trees",
            "vendor/libreoffice-reference/sw/source/core/SwNumberTree/SwNumberTree.cxx#SwNumberTreeNode::GetNumber",
            "vendor/libreoffice-reference/sw/source/core/SwNumberTree/SwNumberTree.cxx#SwNumberTreeNode::RemoveMe",
            "vendor/libreoffice-reference/sw/source/core/SwNumberTree/SwNumberTree.cxx#SwNumberTreeNode::RemoveChild",
            "vendor/libreoffice-reference/sw/source/core/SwNumberTree/SwNumberTree.cxx#SwNumberTreeNode::SetLevelInListTree",
            "vendor/libreoffice-reference/sw/source/core/SwNumberTree/SwNumberTree.cxx#SwNumberTreeNode::SetLastValid",
            "vendor/libreoffice-reference/sw/source/core/SwNumberTree/SwNumberTree.cxx#SwNumberTreeNode::InvalidateTree",
            "apps/office/src/sw/source/core/txtnode/node-numbering-lifecycle.test.ts#owns records in text nodes and leaves an unrelated tail unvalidated",
            "apps/office/src/sw/source/core/txtnode/node-numbering-lifecycle.test.ts#removes old clients before changing list attributes and preserves native registration order",
            "apps/office/src/sw/source/core/doc/DocumentListItemsManager.test.ts#sorts independent of insertion order, suppresses equivalent positions and filters bullets and uncounted items",
            "vendor/libreoffice-reference/sw/source/core/txtnode/ndtxt.cxx#SwTextNode::GetNum(",
            "vendor/libreoffice-reference/sw/source/core/txtnode/ndtxt.cxx#SwTextNode::GetNumberVector(",
            "vendor/libreoffice-reference/sw/source/core/txtnode/ndtxt.cxx#SwTextNode::AddToList()",
            "vendor/libreoffice-reference/sw/source/core/txtnode/ndtxt.cxx#SwTextNode::RemoveFromList()",
            "vendor/libreoffice-reference/sw/source/core/txtnode/ndtxt.cxx#HandleSetAttrAtTextNode::HandleSetAttrAtTextNode",
            "vendor/libreoffice-reference/sw/source/core/SwNumberTree/SwNodeNum.cxx#SwNodeNum::PreAdd()",
            "vendor/libreoffice-reference/sw/source/core/SwNumberTree/SwNodeNum.cxx#SwNodeNum::PostRemove()",
            "vendor/libreoffice-reference/sw/source/core/SwNumberTree/SwNodeNum.cxx#SwNodeNum::ChangeNumRule(",
            "vendor/libreoffice-reference/sw/source/core/doc/number.cxx#SwNumRule::GetTextNodeList(",
            "vendor/libreoffice-reference/sw/source/core/doc/number.cxx#SwNumRule::RemoveTextNode(",
            "vendor/libreoffice-reference/sw/source/core/doc/number.cxx#SwNumRule::Validate(",
            "vendor/libreoffice-reference/sw/source/core/doc/DocumentListItemsManager.cxx#DocumentListItemsManager::addListItem(",
            "vendor/libreoffice-reference/sw/source/core/doc/DocumentListItemsManager.cxx#DocumentListItemsManager::getNumItems("
          ],
          "justification": "Iteration36 makes the shown number record SwTextNode-owned: SwList inserts/removes records without allocation or a text-node map. SwNodeNum binds/clears its rule in PreAdd/PostRemove and transfers rule clients in ChangeNumRule; rule clients retain insertion order and suppress identity duplicates. DocumentListItemsManager maintains native position ordering and filters counted enumeration records. Attribute rule/list changes detach before mutation; canonical node moves retain records,copy/restore attach independent records. Reads validate the requested prefix rather than unrelated tails. Compiled20 additional unmodified pinned owner/registry definitions alongside37 tree/list definitions compare120 sequences/8976 actual owner states including raw prefix caches,reverse vectors,bound rules,client order and numbered registry. Literal tests cover orphan binding,default1 after removal,duplicate add,disconnected/foreign arrays,rule copies and disposal. Single shown/document-node/hierarchical Arabic and bullet slice only;native layout expansion,redline/original arrays,complete callbacks/word-count/lifetime and legacy/default factories remain unverified. No whole-module/default/goal promotion;registered document IO deviations unchanged.",
          "knownViolations": [],
          "localSymbols": [
            "SwNodeNum"
          ],
          "sourceResponsibility": "unverified",
          "upstreamFile": "sw/source/core/SwNumberTree/SwNodeNum.cxx",
          "upstreamSymbols": [
            "SwNodeNum::SwNodeNum",
            "SwNodeNum::GetStartValue",
            "SwNodeNum::IsCounted",
            "SwNodeNum::IsRestart"
          ]
        },
        "state": "active",
        "subsystem": "formatting-model",
        "suite": "writer",
        "exportedOperations": []
      },
      {
        "capabilityIds": [
          "CAP-0112",
          "CAP-0127"
        ],
        "classification": "upstream-mechanism",
        "path": "apps/office/src/sw/source/core/SwNumberTree/SwNumberTree.ts",
        "semantic": {
          "behaviorStatus": "unverified",
          "contractStatus": "unverified",
          "defaultStatus": "unverified",
          "divergenceClass": "none",
          "evidence": [
            "apps/office/src/sw/source/core/SwNumberTree/SwNumberTree.test.ts#initializes structurally and advances counted siblings after zero",
            "apps/office/src/sw/source/core/SwNumberTree/SwNumberTree.test.ts#retains native first uncounted descendant and nested sibling rules",
            "apps/office/src/sw/source/core/SwNumberTree/SwNumberTree.test.ts#continues a subtree only below native uncounted parents",
            "apps/office/src/sw/source/core/SwNumberTree/SwNumberTree.test.ts#revalidates zero restarts, counted changes and phantom ancestors",
            "apps/office/src/sw/source/filter/xml/odt-list-counters-roundtrip.test.ts#round-trips zero starts and restarts through native list trees",
            "vendor/libreoffice-reference/sw/source/core/SwNumberTree/SwNumberTree.cxx#SwNumberTreeNode::ValidateHierarchical",
            "vendor/libreoffice-reference/sw/source/core/SwNumberTree/SwNumberTree.cxx#SwNumberTreeNode::GetNumberVector_",
            "vendor/libreoffice-reference/sw/source/core/SwNumberTree/SwNodeNum.cxx#SwNodeNum::IsCounted",
            "vendor/libreoffice-reference/sw/source/core/SwNumberTree/SwNodeNum.cxx#SwNodeNum::IsRestart",
            "vendor/libreoffice-reference/sw/source/core/SwNumberTree/SwNodeNum.cxx#SwNodeNum::GetStartValue",
            "vendor/libreoffice-reference/sw/source/core/doc/list.cxx#SwList::ValidateListTree",
            "apps/office/src/sw/source/core/SwNumberTree/SwNumberTree.test.ts#constructs rule-start phantom chains and retains them through removal",
            "vendor/libreoffice-reference/sw/source/core/SwNumberTree/SwNumberTree.cxx#SwNumberTreeNode::AddChild",
            "vendor/libreoffice-reference/sw/source/core/SwNumberTree/SwNumberTree.cxx#SwNumberTreeNode::CreatePhantom",
            "vendor/libreoffice-reference/sw/source/core/SwNumberTree/SwNumberTree.cxx#SwNumberTreeNode::HasPhantomCountedParent",
            "apps/office/src/sw/source/core/SwNumberTree/SwNumberTree-lifecycle.test.ts#attaches items at insertion and validates reverse-order reads without replacing their root",
            "apps/office/src/sw/source/core/SwNumberTree/SwNumberTree-lifecycle.test.ts#reparents retained items and moves descendants through native predecessor phantoms",
            "apps/office/src/sw/source/core/SwNumberTree/SwNumberTree-lifecycle.test.ts#moves canonical paragraphs with retained list records and independent copied trees",
            "vendor/libreoffice-reference/sw/source/core/SwNumberTree/SwNumberTree.cxx#SwNumberTreeNode::GetNumber",
            "vendor/libreoffice-reference/sw/source/core/SwNumberTree/SwNumberTree.cxx#SwNumberTreeNode::RemoveMe",
            "vendor/libreoffice-reference/sw/source/core/SwNumberTree/SwNumberTree.cxx#SwNumberTreeNode::RemoveChild",
            "vendor/libreoffice-reference/sw/source/core/SwNumberTree/SwNumberTree.cxx#SwNumberTreeNode::SetLevelInListTree",
            "vendor/libreoffice-reference/sw/source/core/SwNumberTree/SwNumberTree.cxx#SwNumberTreeNode::SetLastValid",
            "vendor/libreoffice-reference/sw/source/core/SwNumberTree/SwNumberTree.cxx#SwNumberTreeNode::InvalidateTree",
            "apps/office/src/sw/source/core/txtnode/node-numbering-lifecycle.test.ts#owns records in text nodes and leaves an unrelated tail unvalidated",
            "apps/office/src/sw/source/core/txtnode/node-numbering-lifecycle.test.ts#removes old clients before changing list attributes and preserves native registration order",
            "apps/office/src/sw/source/core/doc/DocumentListItemsManager.test.ts#sorts independent of insertion order, suppresses equivalent positions and filters bullets and uncounted items",
            "vendor/libreoffice-reference/sw/source/core/txtnode/ndtxt.cxx#SwTextNode::GetNum(",
            "vendor/libreoffice-reference/sw/source/core/txtnode/ndtxt.cxx#SwTextNode::GetNumberVector(",
            "vendor/libreoffice-reference/sw/source/core/txtnode/ndtxt.cxx#SwTextNode::AddToList()",
            "vendor/libreoffice-reference/sw/source/core/txtnode/ndtxt.cxx#SwTextNode::RemoveFromList()",
            "vendor/libreoffice-reference/sw/source/core/txtnode/ndtxt.cxx#HandleSetAttrAtTextNode::HandleSetAttrAtTextNode",
            "vendor/libreoffice-reference/sw/source/core/SwNumberTree/SwNodeNum.cxx#SwNodeNum::PreAdd()",
            "vendor/libreoffice-reference/sw/source/core/SwNumberTree/SwNodeNum.cxx#SwNodeNum::PostRemove()",
            "vendor/libreoffice-reference/sw/source/core/SwNumberTree/SwNodeNum.cxx#SwNodeNum::ChangeNumRule(",
            "vendor/libreoffice-reference/sw/source/core/doc/number.cxx#SwNumRule::GetTextNodeList(",
            "vendor/libreoffice-reference/sw/source/core/doc/number.cxx#SwNumRule::RemoveTextNode(",
            "vendor/libreoffice-reference/sw/source/core/doc/number.cxx#SwNumRule::Validate(",
            "vendor/libreoffice-reference/sw/source/core/doc/DocumentListItemsManager.cxx#DocumentListItemsManager::addListItem(",
            "vendor/libreoffice-reference/sw/source/core/doc/DocumentListItemsManager.cxx#DocumentListItemsManager::getNumItems("
          ],
          "justification": "Iteration36 makes the shown number record SwTextNode-owned: SwList inserts/removes records without allocation or a text-node map. SwNodeNum binds/clears its rule in PreAdd/PostRemove and transfers rule clients in ChangeNumRule; rule clients retain insertion order and suppress identity duplicates. DocumentListItemsManager maintains native position ordering and filters counted enumeration records. Attribute rule/list changes detach before mutation; canonical node moves retain records,copy/restore attach independent records. Reads validate the requested prefix rather than unrelated tails. Compiled20 additional unmodified pinned owner/registry definitions alongside37 tree/list definitions compare120 sequences/8976 actual owner states including raw prefix caches,reverse vectors,bound rules,client order and numbered registry. Literal tests cover orphan binding,default1 after removal,duplicate add,disconnected/foreign arrays,rule copies and disposal. Single shown/document-node/hierarchical Arabic and bullet slice only;native layout expansion,redline/original arrays,complete callbacks/word-count/lifetime and legacy/default factories remain unverified. No whole-module/default/goal promotion;registered document IO deviations unchanged.",
          "knownViolations": [],
          "localSymbols": [
            "SwNumberTreeNode"
          ],
          "sourceResponsibility": "unverified",
          "upstreamFile": "sw/source/core/SwNumberTree/SwNumberTree.cxx",
          "upstreamSymbols": [
            "SwNumberTreeNode::SwNumberTreeNode",
            "SwNumberTreeNode::ValidateHierarchical",
            "SwNumberTreeNode::GetNumberVector_"
          ]
        },
        "state": "active",
        "subsystem": "formatting-model",
        "suite": "writer",
        "exportedOperations": []
      },
      {
        "capabilityIds": [
          "CAP-0112"
        ],
        "classification": "upstream-mechanism",
        "path": "apps/office/src/sw/source/core/attr/fmtpdsc.ts",
        "semantic": {
          "behaviorStatus": "unverified",
          "contractStatus": "unverified",
          "defaultStatus": "unverified",
          "divergenceClass": "none",
          "evidence": [
            "apps/office/src/sw/source/core/attr/fmtpdsc.ts#SwFormatPageDesc",
            "vendor/libreoffice-reference/sw/inc/fmtpdsc.hxx#SwFormatPageDesc"
          ],
          "justification": "The bounded page descriptor name and optional number offset are tested for ODT round trips; broader page descriptor behavior remains unverified.",
          "knownViolations": [],
          "localSymbols": [
            "SwFormatPageDesc"
          ],
          "sourceResponsibility": "unverified",
          "upstreamFile": "sw/inc/fmtpdsc.hxx",
          "upstreamSymbols": [
            "SwFormatPageDesc"
          ]
        },
        "state": "active",
        "subsystem": "formatting-model",
        "suite": "writer",
        "exportedOperations": []
      },
      {
        "capabilityIds": [
          "CAP-0112"
        ],
        "classification": "upstream-mechanism",
        "path": "apps/office/src/sw/source/core/attr/format.ts",
        "semantic": {
          "behaviorStatus": "unverified",
          "contractStatus": "unverified",
          "defaultStatus": "unverified",
          "divergenceClass": "none",
          "evidence": [
            "apps/office/src/sw/source/core/attr/format.ts#SwFormat",
            "vendor/libreoffice-reference/sw/source/core/attr/format.cxx#SwFormat"
          ],
          "justification": "Mapped provenance remains semantically unverified against sw/source/core/attr/format.cxx; recorded Phase 0 checks prevent path or symbol evidence from being treated as parity.",
          "knownViolations": [],
          "localSymbols": [
            "SwFormat"
          ],
          "sourceResponsibility": "unverified",
          "upstreamFile": "sw/source/core/attr/format.cxx",
          "upstreamSymbols": [
            "SwFormat",
            "SwFmt::getIDocumentSettingAccess",
            "SwFormat::SwFormat",
            "sw::BorderCacheOwner"
          ]
        },
        "state": "active",
        "subsystem": "document-model",
        "suite": "writer",
        "exportedOperations": []
      },
      {
        "capabilityIds": [
          "CAP-0112"
        ],
        "classification": "upstream-mechanism",
        "path": "apps/office/src/sw/source/core/attr/swatrset.ts",
        "semantic": {
          "behaviorStatus": "unverified",
          "contractStatus": "unverified",
          "defaultStatus": "unverified",
          "divergenceClass": "none",
          "evidence": [
            "apps/office/src/sw/source/core/attr/swatrset.ts#RES_PARATR_TABSTOP",
            "vendor/libreoffice-reference/sw/source/core/bastyp/init.cxx#SvxTabStopItem",
            "vendor/libreoffice-reference/sw/source/uibase/shells/textsh1.cxx#SvxTabStopItem",
            "vendor/libreoffice-reference/sw/source/core/bastyp/init.cxx#SVX_TAB_DEFDIST",
            "vendor/libreoffice-reference/sw/source/core/attr/swatrset.cxx#SwAttrSet::CloneAsValue",
            "apps/office/src/sw/source/core/doc/writer-attributes.test.ts#clones Writer attribute values independently and omits inheritance for empty clones",
            "vendor/libreoffice-reference/sw/source/core/attr/swatrset.cxx#SwAttrSet::Clone",
            "vendor/libreoffice-reference/include/svl/itemiter.hxx#IsAtEnd",
            "apps/office/src/sw/source/core/doc/writer-attributes.test.ts#preserves Writer subtype through polymorphic same-pool cloning",
            "apps/office/src/sw/source/core/doc/writer-attributes.test.ts#matches Writer and generic destination pool clone branches",
            "apps/office/src/sw/source/core/txtnode/text-collection-numbering.test.ts#attaches initial inherited rules, rebinds owned records and retains native list attributes",
            "apps/office/src/sw/source/core/txtnode/text-collection-numbering.test.ts#restores exact direct list-item history and suppression through repeated style undo and redo",
            "apps/office/src/sw/source/filter/xml/odt-text-collection-numbering.test.ts#uses the newly selected rule in genuine ODT and preserves style attributes through Worker transfer",
            "vendor/libreoffice-reference/sw/source/core/txtnode/ndtxt.cxx#SwTextNode::ChgFormatColl"
          ],
          "justification": "RES_PARATR_TABSTOP now registers SvxTabStopItem with the pinned 1134-twip default stop, and snapshot decoding restores its full value. Other SwAttrPool and SwAttrSet operations remain unverified. Focused clone assertions now verify independent direct values/states and parent preservation for full same-pool clones; empty clones discard inheritance. SfxItemSet cross-pool clones copy directly SET values only. Item copying follows copy-constructor semantics independently of PutSet. Other module contracts remain unverified. Polymorphic Clone now follows the pinned SwAttrSet override: same-pool results preserve Writer subtype and the existing value-clone contracts, generic destination pools delegate to SET-only base cloning, and foreign Writer pools produce a fresh empty SwAttrSet because the pinned code iterates that empty destination. Both flags and destination branches have focused assertions; no broader parity is inferred. Iteration37 ports the anonymous-namespace collection numbering transition helpers. Initial inherited attachment,retained record rebinding,five-attribute removal reset,Outline exclusion/assignment and synthesized empty-rule return match16 unchanged extracted native definitions over277 sequences/10394 actual states. Native footnotes,conditional/inline styles,outline index,platform flags/cache,live format callbacks and full history/attribute lifetime remain separate unverified obligations.",
          "knownViolations": [],
          "localSymbols": [
            "SwAttrPool",
            "SwAttrSet"
          ],
          "sourceResponsibility": "unverified",
          "upstreamFile": "sw/source/core/attr/swatrset.cxx",
          "upstreamSymbols": [
            "SwAttrPool",
            "SwAttrSet",
            "SwAttrPool::SwAttrPool",
            "o3tl::convert"
          ]
        },
        "state": "active",
        "subsystem": "document-model",
        "suite": "writer",
        "exportedOperations": []
      },
      {
        "capabilityIds": [
          "CAP-0111"
        ],
        "classification": "upstream-mechanism",
        "path": "apps/office/src/sw/source/core/bastyp/index.ts",
        "semantic": {
          "behaviorStatus": "unverified",
          "contractStatus": "unverified",
          "defaultStatus": "unverified",
          "divergenceClass": "none",
          "evidence": [
            "apps/office/src/sw/source/core/bastyp/index.ts#SwContentIndex",
            "vendor/libreoffice-reference/sw/source/core/bastyp/index.cxx#SwContentIndexReg::Update"
          ],
          "justification": "Mapped provenance remains semantically unverified against sw/source/core/bastyp/index.cxx; recorded Phase 0 checks prevent path or symbol evidence from being treated as parity.",
          "knownViolations": [],
          "localSymbols": [
            "SwContentIndexOwnerKind",
            "SwContentIndexUpdateMode",
            "SwContentIndexRegistry",
            "SwContentIndex"
          ],
          "sourceResponsibility": "unverified",
          "upstreamFile": "sw/source/core/bastyp/index.cxx",
          "upstreamSymbols": [
            "SwContentIndex",
            "SwContentIndexReg::Update",
            "SwContentIndexReg::MoveTo"
          ]
        },
        "state": "active",
        "subsystem": "document-model",
        "suite": "writer",
        "exportedOperations": []
      },
      {
        "capabilityIds": [
          "CAP-0111"
        ],
        "classification": "upstream-mechanism",
        "path": "apps/office/src/sw/source/core/crsr/pam.ts",
        "semantic": {
          "behaviorStatus": "unverified",
          "contractStatus": "unverified",
          "defaultStatus": "unverified",
          "divergenceClass": "none",
          "evidence": [
            "apps/office/src/sw/source/core/crsr/pam.ts#SwNodeIndex",
            "vendor/libreoffice-reference/sw/source/core/crsr/pam.cxx#SwNodeIndex"
          ],
          "justification": "Mapped provenance remains semantically unverified against sw/source/core/crsr/pam.cxx; recorded Phase 0 checks prevent path or symbol evidence from being treated as parity.",
          "knownViolations": [],
          "localSymbols": [
            "SwNodeIndex",
            "SwPosition",
            "SwPaM",
            "WriterTextRange",
            "getWriterSelectedTextRange",
            "isWriterCursorOffset",
            "getWriterSelectedTextRanges"
          ],
          "sourceResponsibility": "unverified",
          "upstreamFile": "sw/source/core/crsr/pam.cxx",
          "upstreamSymbols": [
            "SwNodeIndex",
            "SwPosition",
            "SwPaM",
            "SwPosition::SwPosition"
          ]
        },
        "state": "active",
        "subsystem": "document-model",
        "suite": "writer",
        "exportedOperations": [
          "getWriterSelectedTextRange",
          "getWriterSelectedTextRanges",
          "isWriterCursorOffset"
        ]
      },
      {
        "capabilityIds": [
          "CAP-0110",
          "CAP-0111",
          "CAP-0124"
        ],
        "classification": "upstream-mechanism",
        "path": "apps/office/src/sw/source/core/doc/DocumentContentOperationsManager.ts",
        "semantic": {
          "behaviorStatus": "unverified",
          "contractStatus": "unverified",
          "defaultStatus": "unverified",
          "divergenceClass": "none",
          "evidence": [
            "apps/office/src/sw/source/core/doc/DocumentContentOperationsManager.ts#DocumentContentOperationsManager",
            "apps/office/src/sw/source/core/doc/writer-model.test.ts#appliesContentOperations",
            "vendor/libreoffice-reference/sw/source/core/doc/DocumentContentOperationsManager.cxx#DocumentContentOperationsManager::InsertString",
            "vendor/libreoffice-reference/sw/source/core/doc/DocumentContentOperationsManager.cxx#DocumentContentOperationsManager::SplitNode"
          ],
          "justification": "Owns the supported same-text-node insert, delete, replace, split, join, copy, and move mutations through SwPosition and SwPaM. Tables, redlines, fly frames, sections, and cross-node range algorithms remain unimplemented and unclaimed.",
          "knownViolations": [],
          "localSymbols": [
            "DocumentContentOperationsManager"
          ],
          "sourceResponsibility": "aligned",
          "upstreamFile": "sw/source/core/doc/DocumentContentOperationsManager.cxx",
          "upstreamSymbols": [
            "DocumentContentOperationsManager::CopyRange",
            "DocumentContentOperationsManager::DeleteAndJoin",
            "DocumentContentOperationsManager::InsertString",
            "DocumentContentOperationsManager::MoveRange",
            "DocumentContentOperationsManager::ReplaceRange",
            "DocumentContentOperationsManager::SplitNode"
          ]
        },
        "state": "active",
        "subsystem": "document-model",
        "suite": "writer",
        "exportedOperations": []
      },
      {
        "capabilityIds": [
          "CAP-0114"
        ],
        "classification": "upstream-mechanism",
        "path": "apps/office/src/sw/source/core/doc/DocumentListItemsManager.ts",
        "semantic": {
          "behaviorStatus": "unverified",
          "contractStatus": "unverified",
          "defaultStatus": "unverified",
          "divergenceClass": "none",
          "evidence": [
            "apps/office/src/sw/source/core/doc/DocumentListItemsManager.ts#DocumentListItemsManager",
            "apps/office/src/sw/source/core/txtnode/node-numbering-lifecycle.test.ts#owns records in text nodes and leaves an unrelated tail unvalidated",
            "apps/office/src/sw/source/core/txtnode/node-numbering-lifecycle.test.ts#removes old clients before changing list attributes and preserves native registration order",
            "apps/office/src/sw/source/core/doc/DocumentListItemsManager.test.ts#sorts independent of insertion order, suppresses equivalent positions and filters bullets and uncounted items",
            "vendor/libreoffice-reference/sw/source/core/txtnode/ndtxt.cxx#SwTextNode::GetNum(",
            "vendor/libreoffice-reference/sw/source/core/txtnode/ndtxt.cxx#SwTextNode::GetNumberVector(",
            "vendor/libreoffice-reference/sw/source/core/txtnode/ndtxt.cxx#SwTextNode::AddToList()",
            "vendor/libreoffice-reference/sw/source/core/txtnode/ndtxt.cxx#SwTextNode::RemoveFromList()",
            "vendor/libreoffice-reference/sw/source/core/txtnode/ndtxt.cxx#HandleSetAttrAtTextNode::HandleSetAttrAtTextNode",
            "vendor/libreoffice-reference/sw/source/core/SwNumberTree/SwNodeNum.cxx#SwNodeNum::PreAdd()",
            "vendor/libreoffice-reference/sw/source/core/SwNumberTree/SwNodeNum.cxx#SwNodeNum::PostRemove()",
            "vendor/libreoffice-reference/sw/source/core/SwNumberTree/SwNodeNum.cxx#SwNodeNum::ChangeNumRule(",
            "vendor/libreoffice-reference/sw/source/core/doc/number.cxx#SwNumRule::GetTextNodeList(",
            "vendor/libreoffice-reference/sw/source/core/doc/number.cxx#SwNumRule::RemoveTextNode(",
            "vendor/libreoffice-reference/sw/source/core/doc/number.cxx#SwNumRule::Validate(",
            "vendor/libreoffice-reference/sw/source/core/doc/DocumentListItemsManager.cxx#DocumentListItemsManager::addListItem(",
            "vendor/libreoffice-reference/sw/source/core/doc/DocumentListItemsManager.cxx#DocumentListItemsManager::getNumItems("
          ],
          "justification": "Iteration36 makes the shown number record SwTextNode-owned: SwList inserts/removes records without allocation or a text-node map. SwNodeNum binds/clears its rule in PreAdd/PostRemove and transfers rule clients in ChangeNumRule; rule clients retain insertion order and suppress identity duplicates. DocumentListItemsManager maintains native position ordering and filters counted enumeration records. Attribute rule/list changes detach before mutation; canonical node moves retain records,copy/restore attach independent records. Reads validate the requested prefix rather than unrelated tails. Compiled20 additional unmodified pinned owner/registry definitions alongside37 tree/list definitions compare120 sequences/8976 actual owner states including raw prefix caches,reverse vectors,bound rules,client order and numbered registry. Literal tests cover orphan binding,default1 after removal,duplicate add,disconnected/foreign arrays,rule copies and disposal. Single shown/document-node/hierarchical Arabic and bullet slice only;native layout expansion,redline/original arrays,complete callbacks/word-count/lifetime and legacy/default factories remain unverified. No whole-module/default/goal promotion;registered document IO deviations unchanged.",
          "knownViolations": [],
          "localSymbols": [
            "DocumentListItemsManager"
          ],
          "sourceResponsibility": "unverified",
          "upstreamFile": "sw/source/core/doc/DocumentListItemsManager.cxx",
          "upstreamSymbols": [
            "DocumentListItemsManager::addListItem",
            "DocumentListItemsManager::removeListItem",
            "DocumentListItemsManager::getNumItems"
          ]
        },
        "state": "active",
        "subsystem": "document-model",
        "suite": "writer",
        "exportedOperations": []
      },
      {
        "capabilityIds": [
          "CAP-0114"
        ],
        "classification": "upstream-mechanism",
        "path": "apps/office/src/sw/source/core/doc/DocumentListsManager.ts",
        "semantic": {
          "behaviorStatus": "unverified",
          "contractStatus": "unverified",
          "defaultStatus": "unverified",
          "divergenceClass": "none",
          "evidence": [
            "apps/office/src/sw/source/core/doc/DocumentListsManager.ts#DocumentListsManager",
            "vendor/libreoffice-reference/sw/source/core/doc/DocumentListsManager.cxx#DocumentListsManager::DocumentListsManager",
            "apps/office/src/sw/source/core/SwNumberTree/SwNumberTree-lifecycle.test.ts#attaches items at insertion and validates reverse-order reads without replacing their root",
            "apps/office/src/sw/source/core/SwNumberTree/SwNumberTree-lifecycle.test.ts#reparents retained items and moves descendants through native predecessor phantoms",
            "apps/office/src/sw/source/core/SwNumberTree/SwNumberTree-lifecycle.test.ts#moves canonical paragraphs with retained list records and independent copied trees",
            "vendor/libreoffice-reference/sw/source/core/SwNumberTree/SwNumberTree.cxx#SwNumberTreeNode::GetNumber",
            "vendor/libreoffice-reference/sw/source/core/SwNumberTree/SwNumberTree.cxx#SwNumberTreeNode::RemoveMe",
            "vendor/libreoffice-reference/sw/source/core/SwNumberTree/SwNumberTree.cxx#SwNumberTreeNode::RemoveChild",
            "vendor/libreoffice-reference/sw/source/core/SwNumberTree/SwNumberTree.cxx#SwNumberTreeNode::SetLevelInListTree",
            "vendor/libreoffice-reference/sw/source/core/SwNumberTree/SwNumberTree.cxx#SwNumberTreeNode::SetLastValid",
            "vendor/libreoffice-reference/sw/source/core/SwNumberTree/SwNumberTree.cxx#SwNumberTreeNode::InvalidateTree",
            "apps/office/src/sw/source/core/txtnode/node-numbering-lifecycle.test.ts#owns records in text nodes and leaves an unrelated tail unvalidated",
            "apps/office/src/sw/source/core/txtnode/node-numbering-lifecycle.test.ts#removes old clients before changing list attributes and preserves native registration order",
            "apps/office/src/sw/source/core/doc/DocumentListItemsManager.test.ts#sorts independent of insertion order, suppresses equivalent positions and filters bullets and uncounted items",
            "vendor/libreoffice-reference/sw/source/core/txtnode/ndtxt.cxx#SwTextNode::GetNum(",
            "vendor/libreoffice-reference/sw/source/core/txtnode/ndtxt.cxx#SwTextNode::GetNumberVector(",
            "vendor/libreoffice-reference/sw/source/core/txtnode/ndtxt.cxx#SwTextNode::AddToList()",
            "vendor/libreoffice-reference/sw/source/core/txtnode/ndtxt.cxx#SwTextNode::RemoveFromList()",
            "vendor/libreoffice-reference/sw/source/core/txtnode/ndtxt.cxx#HandleSetAttrAtTextNode::HandleSetAttrAtTextNode",
            "vendor/libreoffice-reference/sw/source/core/SwNumberTree/SwNodeNum.cxx#SwNodeNum::PreAdd()",
            "vendor/libreoffice-reference/sw/source/core/SwNumberTree/SwNodeNum.cxx#SwNodeNum::PostRemove()",
            "vendor/libreoffice-reference/sw/source/core/SwNumberTree/SwNodeNum.cxx#SwNodeNum::ChangeNumRule(",
            "vendor/libreoffice-reference/sw/source/core/doc/number.cxx#SwNumRule::GetTextNodeList(",
            "vendor/libreoffice-reference/sw/source/core/doc/number.cxx#SwNumRule::RemoveTextNode(",
            "vendor/libreoffice-reference/sw/source/core/doc/number.cxx#SwNumRule::Validate(",
            "vendor/libreoffice-reference/sw/source/core/doc/DocumentListItemsManager.cxx#DocumentListItemsManager::addListItem(",
            "vendor/libreoffice-reference/sw/source/core/doc/DocumentListItemsManager.cxx#DocumentListItemsManager::getNumItems("
          ],
          "justification": "Iteration36 makes the shown number record SwTextNode-owned: SwList inserts/removes records without allocation or a text-node map. SwNodeNum binds/clears its rule in PreAdd/PostRemove and transfers rule clients in ChangeNumRule; rule clients retain insertion order and suppress identity duplicates. DocumentListItemsManager maintains native position ordering and filters counted enumeration records. Attribute rule/list changes detach before mutation; canonical node moves retain records,copy/restore attach independent records. Reads validate the requested prefix rather than unrelated tails. Compiled20 additional unmodified pinned owner/registry definitions alongside37 tree/list definitions compare120 sequences/8976 actual owner states including raw prefix caches,reverse vectors,bound rules,client order and numbered registry. Literal tests cover orphan binding,default1 after removal,duplicate add,disconnected/foreign arrays,rule copies and disposal. Single shown/document-node/hierarchical Arabic and bullet slice only;native layout expansion,redline/original arrays,complete callbacks/word-count/lifetime and legacy/default factories remain unverified. No whole-module/default/goal promotion;registered document IO deviations unchanged.",
          "knownViolations": [],
          "localSymbols": [
            "DocumentListsManager"
          ],
          "sourceResponsibility": "unverified",
          "upstreamFile": "sw/source/core/doc/DocumentListsManager.cxx",
          "upstreamSymbols": [
            "DocumentListsManager::DocumentListsManager"
          ]
        },
        "state": "active",
        "subsystem": "document-model",
        "suite": "writer",
        "exportedOperations": []
      },
      {
        "capabilityIds": [
          "CAP-0111"
        ],
        "classification": "upstream-mechanism",
        "path": "apps/office/src/sw/source/core/doc/DocumentSettingManager.ts",
        "semantic": {
          "behaviorStatus": "unverified",
          "contractStatus": "unverified",
          "defaultStatus": "unverified",
          "divergenceClass": "none",
          "evidence": [
            "apps/office/src/sw/source/core/doc/DocumentSettingManager.ts#DocumentSettingManager",
            "vendor/libreoffice-reference/sw/source/core/doc/DocumentSettingManager.cxx#DocumentSettingManager::DocumentSettingManager"
          ],
          "justification": "Mapped provenance remains semantically unverified against sw/source/core/doc/DocumentSettingManager.cxx; Phase 2 preserves the bounded upstream manager boundary.",
          "knownViolations": [],
          "localSymbols": [
            "DocumentSettingManager",
            "getDefaultDocumentSettings"
          ],
          "sourceResponsibility": "unverified",
          "upstreamFile": "sw/source/core/doc/DocumentSettingManager.cxx",
          "upstreamSymbols": [
            "DocumentSettingManager::DocumentSettingManager"
          ]
        },
        "state": "active",
        "subsystem": "document-model",
        "suite": "writer",
        "exportedOperations": [
          "getDefaultDocumentSettings"
        ]
      },
      {
        "capabilityIds": [
          "CAP-0111"
        ],
        "classification": "upstream-mechanism",
        "path": "apps/office/src/sw/source/core/doc/DocumentStateManager.ts",
        "semantic": {
          "behaviorStatus": "unverified",
          "contractStatus": "unverified",
          "defaultStatus": "unverified",
          "divergenceClass": "none",
          "evidence": [
            "apps/office/src/sw/source/core/doc/DocumentStateManager.ts#DocumentStateManager",
            "vendor/libreoffice-reference/sw/source/core/doc/DocumentStateManager.cxx#DocumentStateManager::YrsGenNewCommentId"
          ],
          "justification": "Mapped provenance remains semantically unverified against sw/source/core/doc/DocumentStateManager.cxx; Phase 2 preserves the bounded upstream manager boundary.",
          "knownViolations": [],
          "localSymbols": [
            "DocumentStateManager"
          ],
          "sourceResponsibility": "unverified",
          "upstreamFile": "sw/source/core/doc/DocumentStateManager.cxx",
          "upstreamSymbols": [
            "DocumentStateManager::YrsGenNewCommentId"
          ]
        },
        "state": "active",
        "subsystem": "document-model",
        "suite": "writer",
        "exportedOperations": []
      },
      {
        "capabilityIds": [
          "CAP-0112"
        ],
        "classification": "upstream-mechanism",
        "path": "apps/office/src/sw/source/core/doc/DocumentStylePoolManager.ts",
        "semantic": {
          "behaviorStatus": "unverified",
          "contractStatus": "unverified",
          "defaultStatus": "unverified",
          "divergenceClass": "none",
          "evidence": [
            "apps/office/src/sw/source/core/doc/DocumentStylePoolManager.ts#DocumentStylePoolManager",
            "vendor/libreoffice-reference/sw/source/core/doc/DocumentStylePoolManager.cxx#DocumentStylePoolManager::DocumentStylePoolManager"
          ],
          "justification": "Mapped provenance remains semantically unverified against sw/source/core/doc/DocumentStylePoolManager.cxx; Phase 2 preserves the bounded upstream manager boundary.",
          "knownViolations": [],
          "localSymbols": [
            "DocumentStylePoolManager"
          ],
          "sourceResponsibility": "unverified",
          "upstreamFile": "sw/source/core/doc/DocumentStylePoolManager.cxx",
          "upstreamSymbols": [
            "DocumentStylePoolManager::DocumentStylePoolManager"
          ]
        },
        "state": "active",
        "subsystem": "document-model",
        "suite": "writer",
        "exportedOperations": []
      },
      {
        "capabilityIds": [
          "CAP-0112"
        ],
        "classification": "upstream-mechanism",
        "path": "apps/office/src/sw/source/core/doc/default-font.ts",
        "semantic": {
          "behaviorStatus": "parity",
          "contractStatus": "parity",
          "defaultStatus": "parity",
          "divergenceClass": "none",
          "evidence": [
            "apps/office/src/sw/source/core/doc/default-font.ts#getDefaultFont",
            "vendor/libreoffice-reference/sw/source/core/doc/DocumentStylePoolManager.cxx#lcl_SetDfltFont"
          ],
          "justification": "Ports the supported Writer script/language default-font decision and keeps output-device resolution behind an injected contract.",
          "knownViolations": [],
          "localSymbols": [
            "WriterFontScript",
            "WriterDefaultFontType",
            "DefaultFontDevice",
            "getDefaultFont",
            "getWriterFontScript",
            "getDefaultFontSelection",
            "getWriterDefaultFontLanguage"
          ],
          "sourceResponsibility": "aligned",
          "upstreamFile": "sw/source/core/doc/DocumentStylePoolManager.cxx",
          "upstreamSymbols": [
            "lcl_SetDfltFont",
            "OutputDevice::GetDefaultFont"
          ]
        },
        "state": "active",
        "subsystem": "formatting-model",
        "suite": "writer",
        "exportedOperations": [
          "getDefaultFont",
          "getDefaultFontSelection",
          "getWriterDefaultFontLanguage",
          "getWriterFontScript"
        ]
      },
      {
        "capabilityIds": [
          "CAP-0111"
        ],
        "classification": "upstream-mechanism",
        "path": "apps/office/src/sw/source/core/doc/doc.ts",
        "semantic": {
          "behaviorStatus": "unverified",
          "contractStatus": "unverified",
          "defaultStatus": "unverified",
          "divergenceClass": "none",
          "evidence": [
            "apps/office/src/sw/source/core/doc/doc.ts#SwDoc",
            "vendor/libreoffice-reference/sw/source/core/doc/doc.cxx#SwDoc",
            "apps/office/src/sw/source/core/txtnode/node-numbering-lifecycle.test.ts#owns records in text nodes and leaves an unrelated tail unvalidated",
            "apps/office/src/sw/source/core/txtnode/node-numbering-lifecycle.test.ts#removes old clients before changing list attributes and preserves native registration order",
            "apps/office/src/sw/source/core/doc/DocumentListItemsManager.test.ts#sorts independent of insertion order, suppresses equivalent positions and filters bullets and uncounted items",
            "vendor/libreoffice-reference/sw/source/core/txtnode/ndtxt.cxx#SwTextNode::GetNum(",
            "vendor/libreoffice-reference/sw/source/core/txtnode/ndtxt.cxx#SwTextNode::GetNumberVector(",
            "vendor/libreoffice-reference/sw/source/core/txtnode/ndtxt.cxx#SwTextNode::AddToList()",
            "vendor/libreoffice-reference/sw/source/core/txtnode/ndtxt.cxx#SwTextNode::RemoveFromList()",
            "vendor/libreoffice-reference/sw/source/core/txtnode/ndtxt.cxx#HandleSetAttrAtTextNode::HandleSetAttrAtTextNode",
            "vendor/libreoffice-reference/sw/source/core/SwNumberTree/SwNodeNum.cxx#SwNodeNum::PreAdd()",
            "vendor/libreoffice-reference/sw/source/core/SwNumberTree/SwNodeNum.cxx#SwNodeNum::PostRemove()",
            "vendor/libreoffice-reference/sw/source/core/SwNumberTree/SwNodeNum.cxx#SwNodeNum::ChangeNumRule(",
            "vendor/libreoffice-reference/sw/source/core/doc/number.cxx#SwNumRule::GetTextNodeList(",
            "vendor/libreoffice-reference/sw/source/core/doc/number.cxx#SwNumRule::RemoveTextNode(",
            "vendor/libreoffice-reference/sw/source/core/doc/number.cxx#SwNumRule::Validate(",
            "vendor/libreoffice-reference/sw/source/core/doc/DocumentListItemsManager.cxx#DocumentListItemsManager::addListItem(",
            "vendor/libreoffice-reference/sw/source/core/doc/DocumentListItemsManager.cxx#DocumentListItemsManager::getNumItems("
          ],
          "expectedBaseClass": null,
          "justification": "Iteration36 makes the shown number record SwTextNode-owned: SwList inserts/removes records without allocation or a text-node map. SwNodeNum binds/clears its rule in PreAdd/PostRemove and transfers rule clients in ChangeNumRule; rule clients retain insertion order and suppress identity duplicates. DocumentListItemsManager maintains native position ordering and filters counted enumeration records. Attribute rule/list changes detach before mutation; canonical node moves retain records,copy/restore attach independent records. Reads validate the requested prefix rather than unrelated tails. Compiled20 additional unmodified pinned owner/registry definitions alongside37 tree/list definitions compare120 sequences/8976 actual owner states including raw prefix caches,reverse vectors,bound rules,client order and numbered registry. Literal tests cover orphan binding,default1 after removal,duplicate add,disconnected/foreign arrays,rule copies and disposal. Single shown/document-node/hierarchical Arabic and bullet slice only;native layout expansion,redline/original arrays,complete callbacks/word-count/lifetime and legacy/default factories remain unverified. No whole-module/default/goal promotion;registered document IO deviations unchanged.",
          "knownViolations": [],
          "localSymbols": [
            "SwDoc",
            "createWriterDocument"
          ],
          "sourceResponsibility": "unverified",
          "upstreamFile": "sw/source/core/doc/doc.cxx",
          "upstreamSymbols": [
            "SwDoc",
            "SwDoc::acquire",
            "SwDoc::release",
            "SwDoc::getReferenceCount"
          ]
        },
        "state": "active",
        "subsystem": "document-model",
        "suite": "writer",
        "exportedOperations": [
          "createWriterDocument"
        ]
      },
      {
        "capabilityIds": [
          "CAP-0113"
        ],
        "classification": "upstream-mechanism",
        "path": "apps/office/src/sw/source/core/doc/docbm.ts",
        "semantic": {
          "behaviorStatus": "unverified",
          "contractStatus": "unverified",
          "defaultStatus": "unverified",
          "divergenceClass": "none",
          "evidence": [
            "apps/office/src/sw/source/core/doc/docbm.ts#DocumentMarkAccess",
            "vendor/libreoffice-reference/sw/source/core/doc/docbm.cxx#MarkManager::makeMark"
          ],
          "justification": "Owns the bounded collapsed-bookmark and retained soft-page-position slice; broader upstream MarkManager behavior remains unverified.",
          "knownViolations": [],
          "localSymbols": [
            "SwBookmark",
            "DocumentMarkAccess"
          ],
          "sourceResponsibility": "unverified",
          "upstreamFile": "sw/source/core/doc/docbm.cxx",
          "upstreamSymbols": [
            "MarkManager::makeMark",
            "MarkManager::renameMark"
          ]
        },
        "state": "active",
        "subsystem": "document-model",
        "suite": "writer",
        "exportedOperations": []
      },
      {
        "capabilityIds": [
          "CAP-0107",
          "CAP-0125"
        ],
        "classification": "upstream-mechanism",
        "path": "apps/office/src/sw/source/core/doc/docfmt.ts",
        "semantic": {
          "behaviorStatus": "parity",
          "contractStatus": "parity",
          "defaultStatus": "parity",
          "divergenceClass": "none",
          "evidence": [
            "apps/office/src/sw/source/core/doc/docfmt.ts#getMovedLeftMargin",
            "vendor/libreoffice-reference/sw/source/core/doc/docfmt.cxx#SwDoc::MoveLeftMargin",
            "apps/office/src/sw/source/uibase/wrtsh/wrtsh-indent.test.ts#uses document-default tabs across the selected paragraph range as one undo action",
            "apps/office/src/sw/source/uibase/wrtsh/wrtsh-indent.test.ts#honors unsnapped indent requests and the upstream frame-width guard",
            "apps/office/src/sw/source/uibase/wrtsh/wrtsh-indent.test.ts#retains the signed result of an unsnapped decrease through undo and redo"
          ],
          "justification": "Bounded indent calculation, selected text-node traversal, default tab distance, undo and page-body width guard are asserted against pinned upstream symbols; native selection rings and table frames remain outside scope. An unsnapped decrease from a positive indent smaller than one default tab retains the signed result through undo/redo, matching docfmt.cxx rather than throwing in the pooled margin item.",
          "knownViolations": [],
          "localSymbols": [
            "SW_DEFAULT_INDENT_DISTANCE",
            "getMoveLeftMarginDistance",
            "getMovedLeftMargin"
          ],
          "sourceResponsibility": "aligned",
          "upstreamFile": "sw/source/core/doc/docfmt.cxx",
          "upstreamSymbols": [
            "SwDoc::MoveLeftMargin"
          ]
        },
        "state": "active",
        "subsystem": "document-model",
        "suite": "writer",
        "exportedOperations": [
          "getMoveLeftMarginDistance",
          "getMovedLeftMargin"
        ]
      },
      {
        "capabilityIds": [
          "CAP-0112"
        ],
        "classification": "upstream-mechanism",
        "path": "apps/office/src/sw/source/core/doc/fmtcol.ts",
        "semantic": {
          "behaviorStatus": "unverified",
          "contractStatus": "unverified",
          "defaultStatus": "unverified",
          "divergenceClass": "none",
          "evidence": [
            "apps/office/src/sw/source/core/doc/fmtcol.ts#WRITER_PARAGRAPH_STYLES",
            "vendor/libreoffice-reference/sw/source/core/doc/fmtcol.cxx#SwFormatColl",
            "apps/office/src/sw/source/core/txtnode/text-collection-numbering.test.ts#attaches initial inherited rules, rebinds owned records and retains native list attributes",
            "apps/office/src/sw/source/core/txtnode/text-collection-numbering.test.ts#restores exact direct list-item history and suppression through repeated style undo and redo",
            "apps/office/src/sw/source/filter/xml/odt-text-collection-numbering.test.ts#uses the newly selected rule in genuine ODT and preserves style attributes through Worker transfer",
            "vendor/libreoffice-reference/sw/source/core/txtnode/ndtxt.cxx#SwTextNode::ChgFormatColl"
          ],
          "justification": "Mapped provenance remains semantically unverified against sw/source/core/doc/fmtcol.cxx; recorded Phase 0 checks prevent path or symbol evidence from being treated as parity. Iteration37 ports the anonymous-namespace collection numbering transition helpers. Initial inherited attachment,retained record rebinding,five-attribute removal reset,Outline exclusion/assignment and synthesized empty-rule return match16 unchanged extracted native definitions over277 sequences/10394 actual states. Native footnotes,conditional/inline styles,outline index,platform flags/cache,live format callbacks and full history/attribute lifetime remain separate unverified obligations.",
          "knownViolations": [],
          "localSymbols": [
            "WRITER_PARAGRAPH_STYLES",
            "WriterParagraphStyle",
            "SwFormatColl",
            "SwTextFormatColl",
            "isWriterParagraphStyle",
            "createWriterTextFormatColl"
          ],
          "sourceResponsibility": "unverified",
          "upstreamFile": "sw/source/core/doc/fmtcol.cxx",
          "upstreamSymbols": [
            "SwFormatColl",
            "SwTextFormatColl",
            "SwTextFormatColl::SwTextFormatColl",
            "SwTextFormatColl::~SwTextFormatColl"
          ]
        },
        "state": "active",
        "subsystem": "formatting-model",
        "suite": "writer",
        "exportedOperations": [
          "createWriterTextFormatColl",
          "isWriterParagraphStyle"
        ]
      },
      {
        "capabilityIds": [
          "CAP-0112",
          "CAP-0127"
        ],
        "classification": "upstream-mechanism",
        "path": "apps/office/src/sw/source/core/doc/list.ts",
        "semantic": {
          "behaviorStatus": "unverified",
          "contractStatus": "unverified",
          "defaultStatus": "unverified",
          "divergenceClass": "none",
          "evidence": [
            "apps/office/src/sw/source/core/doc/list.ts#WRITER_PARAGRAPH_LIST_KINDS",
            "vendor/libreoffice-reference/sw/source/core/doc/list.cxx#SwList::SwList",
            "apps/office/src/sw/source/core/doc/list-invariants.test.ts#revalidates restart and counted changes",
            "vendor/libreoffice-reference/sw/source/core/SwNumberTree/SwNumberTree.cxx#SwNumberTreeNode::ValidateChildren",
            "apps/office/src/sw/source/core/SwNumberTree/SwNumberTree.test.ts#initializes structurally and advances counted siblings after zero",
            "apps/office/src/sw/source/core/SwNumberTree/SwNumberTree.test.ts#retains native first uncounted descendant and nested sibling rules",
            "apps/office/src/sw/source/core/SwNumberTree/SwNumberTree.test.ts#continues a subtree only below native uncounted parents",
            "apps/office/src/sw/source/core/SwNumberTree/SwNumberTree.test.ts#revalidates zero restarts, counted changes and phantom ancestors",
            "apps/office/src/sw/source/filter/xml/odt-list-counters-roundtrip.test.ts#round-trips zero starts and restarts through native list trees",
            "vendor/libreoffice-reference/sw/source/core/SwNumberTree/SwNumberTree.cxx#SwNumberTreeNode::ValidateHierarchical",
            "vendor/libreoffice-reference/sw/source/core/SwNumberTree/SwNumberTree.cxx#SwNumberTreeNode::GetNumberVector_",
            "vendor/libreoffice-reference/sw/source/core/SwNumberTree/SwNodeNum.cxx#SwNodeNum::IsCounted",
            "vendor/libreoffice-reference/sw/source/core/SwNumberTree/SwNodeNum.cxx#SwNodeNum::IsRestart",
            "vendor/libreoffice-reference/sw/source/core/SwNumberTree/SwNodeNum.cxx#SwNodeNum::GetStartValue",
            "vendor/libreoffice-reference/sw/source/core/doc/list.cxx#SwList::ValidateListTree",
            "apps/office/src/sw/source/core/SwNumberTree/SwNumberTree.test.ts#constructs rule-start phantom chains and retains them through removal",
            "vendor/libreoffice-reference/sw/source/core/SwNumberTree/SwNumberTree.cxx#SwNumberTreeNode::AddChild",
            "vendor/libreoffice-reference/sw/source/core/SwNumberTree/SwNumberTree.cxx#SwNumberTreeNode::CreatePhantom",
            "vendor/libreoffice-reference/sw/source/core/SwNumberTree/SwNumberTree.cxx#SwNumberTreeNode::HasPhantomCountedParent",
            "apps/office/src/sw/source/core/SwNumberTree/SwNumberTree-lifecycle.test.ts#attaches items at insertion and validates reverse-order reads without replacing their root",
            "apps/office/src/sw/source/core/SwNumberTree/SwNumberTree-lifecycle.test.ts#reparents retained items and moves descendants through native predecessor phantoms",
            "apps/office/src/sw/source/core/SwNumberTree/SwNumberTree-lifecycle.test.ts#moves canonical paragraphs with retained list records and independent copied trees",
            "vendor/libreoffice-reference/sw/source/core/SwNumberTree/SwNumberTree.cxx#SwNumberTreeNode::GetNumber",
            "vendor/libreoffice-reference/sw/source/core/SwNumberTree/SwNumberTree.cxx#SwNumberTreeNode::RemoveMe",
            "vendor/libreoffice-reference/sw/source/core/SwNumberTree/SwNumberTree.cxx#SwNumberTreeNode::RemoveChild",
            "vendor/libreoffice-reference/sw/source/core/SwNumberTree/SwNumberTree.cxx#SwNumberTreeNode::SetLevelInListTree",
            "vendor/libreoffice-reference/sw/source/core/SwNumberTree/SwNumberTree.cxx#SwNumberTreeNode::SetLastValid",
            "vendor/libreoffice-reference/sw/source/core/SwNumberTree/SwNumberTree.cxx#SwNumberTreeNode::InvalidateTree",
            "apps/office/src/sw/source/core/txtnode/node-numbering-lifecycle.test.ts#owns records in text nodes and leaves an unrelated tail unvalidated",
            "apps/office/src/sw/source/core/txtnode/node-numbering-lifecycle.test.ts#removes old clients before changing list attributes and preserves native registration order",
            "apps/office/src/sw/source/core/doc/DocumentListItemsManager.test.ts#sorts independent of insertion order, suppresses equivalent positions and filters bullets and uncounted items",
            "vendor/libreoffice-reference/sw/source/core/txtnode/ndtxt.cxx#SwTextNode::GetNum(",
            "vendor/libreoffice-reference/sw/source/core/txtnode/ndtxt.cxx#SwTextNode::GetNumberVector(",
            "vendor/libreoffice-reference/sw/source/core/txtnode/ndtxt.cxx#SwTextNode::AddToList()",
            "vendor/libreoffice-reference/sw/source/core/txtnode/ndtxt.cxx#SwTextNode::RemoveFromList()",
            "vendor/libreoffice-reference/sw/source/core/txtnode/ndtxt.cxx#HandleSetAttrAtTextNode::HandleSetAttrAtTextNode",
            "vendor/libreoffice-reference/sw/source/core/SwNumberTree/SwNodeNum.cxx#SwNodeNum::PreAdd()",
            "vendor/libreoffice-reference/sw/source/core/SwNumberTree/SwNodeNum.cxx#SwNodeNum::PostRemove()",
            "vendor/libreoffice-reference/sw/source/core/SwNumberTree/SwNodeNum.cxx#SwNodeNum::ChangeNumRule(",
            "vendor/libreoffice-reference/sw/source/core/doc/number.cxx#SwNumRule::GetTextNodeList(",
            "vendor/libreoffice-reference/sw/source/core/doc/number.cxx#SwNumRule::RemoveTextNode(",
            "vendor/libreoffice-reference/sw/source/core/doc/number.cxx#SwNumRule::Validate(",
            "vendor/libreoffice-reference/sw/source/core/doc/DocumentListItemsManager.cxx#DocumentListItemsManager::addListItem(",
            "vendor/libreoffice-reference/sw/source/core/doc/DocumentListItemsManager.cxx#DocumentListItemsManager::getNumItems("
          ],
          "justification": "Iteration36 makes the shown number record SwTextNode-owned: SwList inserts/removes records without allocation or a text-node map. SwNodeNum binds/clears its rule in PreAdd/PostRemove and transfers rule clients in ChangeNumRule; rule clients retain insertion order and suppress identity duplicates. DocumentListItemsManager maintains native position ordering and filters counted enumeration records. Attribute rule/list changes detach before mutation; canonical node moves retain records,copy/restore attach independent records. Reads validate the requested prefix rather than unrelated tails. Compiled20 additional unmodified pinned owner/registry definitions alongside37 tree/list definitions compare120 sequences/8976 actual owner states including raw prefix caches,reverse vectors,bound rules,client order and numbered registry. Literal tests cover orphan binding,default1 after removal,duplicate add,disconnected/foreign arrays,rule copies and disposal. Single shown/document-node/hierarchical Arabic and bullet slice only;native layout expansion,redline/original arrays,complete callbacks/word-count/lifetime and legacy/default factories remain unverified. No whole-module/default/goal promotion;registered document IO deviations unchanged.",
          "knownViolations": [],
          "localSymbols": [
            "WRITER_PARAGRAPH_LIST_KINDS",
            "WRITER_MAX_LIST_LEVEL",
            "SwList",
            "WriterParagraphListKind",
            "WriterParagraphList",
            "createDefaultWriterParagraphList",
            "isWriterParagraphListKind",
            "normalizeWriterParagraphList",
            "projectWriterParagraphList",
            "createWriterListItemSet",
            "applyWriterParagraphList"
          ],
          "sourceResponsibility": "unverified",
          "upstreamFile": "sw/source/core/doc/list.cxx",
          "upstreamSymbols": [
            "SwList::SwList",
            "std::move",
            "uno::RuntimeException",
            "SwList::~SwList"
          ]
        },
        "state": "active",
        "subsystem": "formatting-model",
        "suite": "writer",
        "exportedOperations": [
          "applyWriterParagraphList",
          "createDefaultWriterParagraphList",
          "createWriterListItemSet",
          "isWriterParagraphListKind",
          "normalizeWriterParagraphList",
          "projectWriterParagraphList"
        ]
      },
      {
        "capabilityIds": [
          "CAP-0112",
          "CAP-0127"
        ],
        "classification": "upstream-mechanism",
        "path": "apps/office/src/sw/source/core/doc/number.ts",
        "semantic": {
          "behaviorStatus": "unverified",
          "contractStatus": "unverified",
          "defaultStatus": "unverified",
          "divergenceClass": "none",
          "evidence": [
            "apps/office/src/sw/source/core/doc/number.ts#SwNumFormat",
            "apps/office/src/sw/source/core/doc/number.test.ts#validatesRules",
            "vendor/libreoffice-reference/sw/source/core/doc/number.cxx#SwNumRule::MakeNumString",
            "apps/office/src/sw/source/core/doc/list-invariants.test.ts#starts after an uncounted first item",
            "apps/office/src/editeng/source/items/numitem.test.ts#initializes independent zero geometry in legacy mode",
            "apps/office/src/editeng/source/items/numitem.test.ts#switches native legacy getters without rewriting either geometry group",
            "apps/office/src/editeng/source/items/numitem.test.ts#retains native signed getter widths at integer boundaries",
            "apps/office/src/sw/source/filter/xml/odt-list-position-mode-roundtrip.test.ts#selects native mode independently of child geometry through common and automatic ODT cycles",
            "apps/office/src/sw/source/filter/xml/odt-list-position-mode-roundtrip.test.ts#retains pre-existing browser snapshots with absent inactive legacy fields",
            "apps/office/src/xmloff/source/style/xmlnume.test.ts#exports only the native legacy group with nonzero and positive attribute predicates",
            "vendor/libreoffice-reference/editeng/source/items/numitem.cxx#SvxNumberFormat::SvxNumberFormat",
            "vendor/libreoffice-reference/editeng/source/items/numitem.cxx#SvxNumberFormat::GetAbsLSpace",
            "vendor/libreoffice-reference/editeng/source/items/numitem.cxx#SvxNumberFormat::GetFirstLineOffset",
            "vendor/libreoffice-reference/editeng/source/items/numitem.cxx#SvxNumberFormat::GetCharTextDistance",
            "vendor/libreoffice-reference/editeng/source/items/numitem.cxx#SvxNumberFormat::SetPositionAndSpaceMode",
            "vendor/libreoffice-reference/xmloff/source/style/xmlnumi.cxx#SvxXMLListLevelStyleContext_Impl::SvxXMLListLevelStyleContext_Impl",
            "vendor/libreoffice-reference/xmloff/source/style/xmlnumi.cxx#SvxXMLListLevelStyleAttrContext_Impl::SvxXMLListLevelStyleAttrContext_Impl",
            "vendor/libreoffice-reference/xmloff/source/style/xmlnume.cxx#SvxXMLNumRuleExport::exportLevelStyle",
            "apps/office/src/sw/source/core/doc/number.test.ts#constructs modern Writer base levels and copies only a successful replacement",
            "apps/office/src/sw/source/core/unocore/unosett.test.ts#validates the native numbering properties before committing one complete level",
            "apps/office/src/sw/source/filter/xml/odt-list-rule-application.test.ts#applies list declarations in source order and stops at native property rejection",
            "apps/office/src/sw/source/filter/xml/odt-list-rule-application.test.ts#retains the native accepted distance boundary and its subsequent export rejection",
            "vendor/libreoffice-reference/xmloff/source/style/xmlnumi.cxx#SvxXMLListStyleContext::FillUnoNumRule",
            "vendor/libreoffice-reference/sw/source/core/doc/number.cxx#SwNumRule::SwNumRule",
            "vendor/libreoffice-reference/sw/source/core/unocore/unosett.cxx#SwXNumberingRules::SetNumberingRuleByIndex",
            "vendor/libreoffice-reference/sw/source/uibase/app/docstyle.cxx#SwDocStyleSheet::FillStyleSheet",
            "apps/office/src/editeng/source/items/numitem.test.ts#owns native marker defaults, unsigned values and ListFormat invalidation",
            "apps/office/src/editeng/source/items/numitem.test.ts#derives compatibility fields literally from native percent scanning",
            "apps/office/src/sw/source/core/doc/number-list-format.test.ts#substitutes requested Arabic levels literally and retains unavailable placeholders",
            "apps/office/src/sw/source/core/doc/number-list-format.test.ts#preserves independent ListFormat state in owned clones and Worker transfer",
            "vendor/libreoffice-reference/editeng/source/items/numitem.cxx#SvxNumberFormat::SetListFormat",
            "apps/office/src/sw/source/core/txtnode/node-numbering-lifecycle.test.ts#owns records in text nodes and leaves an unrelated tail unvalidated",
            "apps/office/src/sw/source/core/txtnode/node-numbering-lifecycle.test.ts#removes old clients before changing list attributes and preserves native registration order",
            "apps/office/src/sw/source/core/doc/DocumentListItemsManager.test.ts#sorts independent of insertion order, suppresses equivalent positions and filters bullets and uncounted items",
            "vendor/libreoffice-reference/sw/source/core/txtnode/ndtxt.cxx#SwTextNode::GetNum(",
            "vendor/libreoffice-reference/sw/source/core/txtnode/ndtxt.cxx#SwTextNode::GetNumberVector(",
            "vendor/libreoffice-reference/sw/source/core/txtnode/ndtxt.cxx#SwTextNode::AddToList()",
            "vendor/libreoffice-reference/sw/source/core/txtnode/ndtxt.cxx#SwTextNode::RemoveFromList()",
            "vendor/libreoffice-reference/sw/source/core/txtnode/ndtxt.cxx#HandleSetAttrAtTextNode::HandleSetAttrAtTextNode",
            "vendor/libreoffice-reference/sw/source/core/SwNumberTree/SwNodeNum.cxx#SwNodeNum::PreAdd()",
            "vendor/libreoffice-reference/sw/source/core/SwNumberTree/SwNodeNum.cxx#SwNodeNum::PostRemove()",
            "vendor/libreoffice-reference/sw/source/core/SwNumberTree/SwNodeNum.cxx#SwNodeNum::ChangeNumRule(",
            "vendor/libreoffice-reference/sw/source/core/doc/number.cxx#SwNumRule::GetTextNodeList(",
            "vendor/libreoffice-reference/sw/source/core/doc/number.cxx#SwNumRule::RemoveTextNode(",
            "vendor/libreoffice-reference/sw/source/core/doc/number.cxx#SwNumRule::Validate(",
            "vendor/libreoffice-reference/sw/source/core/doc/DocumentListItemsManager.cxx#DocumentListItemsManager::addListItem(",
            "vendor/libreoffice-reference/sw/source/core/doc/DocumentListItemsManager.cxx#DocumentListItemsManager::getNumItems(",
            "apps/office/src/sw/source/core/txtnode/text-collection-numbering.test.ts#attaches initial inherited rules, rebinds owned records and retains native list attributes",
            "apps/office/src/sw/source/core/txtnode/text-collection-numbering.test.ts#restores exact direct list-item history and suppression through repeated style undo and redo",
            "apps/office/src/sw/source/filter/xml/odt-text-collection-numbering.test.ts#uses the newly selected rule in genuine ODT and preserves style attributes through Worker transfer",
            "vendor/libreoffice-reference/sw/source/core/txtnode/ndtxt.cxx#SwTextNode::ChgFormatColl"
          ],
          "justification": "Iteration36 makes the shown number record SwTextNode-owned: SwList inserts/removes records without allocation or a text-node map. SwNodeNum binds/clears its rule in PreAdd/PostRemove and transfers rule clients in ChangeNumRule; rule clients retain insertion order and suppress identity duplicates. DocumentListItemsManager maintains native position ordering and filters counted enumeration records. Attribute rule/list changes detach before mutation; canonical node moves retain records,copy/restore attach independent records. Reads validate the requested prefix rather than unrelated tails. Compiled20 additional unmodified pinned owner/registry definitions alongside37 tree/list definitions compare120 sequences/8976 actual owner states including raw prefix caches,reverse vectors,bound rules,client order and numbered registry. Literal tests cover orphan binding,default1 after removal,duplicate add,disconnected/foreign arrays,rule copies and disposal. Single shown/document-node/hierarchical Arabic and bullet slice only;native layout expansion,redline/original arrays,complete callbacks/word-count/lifetime and legacy/default factories remain unverified. No whole-module/default/goal promotion;registered document IO deviations unchanged. Iteration37 ports the anonymous-namespace collection numbering transition helpers. Initial inherited attachment,retained record rebinding,five-attribute removal reset,Outline exclusion/assignment and synthesized empty-rule return match16 unchanged extracted native definitions over277 sequences/10394 actual states. Native footnotes,conditional/inline styles,outline index,platform flags/cache,live format callbacks and full history/attribute lifetime remain separate unverified obligations.",
          "knownViolations": [],
          "localSymbols": [
            "SwNumFormat",
            "SwNumRule",
            "getWriterParagraphListMarker"
          ],
          "sourceResponsibility": "aligned",
          "upstreamFile": "sw/source/core/doc/number.cxx",
          "upstreamSymbols": [
            "SwNumFormat::SwNumFormat",
            "SwNumRule::MakeNumString",
            "SwNumRule::SwNumRule"
          ]
        },
        "state": "active",
        "subsystem": "formatting-model",
        "suite": "writer",
        "exportedOperations": [
          "getWriterParagraphListMarker"
        ]
      },
      {
        "capabilityIds": [
          "CAP-0112"
        ],
        "classification": "upstream-mechanism",
        "path": "apps/office/src/sw/source/core/doc/poolfmt-defaults.ts",
        "semantic": {
          "behaviorStatus": "unverified",
          "contractStatus": "unverified",
          "defaultStatus": "unverified",
          "divergenceClass": "none",
          "evidence": [
            "apps/office/src/sw/source/core/doc/poolfmt-defaults.ts#RES_PARATR_TABSTOP",
            "vendor/libreoffice-reference/sw/source/core/bastyp/init.cxx#SvxTabStopItem"
          ],
          "justification": "Paragraph style defaults now materialize the pinned SvxTabStopItem including ten generated default stops and the style's explicit zero stop. Other style defaults retain narrow source-derived assertions and remain unverified at module level.",
          "knownViolations": [],
          "localSymbols": [
            "getWriterParagraphStyleDefaults",
            "applyWriterParagraphStyleDefaults"
          ],
          "sourceResponsibility": "unverified",
          "upstreamFile": "sw/source/core/doc/DocumentStylePoolManager.cxx",
          "upstreamSymbols": [
            "DocumentStylePoolManager::GetTextCollFromPool",
            "lcl_SetHeadline",
            "lcl_SetDfltFont"
          ]
        },
        "state": "active",
        "subsystem": "formatting-model",
        "suite": "writer",
        "exportedOperations": [
          "applyWriterParagraphStyleDefaults",
          "getWriterParagraphStyleDefaults"
        ]
      },
      {
        "capabilityIds": [
          "CAP-0111",
          "CAP-0123"
        ],
        "classification": "upstream-mechanism",
        "path": "apps/office/src/sw/source/core/docnode/node.ts",
        "semantic": {
          "behaviorStatus": "unverified",
          "contractStatus": "unverified",
          "defaultStatus": "unverified",
          "divergenceClass": "none",
          "evidence": [
            "apps/office/src/sw/source/core/docnode/node.ts#SwNodeType",
            "vendor/libreoffice-reference/sw/source/core/docnode/node.cxx#SwNodeType"
          ],
          "justification": "Mapped provenance remains semantically unverified against sw/source/core/docnode/node.cxx; recorded Phase 0 checks prevent path or symbol evidence from being treated as parity.",
          "knownViolations": [],
          "localSymbols": [
            "SwNodeType",
            "SwNode",
            "SwStartNode",
            "SwEndNode",
            "SwContentNode"
          ],
          "sourceResponsibility": "unverified",
          "upstreamFile": "sw/source/core/docnode/node.cxx",
          "upstreamSymbols": [
            "SwNodeType",
            "SwNode",
            "SwStartNode",
            "SwEndNode"
          ]
        },
        "state": "active",
        "subsystem": "document-model",
        "suite": "writer",
        "exportedOperations": []
      },
      {
        "capabilityIds": [
          "CAP-0111",
          "CAP-0123"
        ],
        "classification": "upstream-mechanism",
        "path": "apps/office/src/sw/source/core/docnode/nodes.ts",
        "semantic": {
          "behaviorStatus": "unverified",
          "contractStatus": "unverified",
          "defaultStatus": "unverified",
          "divergenceClass": "none",
          "evidence": [
            "apps/office/src/sw/source/core/docnode/nodes.ts#SwNodes",
            "vendor/libreoffice-reference/sw/source/core/docnode/nodes.cxx#SwNodes",
            "apps/office/src/sw/source/core/SwNumberTree/SwNumberTree-lifecycle.test.ts#attaches items at insertion and validates reverse-order reads without replacing their root",
            "apps/office/src/sw/source/core/SwNumberTree/SwNumberTree-lifecycle.test.ts#reparents retained items and moves descendants through native predecessor phantoms",
            "apps/office/src/sw/source/core/SwNumberTree/SwNumberTree-lifecycle.test.ts#moves canonical paragraphs with retained list records and independent copied trees",
            "vendor/libreoffice-reference/sw/source/core/SwNumberTree/SwNumberTree.cxx#SwNumberTreeNode::GetNumber",
            "vendor/libreoffice-reference/sw/source/core/SwNumberTree/SwNumberTree.cxx#SwNumberTreeNode::RemoveMe",
            "vendor/libreoffice-reference/sw/source/core/SwNumberTree/SwNumberTree.cxx#SwNumberTreeNode::RemoveChild",
            "vendor/libreoffice-reference/sw/source/core/SwNumberTree/SwNumberTree.cxx#SwNumberTreeNode::SetLevelInListTree",
            "vendor/libreoffice-reference/sw/source/core/SwNumberTree/SwNumberTree.cxx#SwNumberTreeNode::SetLastValid",
            "vendor/libreoffice-reference/sw/source/core/SwNumberTree/SwNumberTree.cxx#SwNumberTreeNode::InvalidateTree",
            "apps/office/src/sw/source/core/txtnode/node-numbering-lifecycle.test.ts#owns records in text nodes and leaves an unrelated tail unvalidated",
            "apps/office/src/sw/source/core/txtnode/node-numbering-lifecycle.test.ts#removes old clients before changing list attributes and preserves native registration order",
            "apps/office/src/sw/source/core/doc/DocumentListItemsManager.test.ts#sorts independent of insertion order, suppresses equivalent positions and filters bullets and uncounted items",
            "vendor/libreoffice-reference/sw/source/core/txtnode/ndtxt.cxx#SwTextNode::GetNum(",
            "vendor/libreoffice-reference/sw/source/core/txtnode/ndtxt.cxx#SwTextNode::GetNumberVector(",
            "vendor/libreoffice-reference/sw/source/core/txtnode/ndtxt.cxx#SwTextNode::AddToList()",
            "vendor/libreoffice-reference/sw/source/core/txtnode/ndtxt.cxx#SwTextNode::RemoveFromList()",
            "vendor/libreoffice-reference/sw/source/core/txtnode/ndtxt.cxx#HandleSetAttrAtTextNode::HandleSetAttrAtTextNode",
            "vendor/libreoffice-reference/sw/source/core/SwNumberTree/SwNodeNum.cxx#SwNodeNum::PreAdd()",
            "vendor/libreoffice-reference/sw/source/core/SwNumberTree/SwNodeNum.cxx#SwNodeNum::PostRemove()",
            "vendor/libreoffice-reference/sw/source/core/SwNumberTree/SwNodeNum.cxx#SwNodeNum::ChangeNumRule(",
            "vendor/libreoffice-reference/sw/source/core/doc/number.cxx#SwNumRule::GetTextNodeList(",
            "vendor/libreoffice-reference/sw/source/core/doc/number.cxx#SwNumRule::RemoveTextNode(",
            "vendor/libreoffice-reference/sw/source/core/doc/number.cxx#SwNumRule::Validate(",
            "vendor/libreoffice-reference/sw/source/core/doc/DocumentListItemsManager.cxx#DocumentListItemsManager::addListItem(",
            "vendor/libreoffice-reference/sw/source/core/doc/DocumentListItemsManager.cxx#DocumentListItemsManager::getNumItems("
          ],
          "justification": "Iteration36 makes the shown number record SwTextNode-owned: SwList inserts/removes records without allocation or a text-node map. SwNodeNum binds/clears its rule in PreAdd/PostRemove and transfers rule clients in ChangeNumRule; rule clients retain insertion order and suppress identity duplicates. DocumentListItemsManager maintains native position ordering and filters counted enumeration records. Attribute rule/list changes detach before mutation; canonical node moves retain records,copy/restore attach independent records. Reads validate the requested prefix rather than unrelated tails. Compiled20 additional unmodified pinned owner/registry definitions alongside37 tree/list definitions compare120 sequences/8976 actual owner states including raw prefix caches,reverse vectors,bound rules,client order and numbered registry. Literal tests cover orphan binding,default1 after removal,duplicate add,disconnected/foreign arrays,rule copies and disposal. Single shown/document-node/hierarchical Arabic and bullet slice only;native layout expansion,redline/original arrays,complete callbacks/word-count/lifetime and legacy/default factories remain unverified. No whole-module/default/goal promotion;registered document IO deviations unchanged.",
          "knownViolations": [],
          "localSymbols": [
            "SwNodes"
          ],
          "sourceResponsibility": "unverified",
          "upstreamFile": "sw/source/core/docnode/nodes.cxx",
          "upstreamSymbols": [
            "SwNodes",
            "SwNodes::SwNodes",
            "SwNodes::~SwNodes",
            "SwNodes::ChgNode"
          ]
        },
        "state": "active",
        "subsystem": "document-model",
        "suite": "writer",
        "exportedOperations": []
      },
      {
        "capabilityIds": [
          "CAP-0107",
          "CAP-0125"
        ],
        "classification": "upstream-mechanism",
        "path": "apps/office/src/sw/source/core/edit/edattr.ts",
        "semantic": {
          "behaviorStatus": "parity",
          "contractStatus": "parity",
          "defaultStatus": "parity",
          "divergenceClass": "none",
          "evidence": [
            "apps/office/src/sw/source/core/edit/edattr.ts#createMoveLeftMarginAction",
            "vendor/libreoffice-reference/sw/source/core/edit/edattr.cxx#SwEditShell::MoveLeftMargin",
            "apps/office/src/sw/source/uibase/wrtsh/wrtsh-indent.test.ts#uses document-default tabs across the selected paragraph range as one undo action",
            "apps/office/src/sw/source/uibase/wrtsh/wrtsh-indent.test.ts#honors unsnapped indent requests and the upstream frame-width guard"
          ],
          "justification": "Bounded indent calculation, selected text-node traversal, default tab distance, undo and page-body width guard are asserted against pinned upstream symbols; native selection rings and table frames remain outside scope.",
          "knownViolations": [],
          "localSymbols": [
            "getMoveLeftMarginNodes",
            "isMoveLeftMargin",
            "createMoveLeftMarginAction"
          ],
          "sourceResponsibility": "aligned",
          "upstreamFile": "sw/source/core/edit/edattr.cxx",
          "upstreamSymbols": [
            "SwEditShell::IsMoveLeftMargin",
            "SwEditShell::MoveLeftMargin"
          ]
        },
        "state": "active",
        "subsystem": "editing-view",
        "suite": "writer",
        "exportedOperations": [
          "createMoveLeftMarginAction",
          "getMoveLeftMarginNodes",
          "isMoveLeftMargin"
        ]
      },
      {
        "capabilityIds": [
          "CAP-0135"
        ],
        "classification": "upstream-mechanism",
        "path": "apps/office/src/sw/source/core/edit/editsh.ts",
        "semantic": {
          "behaviorStatus": "unverified",
          "contractStatus": "unverified",
          "defaultStatus": "unverified",
          "divergenceClass": "none",
          "evidence": [
            "apps/office/src/sw/source/core/edit/editsh.ts#createWriterHyperlinkAction",
            "vendor/libreoffice-reference/sw/source/core/edit/editsh.cxx#SwEditShell::InsertURL"
          ],
          "justification": "Supported SwEditShell hyperlink action and cursor lookup now reside under the pinned editsh.cxx owner; extended native URL and field behavior remains unverified.",
          "knownViolations": [],
          "localSymbols": [
            "getWriterHyperlinkAtCursor",
            "createWriterHyperlinkAction"
          ],
          "sourceResponsibility": "aligned",
          "upstreamFile": "sw/source/core/edit/editsh.cxx",
          "upstreamSymbols": [
            "SwEditShell::InsertURL"
          ]
        },
        "state": "active",
        "subsystem": "editing-view",
        "suite": "writer",
        "exportedOperations": [
          "createWriterHyperlinkAction",
          "getWriterHyperlinkAtCursor"
        ]
      },
      {
        "capabilityIds": [
          "CAP-0107",
          "CAP-0125"
        ],
        "classification": "upstream-mechanism",
        "path": "apps/office/src/sw/source/core/edit/ednumber.ts",
        "semantic": {
          "behaviorStatus": "unverified",
          "contractStatus": "unverified",
          "defaultStatus": "unverified",
          "divergenceClass": "none",
          "evidence": [
            "apps/office/src/sw/source/core/edit/ednumber.ts#changeWriterParagraphListLevel",
            "vendor/libreoffice-reference/sw/source/core/edit/ednumber.cxx#SwEditShell::NumUpDown",
            "apps/office/src/sw/source/uibase/wrtsh/wrtsh1.test.ts#routesContextualIndent"
          ],
          "justification": "Bounded active-list NumUpDown branch follows pinned ednumber.cxx; selection-ring list behavior remains unverified.",
          "knownViolations": [],
          "localSymbols": [
            "WriterIndentTarget",
            "WriterListLevelCommand",
            "canChangeWriterParagraphListLevel",
            "changeWriterParagraphListLevel"
          ],
          "sourceResponsibility": "unverified",
          "upstreamFile": "sw/source/core/edit/ednumber.cxx",
          "upstreamSymbols": [
            "SwEditShell::NumUpDown"
          ]
        },
        "state": "active",
        "subsystem": "writer-shell",
        "suite": "writer",
        "exportedOperations": [
          "canChangeWriterParagraphListLevel",
          "changeWriterParagraphListLevel"
        ]
      },
      {
        "capabilityIds": [
          "CAP-0111"
        ],
        "classification": "upstream-mechanism",
        "path": "apps/office/src/sw/source/core/layout/newfrm.ts",
        "semantic": {
          "behaviorStatus": "divergent",
          "contractStatus": "unverified",
          "defaultStatus": "divergent",
          "divergenceClass": "B",
          "evidence": [
            "apps/office/src/sw/source/core/layout/newfrm.ts#createSwPageFrames",
            "vendor/libreoffice-reference/sw/source/core/layout/newfrm.cxx#InsertNewPage",
            "apps/office/src/sw/source/core/layout/newfrm.test.ts#persistent Writer layout root",
            "vendor/libreoffice-reference/sw/source/core/layout/newfrm.cxx#SwRootFrame::SwRootFrame",
            "apps/office/e2e/writer-layout-ratios.spec.ts#Writer keeps measured page breaks across device pixel ratios",
            "apps/office/src/sw/source/core/layout/newfrm.test.ts#reflows affected successors while retaining unchanged positioned frames",
            "apps/office/src/editeng/source/items/numitem.test.ts#initializes independent zero geometry in legacy mode",
            "apps/office/src/editeng/source/items/numitem.test.ts#switches native legacy getters without rewriting either geometry group",
            "apps/office/src/editeng/source/items/numitem.test.ts#retains native signed getter widths at integer boundaries",
            "apps/office/src/sw/source/filter/xml/odt-list-position-mode-roundtrip.test.ts#selects native mode independently of child geometry through common and automatic ODT cycles",
            "apps/office/src/sw/source/filter/xml/odt-list-position-mode-roundtrip.test.ts#retains pre-existing browser snapshots with absent inactive legacy fields",
            "apps/office/src/xmloff/source/style/xmlnume.test.ts#exports only the native legacy group with nonzero and positive attribute predicates",
            "vendor/libreoffice-reference/editeng/source/items/numitem.cxx#SvxNumberFormat::SvxNumberFormat",
            "vendor/libreoffice-reference/editeng/source/items/numitem.cxx#SvxNumberFormat::GetAbsLSpace",
            "vendor/libreoffice-reference/editeng/source/items/numitem.cxx#SvxNumberFormat::GetFirstLineOffset",
            "vendor/libreoffice-reference/editeng/source/items/numitem.cxx#SvxNumberFormat::GetCharTextDistance",
            "vendor/libreoffice-reference/editeng/source/items/numitem.cxx#SvxNumberFormat::SetPositionAndSpaceMode",
            "vendor/libreoffice-reference/xmloff/source/style/xmlnumi.cxx#SvxXMLListLevelStyleContext_Impl::SvxXMLListLevelStyleContext_Impl",
            "vendor/libreoffice-reference/xmloff/source/style/xmlnumi.cxx#SvxXMLListLevelStyleAttrContext_Impl::SvxXMLListLevelStyleAttrContext_Impl",
            "vendor/libreoffice-reference/xmloff/source/style/xmlnume.cxx#SvxXMLNumRuleExport::exportLevelStyle"
          ],
          "justification": "Persistent SwRootFrame uses current SwDoc revision, browser measurement revision, targeted Writer hints and typed value comparison to reconcile supported page/text-frame identity and line numbering. The certification ODT still has a different first-page content boundary from LibreOffice GUI; the remaining difference has not been isolated between font selection, browser metrics, and page-flow calculation. Declared levels retain independent native legacy and alignment geometry with zero defaults; only exact label-alignment selects modern mode. SvxNumberFormat in editeng owns positional state, signed widths and mode-dependent getters; Writer inherits and copies all fields. xmlnumi owns level/property contexts and MM100 legacy parsing/assembly. Writer conversion precedes core application, and xmlnume emits the selected group with native signs and omission predicates. Thirteen literal common/automatic ODT cases verify mode spellings/absence, child presence, independent state, signed/bounded/partial/invalid legacy fields, exact XML and reopen. Clone and browser snapshots preserve inactive fields; primitive browser geometry selects the active group. Full line layout, numbering families, omitted-level construction, native UNO replacement failures (including signed SymbolTextDistance narrowing), extensions and wider contracts/defaults remain separately unverified. No whole-module promotion.",
          "knownViolations": [],
          "localSymbols": [
            "SwPageFrame",
            "createSwPageFrames",
            "SwRootFrame",
            "SwRootFrameSnapshot"
          ],
          "sourceResponsibility": "aligned",
          "upstreamFile": "sw/source/core/layout/newfrm.cxx",
          "upstreamSymbols": [
            "InsertNewPage",
            "SwRootFrame::SwRootFrame"
          ]
        },
        "state": "active",
        "subsystem": "page-layout",
        "suite": "writer",
        "exportedOperations": [
          "createSwPageFrames",
          "projectSwTextPrintBounds"
        ]
      },
      {
        "capabilityIds": [
          "CAP-0111",
          "CAP-0113"
        ],
        "classification": "upstream-mechanism",
        "path": "apps/office/src/sw/source/core/layout/pagedesc.ts",
        "semantic": {
          "behaviorStatus": "unverified",
          "contractStatus": "unverified",
          "defaultStatus": "unverified",
          "divergenceClass": "none",
          "evidence": [
            "apps/office/src/sw/source/core/layout/pagedesc.ts#SwPageDesc",
            "vendor/libreoffice-reference/sw/source/core/layout/pagedesc.cxx#SwPageDesc"
          ],
          "justification": "Implements the bounded Standard page descriptor, locale defaults, physical dimensions, orientation, margins, and copy semantics at the pinned SwPageDesc ownership boundary.",
          "knownViolations": [],
          "localSymbols": [
            "SwPageDesc",
            "WriterPageDescriptorValue",
            "createDefaultWriterPageDescriptor",
            "equalWriterPageDescriptors",
            "applyWriterPaperFormat",
            "validateWriterPageDescriptor"
          ],
          "sourceResponsibility": "unverified",
          "upstreamFile": "sw/source/core/layout/pagedesc.cxx",
          "upstreamSymbols": [
            "SwPageDesc"
          ]
        },
        "state": "active",
        "subsystem": "page-layout",
        "suite": "writer",
        "exportedOperations": [
          "applyWriterPaperFormat",
          "createDefaultWriterPageDescriptor",
          "equalWriterPageDescriptors",
          "validateWriterPageDescriptor"
        ]
      },
      {
        "capabilityIds": [
          "CAP-0112",
          "CAP-0125",
          "CAP-0127"
        ],
        "classification": "upstream-mechanism",
        "path": "apps/office/src/sw/source/core/para/paratr.ts",
        "semantic": {
          "behaviorStatus": "unverified",
          "contractStatus": "unverified",
          "defaultStatus": "unverified",
          "divergenceClass": "none",
          "evidence": [
            "apps/office/src/sw/source/core/para/paratr.ts#SwNumRuleItem",
            "vendor/libreoffice-reference/sw/source/core/para/paratr.cxx#SwNumRuleItem"
          ],
          "justification": "Mapped provenance remains semantically unverified against sw/source/core/para/paratr.cxx; recorded Phase 0 checks prevent path or symbol evidence from being treated as parity.",
          "knownViolations": [],
          "localSymbols": [
            "SwNumRuleItem"
          ],
          "sourceResponsibility": "unverified",
          "upstreamFile": "sw/source/core/para/paratr.cxx",
          "upstreamSymbols": [
            "SwNumRuleItem",
            "SwFormatDrop::CreateDefault",
            "SwRegisterItem::CreateDefault",
            "SwNumRuleItem::CreateDefault"
          ]
        },
        "state": "active",
        "subsystem": "formatting-model",
        "suite": "writer",
        "exportedOperations": []
      },
      {
        "capabilityIds": [
          "CAP-0111",
          "CAP-0123"
        ],
        "classification": "upstream-mechanism",
        "path": "apps/office/src/sw/source/core/table/swtable.ts",
        "semantic": {
          "behaviorStatus": "unverified",
          "contractStatus": "unverified",
          "defaultStatus": "unverified",
          "divergenceClass": "none",
          "evidence": [
            "apps/office/src/sw/source/core/table/swtable.ts#SwTable",
            "vendor/libreoffice-reference/sw/source/core/table/swtable.cxx#SwTable::SwTable"
          ],
          "justification": "Owns ordered Writer table rows, cells, geometry and pagination boundaries.",
          "knownViolations": [],
          "localSymbols": [
            "SwTable",
            "SwTableLine",
            "SwTableBox"
          ],
          "sourceResponsibility": "unverified",
          "upstreamFile": "sw/source/core/table/swtable.cxx",
          "upstreamSymbols": [
            "SwTable::SwTable"
          ]
        },
        "state": "active",
        "subsystem": "document-model",
        "suite": "writer",
        "exportedOperations": []
      },
      {
        "capabilityIds": [
          "CAP-0111"
        ],
        "classification": "upstream-mechanism",
        "path": "apps/office/src/sw/source/core/text/itrform2.ts",
        "semantic": {
          "behaviorStatus": "unverified",
          "contractStatus": "unverified",
          "defaultStatus": "unverified",
          "divergenceClass": "none",
          "evidence": [
            "apps/office/src/sw/source/core/text/itrform2.ts#projectWriterLineHeightItem",
            "apps/office/src/sw/browser/presentation/writer-view.test.tsx#projects fixed, minimum, and extra Writer line spacing",
            "vendor/libreoffice-reference/sw/source/core/text/itrform2.cxx#SwTextFormatter::CalcRealHeight"
          ],
          "justification": "Places supported proportional, fixed, minimum, and leading line-height policy in the pinned core text responsibility while browser font measurement remains a device approximation.",
          "knownViolations": [],
          "localSymbols": [
            "projectWriterLineHeight",
            "projectWriterLineHeightItem"
          ],
          "sourceResponsibility": "aligned",
          "upstreamFile": "sw/source/core/text/itrform2.cxx",
          "upstreamSymbols": [
            "SwTextFormatter::CalcRealHeight"
          ]
        },
        "state": "active",
        "subsystem": "page-layout",
        "suite": "writer",
        "exportedOperations": [
          "projectWriterLineHeight",
          "projectWriterLineHeightItem"
        ]
      },
      {
        "capabilityIds": [
          "CAP-0111"
        ],
        "classification": "upstream-mechanism",
        "path": "apps/office/src/sw/source/core/text/txtfrm.ts",
        "semantic": {
          "behaviorStatus": "unverified",
          "contractStatus": "unverified",
          "defaultStatus": "unverified",
          "divergenceClass": "none",
          "evidence": [
            "apps/office/src/sw/source/core/text/txtfrm.ts#SwTextFrame",
            "vendor/libreoffice-reference/sw/source/core/text/txtfrm.cxx#SwTextFrame",
            "apps/office/src/sw/source/core/text/txtfrm.test.ts#Writer line numbering on text frames",
            "apps/office/src/sw/source/core/layout/newfrm.test.ts#reads spacing and flow flags from canonical pooled items"
          ],
          "justification": "Core reads supported paragraph spacing, style and flow flags from pooled SwTextNode items, then pairs them with browser device line geometry. Native text shaping and registration remain outside this browser slice.",
          "knownViolations": [],
          "localSymbols": [
            "SwTextLine",
            "SwTextFrame",
            "getSwTextFrameGap",
            "makeSwTextFrame",
            "projectSwLineNumbers",
            "SwTextFrameMeasurement",
            "createSwTextFrameInputs"
          ],
          "sourceResponsibility": "aligned",
          "upstreamFile": "sw/source/core/text/txtfrm.cxx",
          "upstreamSymbols": [
            "SwTextFrame"
          ]
        },
        "state": "active",
        "subsystem": "page-layout",
        "suite": "writer",
        "exportedOperations": [
          "createSwTextFrameInputs",
          "getSwTextFrameGap",
          "makeSwTextFrame",
          "projectSwLineNumbers"
        ]
      },
      {
        "capabilityIds": [
          "CAP-0113",
          "CAP-0135"
        ],
        "classification": "upstream-mechanism",
        "path": "apps/office/src/sw/source/core/txtnode/fmtatr2.ts",
        "semantic": {
          "behaviorStatus": "unverified",
          "contractStatus": "unverified",
          "defaultStatus": "unverified",
          "divergenceClass": "none",
          "evidence": [
            "apps/office/src/sw/source/core/txtnode/fmtatr2.ts#SwFormatINetFormat",
            "vendor/libreoffice-reference/sw/source/core/txtnode/fmtatr2.cxx#SwFormatINetFormat::SwFormatINetFormat"
          ],
          "justification": "Mapped provenance remains semantically unverified against sw/source/core/txtnode/fmtatr2.cxx; recorded Phase 0 checks prevent path or symbol evidence from being treated as parity.",
          "knownViolations": [],
          "localSymbols": [
            "WriterHyperlink",
            "normalizeWriterHyperlink",
            "equalWriterHyperlinks",
            "SwFormatINetFormat"
          ],
          "sourceResponsibility": "unverified",
          "upstreamFile": "sw/source/core/txtnode/fmtatr2.cxx",
          "upstreamSymbols": [
            "SwFormatINetFormat::SwFormatINetFormat",
            "SwFormatINetFormat::operator=="
          ]
        },
        "state": "active",
        "subsystem": "document-model",
        "suite": "writer",
        "exportedOperations": [
          "equalWriterHyperlinks",
          "normalizeWriterHyperlink"
        ]
      },
      {
        "capabilityIds": [
          "CAP-0111",
          "CAP-0126"
        ],
        "classification": "upstream-mechanism",
        "path": "apps/office/src/sw/source/core/txtnode/ndhints.ts",
        "semantic": {
          "behaviorStatus": "unverified",
          "contractStatus": "unverified",
          "defaultStatus": "unverified",
          "divergenceClass": "none",
          "evidence": [
            "apps/office/src/sw/source/core/txtnode/ndhints.ts#SwpHints",
            "vendor/libreoffice-reference/sw/source/core/txtnode/ndhints.cxx#SwpHints"
          ],
          "justification": "Mapped provenance remains semantically unverified against sw/source/core/txtnode/ndhints.cxx; recorded Phase 0 checks prevent path or symbol evidence from being treated as parity.",
          "knownViolations": [],
          "localSymbols": [
            "SwpHints",
            "WriterTextRunLike"
          ],
          "sourceResponsibility": "unverified",
          "upstreamFile": "sw/source/core/txtnode/ndhints.cxx",
          "upstreamSymbols": [
            "SwpHints",
            "CompareSwpHtWhichStart::operator",
            "CompareSwpHtEnd::operator",
            "SwpHints::Insert"
          ]
        },
        "state": "active",
        "subsystem": "document-model",
        "suite": "writer",
        "exportedOperations": []
      },
      {
        "capabilityIds": [
          "CAP-0112"
        ],
        "classification": "upstream-mechanism",
        "path": "apps/office/src/sw/source/core/txtnode/ndtxt-format-change.ts",
        "semantic": {
          "behaviorStatus": "unverified",
          "contractStatus": "unverified",
          "defaultStatus": "unverified",
          "divergenceClass": "none",
          "evidence": [
            "apps/office/src/sw/source/core/txtnode/ndtxt-format-change.ts#HandleApplyTextNodeFormatChange",
            "vendor/libreoffice-reference/sw/source/core/txtnode/ndtxt.cxx#HandleApplyTextNodeFormatChange"
          ],
          "justification": "Iteration37 ports the anonymous-namespace collection numbering transition helpers. Initial inherited attachment,retained record rebinding,five-attribute removal reset,Outline exclusion/assignment and synthesized empty-rule return match16 unchanged extracted native definitions over277 sequences/10394 actual states. Native footnotes,conditional/inline styles,outline index,platform flags/cache,live format callbacks and full history/attribute lifetime remain separate unverified obligations.",
          "knownViolations": [],
          "localSymbols": [
            "HandleApplyTextNodeFormatChange",
            "HandleModifyAtTextNodeFormatChange"
          ],
          "sourceResponsibility": "aligned",
          "upstreamFile": "sw/source/core/txtnode/ndtxt.cxx",
          "upstreamSymbols": [
            "HandleApplyTextNodeFormatChange",
            "HandleModifyAtTextNodeFormatChange",
            "lcl_ResetParAttrs"
          ]
        },
        "state": "active",
        "subsystem": "writer-model",
        "suite": "writer",
        "exportedOperations": [
          "HandleApplyTextNodeFormatChange",
          "HandleModifyAtTextNodeFormatChange"
        ]
      },
      {
        "capabilityIds": [
          "CAP-0111",
          "CAP-0123",
          "CAP-0124",
          "CAP-0126"
        ],
        "classification": "upstream-mechanism",
        "path": "apps/office/src/sw/source/core/txtnode/ndtxt.ts",
        "semantic": {
          "behaviorStatus": "unverified",
          "contractStatus": "unverified",
          "defaultStatus": "unverified",
          "divergenceClass": "none",
          "evidence": [
            "apps/office/src/sw/source/core/txtnode/ndtxt.ts#SwTextNode",
            "vendor/libreoffice-reference/sw/source/core/txtnode/ndtxt.cxx#SwTextNode",
            "apps/office/src/sw/source/core/doc/list-invariants.test.ts#revalidates restart and counted changes",
            "vendor/libreoffice-reference/sw/source/core/txtnode/ndtxt.cxx#SwTextNode::SetCountedInList",
            "apps/office/src/sw/source/core/doc/list-invariants.test.ts#reconciles direct item and item-set transitions like HandleSetAttrAtTextNode",
            "vendor/libreoffice-reference/sw/source/core/txtnode/ndtxt.cxx#HandleSetAttrAtTextNode",
            "apps/office/src/sw/source/core/SwNumberTree/SwNumberTree-lifecycle.test.ts#attaches items at insertion and validates reverse-order reads without replacing their root",
            "apps/office/src/sw/source/core/SwNumberTree/SwNumberTree-lifecycle.test.ts#reparents retained items and moves descendants through native predecessor phantoms",
            "apps/office/src/sw/source/core/SwNumberTree/SwNumberTree-lifecycle.test.ts#moves canonical paragraphs with retained list records and independent copied trees",
            "vendor/libreoffice-reference/sw/source/core/SwNumberTree/SwNumberTree.cxx#SwNumberTreeNode::GetNumber",
            "vendor/libreoffice-reference/sw/source/core/SwNumberTree/SwNumberTree.cxx#SwNumberTreeNode::RemoveMe",
            "vendor/libreoffice-reference/sw/source/core/SwNumberTree/SwNumberTree.cxx#SwNumberTreeNode::RemoveChild",
            "vendor/libreoffice-reference/sw/source/core/SwNumberTree/SwNumberTree.cxx#SwNumberTreeNode::SetLevelInListTree",
            "vendor/libreoffice-reference/sw/source/core/SwNumberTree/SwNumberTree.cxx#SwNumberTreeNode::SetLastValid",
            "vendor/libreoffice-reference/sw/source/core/SwNumberTree/SwNumberTree.cxx#SwNumberTreeNode::InvalidateTree",
            "apps/office/src/sw/source/core/txtnode/node-numbering-lifecycle.test.ts#owns records in text nodes and leaves an unrelated tail unvalidated",
            "apps/office/src/sw/source/core/txtnode/node-numbering-lifecycle.test.ts#removes old clients before changing list attributes and preserves native registration order",
            "apps/office/src/sw/source/core/doc/DocumentListItemsManager.test.ts#sorts independent of insertion order, suppresses equivalent positions and filters bullets and uncounted items",
            "vendor/libreoffice-reference/sw/source/core/txtnode/ndtxt.cxx#SwTextNode::GetNum(",
            "vendor/libreoffice-reference/sw/source/core/txtnode/ndtxt.cxx#SwTextNode::GetNumberVector(",
            "vendor/libreoffice-reference/sw/source/core/txtnode/ndtxt.cxx#SwTextNode::AddToList()",
            "vendor/libreoffice-reference/sw/source/core/txtnode/ndtxt.cxx#SwTextNode::RemoveFromList()",
            "vendor/libreoffice-reference/sw/source/core/txtnode/ndtxt.cxx#HandleSetAttrAtTextNode::HandleSetAttrAtTextNode",
            "vendor/libreoffice-reference/sw/source/core/SwNumberTree/SwNodeNum.cxx#SwNodeNum::PreAdd()",
            "vendor/libreoffice-reference/sw/source/core/SwNumberTree/SwNodeNum.cxx#SwNodeNum::PostRemove()",
            "vendor/libreoffice-reference/sw/source/core/SwNumberTree/SwNodeNum.cxx#SwNodeNum::ChangeNumRule(",
            "vendor/libreoffice-reference/sw/source/core/doc/number.cxx#SwNumRule::GetTextNodeList(",
            "vendor/libreoffice-reference/sw/source/core/doc/number.cxx#SwNumRule::RemoveTextNode(",
            "vendor/libreoffice-reference/sw/source/core/doc/number.cxx#SwNumRule::Validate(",
            "vendor/libreoffice-reference/sw/source/core/doc/DocumentListItemsManager.cxx#DocumentListItemsManager::addListItem(",
            "vendor/libreoffice-reference/sw/source/core/doc/DocumentListItemsManager.cxx#DocumentListItemsManager::getNumItems(",
            "apps/office/src/sw/source/core/txtnode/text-collection-numbering.test.ts#attaches initial inherited rules, rebinds owned records and retains native list attributes",
            "apps/office/src/sw/source/core/txtnode/text-collection-numbering.test.ts#restores exact direct list-item history and suppression through repeated style undo and redo",
            "apps/office/src/sw/source/filter/xml/odt-text-collection-numbering.test.ts#uses the newly selected rule in genuine ODT and preserves style attributes through Worker transfer",
            "vendor/libreoffice-reference/sw/source/core/txtnode/ndtxt.cxx#SwTextNode::ChgFormatColl"
          ],
          "justification": "Iteration36 makes the shown number record SwTextNode-owned: SwList inserts/removes records without allocation or a text-node map. SwNodeNum binds/clears its rule in PreAdd/PostRemove and transfers rule clients in ChangeNumRule; rule clients retain insertion order and suppress identity duplicates. DocumentListItemsManager maintains native position ordering and filters counted enumeration records. Attribute rule/list changes detach before mutation; canonical node moves retain records,copy/restore attach independent records. Reads validate the requested prefix rather than unrelated tails. Compiled20 additional unmodified pinned owner/registry definitions alongside37 tree/list definitions compare120 sequences/8976 actual owner states including raw prefix caches,reverse vectors,bound rules,client order and numbered registry. Literal tests cover orphan binding,default1 after removal,duplicate add,disconnected/foreign arrays,rule copies and disposal. Single shown/document-node/hierarchical Arabic and bullet slice only;native layout expansion,redline/original arrays,complete callbacks/word-count/lifetime and legacy/default factories remain unverified. No whole-module/default/goal promotion;registered document IO deviations unchanged. Iteration37 ports the anonymous-namespace collection numbering transition helpers. Initial inherited attachment,retained record rebinding,five-attribute removal reset,Outline exclusion/assignment and synthesized empty-rule return match16 unchanged extracted native definitions over277 sequences/10394 actual states. Native footnotes,conditional/inline styles,outline index,platform flags/cache,live format callbacks and full history/attribute lifetime remain separate unverified obligations.",
          "knownViolations": [],
          "localSymbols": [
            "WRITER_CHARACTER_FORMATS",
            "WriterCharacterFormat",
            "WRITER_PARAGRAPH_ALIGNMENTS",
            "SwTextNode",
            "getWriterPreviousGraphemeBoundary",
            "getWriterNextGraphemeBoundary",
            "isWriterParagraphAlignment",
            "copyWriterTextRangeRuns",
            "projectWriterTextRuns"
          ],
          "sourceResponsibility": "unverified",
          "upstreamFile": "sw/source/core/txtnode/ndtxt.cxx",
          "upstreamSymbols": [
            "SwTextNode",
            "SwNodes::MakeTextNode",
            "SwTextNode::SwTextNode",
            "sw::TextNodeNotificationSuppressor"
          ]
        },
        "state": "active",
        "subsystem": "document-model",
        "suite": "writer",
        "exportedOperations": [
          "copyWriterTextRangeRuns",
          "getWriterNextGraphemeBoundary",
          "getWriterPreviousGraphemeBoundary",
          "isWriterParagraphAlignment",
          "projectWriterTextRuns"
        ]
      },
      {
        "capabilityIds": [
          "CAP-0111",
          "CAP-0126"
        ],
        "classification": "upstream-mechanism",
        "path": "apps/office/src/sw/source/core/txtnode/txatbase.ts",
        "semantic": {
          "behaviorStatus": "unverified",
          "contractStatus": "unverified",
          "defaultStatus": "unverified",
          "divergenceClass": "none",
          "evidence": [
            "apps/office/src/sw/source/core/txtnode/txatbase.ts#RES_TXTATR_AUTOFMT",
            "vendor/libreoffice-reference/sw/source/core/txtnode/txatbase.cxx#RES_TXTATR_AUTOFMT"
          ],
          "justification": "Mapped provenance remains semantically unverified against sw/source/core/txtnode/txatbase.cxx; recorded Phase 0 checks prevent path or symbol evidence from being treated as parity.",
          "knownViolations": [],
          "localSymbols": [
            "WriterCharacterAttributes",
            "SwFormatAutoFormat",
            "SwTextAttr",
            "createSwFormatAutoFormat",
            "createWriterCharacterItemSet",
            "projectWriterCharacterAttributes"
          ],
          "sourceResponsibility": "unverified",
          "upstreamFile": "sw/source/core/txtnode/txatbase.cxx",
          "upstreamSymbols": [
            "RES_TXTATR_AUTOFMT",
            "SwTextAttr",
            "SwTextAttr::SwTextAttr",
            "SwTextAttr::~SwTextAttr"
          ]
        },
        "state": "active",
        "subsystem": "document-model",
        "suite": "writer",
        "exportedOperations": [
          "createSwFormatAutoFormat",
          "createWriterCharacterItemSet",
          "projectWriterCharacterAttributes"
        ]
      },
      {
        "capabilityIds": [
          "CAP-0102"
        ],
        "classification": "upstream-mechanism",
        "path": "apps/office/src/sw/source/core/undo/SwUndoPageDesc.ts",
        "semantic": {
          "behaviorStatus": "unverified",
          "contractStatus": "unverified",
          "defaultStatus": "unverified",
          "divergenceClass": "none",
          "evidence": [
            "apps/office/src/sw/source/core/undo/SwUndoPageDesc.ts#SwUndoPageDesc",
            "vendor/libreoffice-reference/sw/source/core/undo/SwUndoPageDesc.cxx#SwUndoPageDesc"
          ],
          "justification": "Implements reversible page-descriptor replacement and ruler-indent changes using the pinned Writer undo action boundary.",
          "knownViolations": [],
          "localSymbols": [
            "SwUndoPageDesc",
            "SwUndoRulerIndent"
          ],
          "sourceResponsibility": "unverified",
          "upstreamFile": "sw/source/core/undo/SwUndoPageDesc.cxx",
          "upstreamSymbols": [
            "SwUndoPageDesc",
            "SwUndoPageDesc::UndoImpl",
            "SwUndoPageDesc::RedoImpl"
          ]
        },
        "state": "active",
        "subsystem": "undo-redo",
        "suite": "writer",
        "exportedOperations": []
      },
      {
        "capabilityIds": [
          "CAP-0102"
        ],
        "classification": "upstream-mechanism",
        "path": "apps/office/src/sw/source/core/undo/docundo.ts",
        "semantic": {
          "behaviorStatus": "unverified",
          "contractStatus": "unverified",
          "defaultStatus": "unverified",
          "divergenceClass": "none",
          "evidence": [
            "apps/office/src/sw/source/core/undo/docundo.ts#SwUndoNodes",
            "vendor/libreoffice-reference/sw/source/core/undo/docundo.cxx#SwDoc"
          ],
          "justification": "This existing module is classified for exhaustive runtime inventory coverage; no new parity claim is made by the browser autosave task.",
          "knownViolations": [],
          "localSymbols": [
            "SwUndoNodes"
          ],
          "sourceResponsibility": "unverified",
          "upstreamFile": "sw/source/core/undo/docundo.cxx",
          "upstreamSymbols": [
            "SwDoc"
          ]
        },
        "state": "active",
        "subsystem": "undo-redo",
        "suite": "writer",
        "exportedOperations": []
      },
      {
        "capabilityIds": [
          "CAP-0102"
        ],
        "classification": "upstream-mechanism",
        "path": "apps/office/src/sw/source/core/undo/unattr.ts",
        "semantic": {
          "behaviorStatus": "unverified",
          "contractStatus": "unverified",
          "defaultStatus": "unverified",
          "divergenceClass": "none",
          "evidence": [
            "apps/office/src/sw/source/core/undo/unattr.ts#SwUndoAttr",
            "vendor/libreoffice-reference/sw/source/core/undo/unattr.cxx#SwUndoAttr"
          ],
          "justification": "Mapped provenance remains semantically unverified against sw/source/core/undo/unattr.cxx; recorded Phase 0 checks prevent path or symbol evidence from being treated as parity.",
          "knownViolations": [],
          "localSymbols": [
            "SwUndoAttr",
            "SwUndoParagraphFormat",
            "CreateWriterFontUndo",
            "CreateWriterFontSizeUndo"
          ],
          "sourceResponsibility": "unverified",
          "upstreamFile": "sw/source/core/undo/unattr.cxx",
          "upstreamSymbols": [
            "SwUndoAttr",
            "SwUndoFormatAttrHelper::SwUndoFormatAttrHelper",
            "SwUndoFormatAttrHelper::SwClientNotify",
            "SwDocModifyAndUndoGuard::SwDocModifyAndUndoGuard"
          ]
        },
        "state": "active",
        "subsystem": "undo-redo",
        "suite": "writer",
        "exportedOperations": [
          "CreateWriterFontSizeUndo",
          "CreateWriterFontUndo"
        ]
      },
      {
        "capabilityIds": [
          "CAP-0102"
        ],
        "classification": "upstream-mechanism",
        "path": "apps/office/src/sw/source/core/undo/undel.ts",
        "semantic": {
          "behaviorStatus": "unverified",
          "contractStatus": "unverified",
          "defaultStatus": "unverified",
          "divergenceClass": "none",
          "evidence": [
            "apps/office/src/sw/source/core/undo/undel.ts#SwUndoDeleteDirection",
            "vendor/libreoffice-reference/sw/source/core/undo/undel.cxx#SwUndoDelete"
          ],
          "justification": "Mapped provenance remains semantically unverified against sw/source/core/undo/undel.cxx; recorded Phase 0 checks prevent path or symbol evidence from being treated as parity.",
          "knownViolations": [],
          "localSymbols": [
            "SwUndoDeleteDirection",
            "SwUndoDeleteGroup",
            "SwUndoDelete",
            "SwUndoReplace",
            "SwUndoJoinParagraphs"
          ],
          "sourceResponsibility": "unverified",
          "upstreamFile": "sw/source/core/undo/undel.cxx",
          "upstreamSymbols": [
            "SwUndoDelete",
            "SwUndoDelete::SwUndoDelete",
            "SwUndoDelete::SaveContent",
            "SwUndoDelete::CanGrouping"
          ]
        },
        "state": "active",
        "subsystem": "undo-redo",
        "suite": "writer",
        "exportedOperations": []
      },
      {
        "capabilityIds": [
          "CAP-0102"
        ],
        "classification": "upstream-mechanism",
        "path": "apps/office/src/sw/source/core/undo/undobj.ts",
        "semantic": {
          "behaviorStatus": "unverified",
          "contractStatus": "unverified",
          "defaultStatus": "unverified",
          "divergenceClass": "none",
          "evidence": [
            "apps/office/src/sw/source/core/undo/undobj.ts#SwUndoCursorPosition",
            "vendor/libreoffice-reference/sw/source/core/undo/undobj.cxx#SwUndo"
          ],
          "justification": "Mapped provenance remains semantically unverified against sw/source/core/undo/undobj.cxx; recorded Phase 0 checks prevent path or symbol evidence from being treated as parity.",
          "knownViolations": [],
          "localSymbols": [
            "SwUndoCursorPosition",
            "SwUndoCursorState",
            "SwUndoRedoContext",
            "SwUndo",
            "GetUndoTextNode",
            "CopyTextFragment",
            "CopyUndoFragment",
            "GetUndoFragmentLength",
            "ReplaceUndoRange",
            "DeleteUndoRange",
            "GetFragmentPayloadSize",
            "createWriterUndoCursorState",
            "createWriterCollapsedCursorState"
          ],
          "sourceResponsibility": "unverified",
          "upstreamFile": "sw/source/core/undo/undobj.cxx",
          "upstreamSymbols": [
            "SwUndo",
            "SwUndRng::SwUndRng",
            "SwUndRng::SetValues",
            "SwUndRng::SetPaM"
          ]
        },
        "state": "active",
        "subsystem": "undo-redo",
        "suite": "writer",
        "exportedOperations": [
          "CopyTextFragment",
          "CopyUndoFragment",
          "DeleteUndoRange",
          "GetFragmentPayloadSize",
          "GetUndoFragmentLength",
          "GetUndoTextNode",
          "ReplaceUndoRange",
          "createWriterCollapsedCursorState",
          "createWriterUndoCursorState"
        ]
      },
      {
        "capabilityIds": [
          "CAP-0102"
        ],
        "classification": "upstream-mechanism",
        "path": "apps/office/src/sw/source/core/undo/unfmco.ts",
        "semantic": {
          "behaviorStatus": "unverified",
          "contractStatus": "unverified",
          "defaultStatus": "unverified",
          "divergenceClass": "none",
          "evidence": [
            "apps/office/src/sw/source/core/undo/unfmco.ts#SwUndoFormatColl",
            "vendor/libreoffice-reference/sw/source/core/undo/unfmco.cxx#SwUndoFormatColl",
            "apps/office/src/sw/source/core/txtnode/text-collection-numbering.test.ts#attaches initial inherited rules, rebinds owned records and retains native list attributes",
            "apps/office/src/sw/source/core/txtnode/text-collection-numbering.test.ts#restores exact direct list-item history and suppression through repeated style undo and redo",
            "apps/office/src/sw/source/filter/xml/odt-text-collection-numbering.test.ts#uses the newly selected rule in genuine ODT and preserves style attributes through Worker transfer",
            "vendor/libreoffice-reference/sw/source/core/txtnode/ndtxt.cxx#SwTextNode::ChgFormatColl"
          ],
          "justification": "Mapped provenance remains semantically unverified against sw/source/core/undo/unfmco.cxx; recorded Phase 0 checks prevent path or symbol evidence from being treated as parity. Iteration37 ports the anonymous-namespace collection numbering transition helpers. Initial inherited attachment,retained record rebinding,five-attribute removal reset,Outline exclusion/assignment and synthesized empty-rule return match16 unchanged extracted native definitions over277 sequences/10394 actual states. Native footnotes,conditional/inline styles,outline index,platform flags/cache,live format callbacks and full history/attribute lifetime remain separate unverified obligations.",
          "knownViolations": [],
          "localSymbols": [
            "SwUndoFormatColl"
          ],
          "sourceResponsibility": "unverified",
          "upstreamFile": "sw/source/core/undo/unfmco.cxx",
          "upstreamSymbols": [
            "SwUndoFormatColl",
            "SwUndoFormatColl::SwUndoFormatColl",
            "SwUndoFormatColl::~SwUndoFormatColl",
            "SwUndoFormatColl::UndoImpl"
          ]
        },
        "state": "active",
        "subsystem": "undo-redo",
        "suite": "writer",
        "exportedOperations": []
      },
      {
        "capabilityIds": [
          "CAP-0102"
        ],
        "classification": "upstream-mechanism",
        "path": "apps/office/src/sw/source/core/undo/unins.ts",
        "semantic": {
          "behaviorStatus": "unverified",
          "contractStatus": "unverified",
          "defaultStatus": "unverified",
          "divergenceClass": "none",
          "evidence": [
            "apps/office/src/sw/source/core/undo/unins.ts#SwUndoInsertGroup",
            "vendor/libreoffice-reference/sw/source/core/undo/unins.cxx#SwUndoInsert"
          ],
          "justification": "Mapped provenance remains semantically unverified against sw/source/core/undo/unins.cxx; recorded Phase 0 checks prevent path or symbol evidence from being treated as parity.",
          "knownViolations": [],
          "localSymbols": [
            "SwUndoInsertGroup",
            "SwUndoInsert"
          ],
          "sourceResponsibility": "unverified",
          "upstreamFile": "sw/source/core/undo/unins.cxx",
          "upstreamSymbols": [
            "SwUndoInsert",
            "SwUndoInsert::GetTextFromDoc",
            "SwUndoInsert::Init",
            "SwUndoInsert::SwUndoInsert"
          ]
        },
        "state": "active",
        "subsystem": "undo-redo",
        "suite": "writer",
        "exportedOperations": []
      },
      {
        "capabilityIds": [
          "CAP-0102"
        ],
        "classification": "upstream-mechanism",
        "path": "apps/office/src/sw/source/core/undo/unnum.ts",
        "semantic": {
          "behaviorStatus": "unverified",
          "contractStatus": "unverified",
          "defaultStatus": "unverified",
          "divergenceClass": "none",
          "evidence": [
            "apps/office/src/sw/source/core/undo/unnum.ts#SwUndoInsNum",
            "vendor/libreoffice-reference/sw/source/core/undo/unnum.cxx#SwUndoInsNum"
          ],
          "justification": "Mapped provenance remains semantically unverified against sw/source/core/undo/unnum.cxx; recorded Phase 0 checks prevent path or symbol evidence from being treated as parity.",
          "knownViolations": [],
          "localSymbols": [
            "SwUndoInsNum",
            "SwUndoNumLevel"
          ],
          "sourceResponsibility": "unverified",
          "upstreamFile": "sw/source/core/undo/unnum.cxx",
          "upstreamSymbols": [
            "SwUndoInsNum",
            "SwUndoInsNum::SwUndoInsNum",
            "std::move",
            "SwUndoInsNum::~SwUndoInsNum"
          ]
        },
        "state": "active",
        "subsystem": "undo-redo",
        "suite": "writer",
        "exportedOperations": []
      },
      {
        "capabilityIds": [
          "CAP-0102"
        ],
        "classification": "upstream-mechanism",
        "path": "apps/office/src/sw/source/core/undo/unspnd.ts",
        "semantic": {
          "behaviorStatus": "unverified",
          "contractStatus": "unverified",
          "defaultStatus": "unverified",
          "divergenceClass": "none",
          "evidence": [
            "apps/office/src/sw/source/core/undo/unspnd.ts#SwUndoSplitNode",
            "vendor/libreoffice-reference/sw/source/core/undo/unspnd.cxx#SwUndoSplitNode"
          ],
          "justification": "Mapped provenance remains semantically unverified against sw/source/core/undo/unspnd.cxx; recorded Phase 0 checks prevent path or symbol evidence from being treated as parity.",
          "knownViolations": [],
          "localSymbols": [
            "SwUndoSplitNode"
          ],
          "sourceResponsibility": "unverified",
          "upstreamFile": "sw/source/core/undo/unspnd.cxx",
          "upstreamSymbols": [
            "SwUndoSplitNode",
            "SwUndoSplitNode::SwUndoSplitNode",
            "SwUndoSplitNode::~SwUndoSplitNode",
            "SwUndoSplitNode::UndoImpl"
          ]
        },
        "state": "active",
        "subsystem": "undo-redo",
        "suite": "writer",
        "exportedOperations": []
      },
      {
        "capabilityIds": [
          "CAP-0113",
          "CAP-0128"
        ],
        "classification": "upstream-mechanism",
        "path": "apps/office/src/sw/source/core/unocore/unosett.ts",
        "semantic": {
          "behaviorStatus": "unverified",
          "contractStatus": "unverified",
          "defaultStatus": "unverified",
          "divergenceClass": "none",
          "evidence": [
            "apps/office/src/xmloff/source/style/xmlnumi.test.ts#uses native MM100 grammar, failed-value retention and SHRT field bounds",
            "apps/office/src/xmloff/source/style/xmlnume.test.ts#emits label-alignment mode even for zero or default command geometry",
            "apps/office/src/sw/source/core/unocore/unosett.test.ts#uses native integer ratios in both directions and retains only present properties",
            "apps/office/src/sw/source/filter/xml/odt-list-label-alignment-roundtrip.test.ts#round-trips native MM100 defaults, parsing bounds and conditional list attributes",
            "apps/office/src/sw/source/filter/xml/odt-list-label-alignment-roundtrip.test.ts#exports the default Writer list geometry at every supported level",
            "apps/office/src/xmloff/source/core/xmluconv.test.ts#delegates native core measure export to the supported CM unit",
            "vendor/libreoffice-reference/xmloff/source/style/xmlnumi.cxx#SvxXMLListLevelStyleLabelAlignmentAttrContext_Impl::SvxXMLListLevelStyleLabelAlignmentAttrContext_Impl",
            "vendor/libreoffice-reference/xmloff/source/style/xmlnume.cxx#SvxXMLNumRuleExport::exportLevelStyle",
            "vendor/libreoffice-reference/sw/source/core/unocore/unosett.cxx#SwXNumberingRules::SetNumberingRuleByIndex",
            "vendor/libreoffice-reference/sw/source/core/unocore/unosett.cxx#GetPropertiesForNumFormat",
            "vendor/libreoffice-reference/xmloff/source/core/xmluconv.cxx#SvXMLUnitConverter::convertMeasureToXML",
            "vendor/libreoffice-reference/sax/source/tools/converter.cxx#void Converter::convertMeasure( OUStringBuffer&",
            "apps/office/src/editeng/source/items/numitem.test.ts#initializes independent zero geometry in legacy mode",
            "apps/office/src/editeng/source/items/numitem.test.ts#switches native legacy getters without rewriting either geometry group",
            "apps/office/src/editeng/source/items/numitem.test.ts#retains native signed getter widths at integer boundaries",
            "apps/office/src/sw/source/filter/xml/odt-list-position-mode-roundtrip.test.ts#selects native mode independently of child geometry through common and automatic ODT cycles",
            "apps/office/src/sw/source/filter/xml/odt-list-position-mode-roundtrip.test.ts#retains pre-existing browser snapshots with absent inactive legacy fields",
            "apps/office/src/xmloff/source/style/xmlnume.test.ts#exports only the native legacy group with nonzero and positive attribute predicates",
            "vendor/libreoffice-reference/editeng/source/items/numitem.cxx#SvxNumberFormat::SvxNumberFormat",
            "vendor/libreoffice-reference/editeng/source/items/numitem.cxx#SvxNumberFormat::GetAbsLSpace",
            "vendor/libreoffice-reference/editeng/source/items/numitem.cxx#SvxNumberFormat::GetFirstLineOffset",
            "vendor/libreoffice-reference/editeng/source/items/numitem.cxx#SvxNumberFormat::GetCharTextDistance",
            "vendor/libreoffice-reference/editeng/source/items/numitem.cxx#SvxNumberFormat::SetPositionAndSpaceMode",
            "vendor/libreoffice-reference/xmloff/source/style/xmlnumi.cxx#SvxXMLListLevelStyleContext_Impl::SvxXMLListLevelStyleContext_Impl",
            "vendor/libreoffice-reference/xmloff/source/style/xmlnumi.cxx#SvxXMLListLevelStyleAttrContext_Impl::SvxXMLListLevelStyleAttrContext_Impl",
            "apps/office/src/sw/source/core/doc/number.test.ts#constructs modern Writer base levels and copies only a successful replacement",
            "apps/office/src/sw/source/core/unocore/unosett.test.ts#validates the native numbering properties before committing one complete level",
            "apps/office/src/sw/source/filter/xml/odt-list-rule-application.test.ts#applies list declarations in source order and stops at native property rejection",
            "apps/office/src/sw/source/filter/xml/odt-list-rule-application.test.ts#retains the native accepted distance boundary and its subsequent export rejection",
            "vendor/libreoffice-reference/xmloff/source/style/xmlnumi.cxx#SvxXMLListStyleContext::FillUnoNumRule",
            "vendor/libreoffice-reference/sw/source/core/doc/number.cxx#SwNumRule::SwNumRule",
            "vendor/libreoffice-reference/sw/source/uibase/app/docstyle.cxx#SwDocStyleSheet::FillStyleSheet",
            "apps/office/src/sw/source/filter/xml/odt-list-marker-roundtrip.test.ts#preserves native marker parameters through common and automatic ODT cycles",
            "apps/office/src/sw/source/filter/xml/odt-list-marker-roundtrip.test.ts#retains native explicit pattern precedence and standard ODF 1.3 approximation",
            "apps/office/src/sw/source/filter/xml/odt-list-marker-roundtrip.test.ts#projects native signed UNO StartWith and omitted zero ParentNumbering on export",
            "apps/office/src/sw/source/core/unocore/unosett.test.ts#applies marker properties before ListFormat and ignores native out-of-range ParentNumbering",
            "apps/office/src/xmloff/source/style/xmlnume.ts#SvxXMLNumRuleExport",
            "vendor/libreoffice-reference/xmloff/source/style/xmlnumi.cxx#SvxXMLListLevelStyleContext_Impl::GetProperties"
          ],
          "justification": "For the existing LABEL_ALIGNMENT mode and LISTTAB/SPACE/NOTHING separators, source-owned xmlnumi parsing now retains zero defaults and MM100 fields with native Converter grammar/failure and SHRT bounds. The MM100 import port now carries both independent native geometry groups; the earlier legacy-to-alignment Twip emulation is removed. Writer numbering property conversion follows unosett.cxx signed MM100/Twip ratios; export projects native MM100 and delegates CM serialization to XML/SAX. ODF 1.3 XML emits explicit label-alignment mode and retains standard command geometry; indents are nonzero-only and tab position is exported only for LISTTAB with a positive value. Context/core assertions and eleven literal common/automatic ODT cases plus both default command marker families verify native quantization, conditional XML and manual reopen state. Full numbering/UNO, legacy position mode/property ownership, NEWLINE extensions, other XML units/versions, defaults and wider obligations remain unverified; no whole-module promotion. Declared levels retain independent native legacy and alignment geometry with zero defaults; only exact label-alignment selects modern mode. SvxNumberFormat in editeng owns positional state, signed widths and mode-dependent getters; Writer inherits and copies all fields. xmlnumi owns level/property contexts and MM100 legacy parsing/assembly. Writer conversion precedes core application, and xmlnume emits the selected group with native signs and omission predicates. Thirteen literal common/automatic ODT cases verify mode spellings/absence, child presence, independent state, signed/bounded/partial/invalid legacy fields, exact XML and reopen. Clone and browser snapshots preserve inactive fields; primitive browser geometry selects the active group. Full line layout, numbering families, extensions and wider contracts/defaults remain separately unverified. No whole-module promotion. Source-ordered XML declarations now replace complete levels on a native modern Arabic base rule; omitted and empty rules retain base defaults, duplicates apply in order, and a rejected SymbolTextDistance stops later replacements while preserving prior levels. Writer owns the copy/validate/Set boundary. A bounded extracted C++ probe compares 17 ordered cases / 170 complete level states; real common/automatic ODT tests cover empty/omitted/repeated levels, independent position modes, signed distance failure, clone and browser snapshot retention, marker projections and export/reopen. Accepted MM100 distance 32767 quantizes to 32768 on export and is rejected on reopen as in the pinned sources. Full UNO ownership, outline/legacy base factories, continuous numbering, numbering families/fonts/extensions, source ownership of the list-style wrapper and full formatter behavior remain separate unverified obligations; no whole-module promotion. ODF marker transport preserves raw affixes, native byte-int start/display normalization, ordered style/loext ListFormat aliases (including empty strings), generated available-level clamp and final UNO SetListFormat compatibility overwrite for existing Arabic/bullet levels. Standard ODF 1.3 export is owned by SvxXMLNumRuleExport and coherent per-level records, with nonempty affixes, signed StartWith narrowing and clamped display omission; raw patterns retain native standard-format approximation on reopen. Sixteen literal common/automatic cases plus signed start/zero parent projection verify state, visible labels, owned clones, Worker v16, selected XML and reopen. A bounded compiled oracle matches 144 declarations, 144 applied states and 144 export attribute sets from unmodified pinned excerpts. ASCII string shims, modern/no-build-id input, Arabic/bullet and standard ODF only; ancient OOo suffix correction depends on absent generator/build-id metadata APIs and remains unresolved. Full native build, wider numbering families/fonts/legal/outline/continuous/NONE/bitmap, extended output, complete list-style/UNO ownership and wider defaults/contracts remain unverified. No whole-module parity promotion or save/open/recovery policy change.",
          "knownViolations": [],
          "localSymbols": [
            "numberingPositionToTwips",
            "numberingPositionToMM100",
            "SwXNumberingRules",
            "NumberingRulePropertyError"
          ],
          "sourceResponsibility": "unverified",
          "upstreamFile": "sw/source/core/unocore/unosett.cxx",
          "upstreamSymbols": [
            "SwXNumberingRules::SetNumberingRuleByIndex",
            "GetPropertiesForNumFormat",
            "SwXNumberingRules::replaceByIndex"
          ]
        },
        "state": "active",
        "subsystem": "odf-filter",
        "suite": "writer",
        "exportedOperations": [
          "numberingPositionToMM100",
          "numberingPositionToTwips"
        ]
      },
      {
        "capabilityIds": [
          "CAP-0113"
        ],
        "classification": "upstream-mechanism",
        "path": "apps/office/src/sw/source/filter/ascii/ascatr.ts",
        "semantic": {
          "behaviorStatus": "unverified",
          "contractStatus": "unverified",
          "defaultStatus": "unverified",
          "divergenceClass": "none",
          "evidence": [
            "apps/office/src/sw/source/filter/ascii/ascatr.ts#serializeWriterClipboardPlainText",
            "vendor/libreoffice-reference/sw/source/filter/ascii/ascatr.cxx#SwASC_AttrIter::SwASC_AttrIter"
          ],
          "justification": "Mapped provenance remains semantically unverified against sw/source/filter/ascii/ascatr.cxx; recorded Phase 0 checks prevent path or symbol evidence from being treated as parity.",
          "knownViolations": [],
          "localSymbols": [
            "serializeWriterClipboardPlainText"
          ],
          "sourceResponsibility": "unverified",
          "upstreamFile": "sw/source/filter/ascii/ascatr.cxx",
          "upstreamSymbols": [
            "SwASC_AttrIter::SwASC_AttrIter",
            "SwASC_AttrIter::SearchNext",
            "SwASC_AttrIter::OutAttr",
            "std::make_pair"
          ]
        },
        "state": "active",
        "subsystem": "odf-filter",
        "suite": "writer",
        "exportedOperations": [
          "serializeWriterClipboardPlainText"
        ]
      },
      {
        "capabilityIds": [
          "CAP-0106",
          "CAP-0110"
        ],
        "classification": "local-infrastructure",
        "path": "apps/office/src/sw/source/filter/basflt/writer-transfer.ts",
        "semantic": {
          "behaviorStatus": "not-applicable",
          "contractStatus": "not-applicable",
          "defaultStatus": "not-applicable",
          "divergenceClass": "B",
          "evidence": [
            "apps/office/src/sw/source/filter/basflt/writer-transfer.ts#normalizeWriterTextRuns",
            "apps/office/src/sw/source/filter/basflt/writer-transfer.ts#WriterTransferParagraph"
          ],
          "justification": "Browser-neutral filter boundary validates transfer run DTOs and shares serializer input records; canonical text and hints live in SwTextNode and SwpHints.",
          "knownViolations": [],
          "localSymbols": [
            "WriterTextRun",
            "DEFAULT_WRITER_CHARACTER_ATTRIBUTES",
            "createWriterTextRuns",
            "getWriterTextFromRuns",
            "createWriterTextFragment",
            "normalizeWriterTextRuns",
            "normalizeWriterCharacterAttributes",
            "splitWriterTextRuns",
            "WriterTransferParagraph"
          ],
          "sourceResponsibility": "browser-owned",
          "upstreamFile": null,
          "upstreamSymbols": []
        },
        "state": "active",
        "subsystem": "clipboard-transfer",
        "suite": "writer",
        "exportedOperations": [
          "createWriterTextFragment",
          "createWriterTextRuns",
          "getWriterTextFromRuns",
          "normalizeWriterCharacterAttributes",
          "normalizeWriterTextRuns",
          "splitWriterTextRuns"
        ]
      },
      {
        "capabilityIds": [
          "CAP-0113"
        ],
        "classification": "upstream-mechanism",
        "path": "apps/office/src/sw/source/filter/html/htmlnumwriter.ts",
        "semantic": {
          "behaviorStatus": "unverified",
          "contractStatus": "unverified",
          "defaultStatus": "unverified",
          "divergenceClass": "none",
          "evidence": [
            "apps/office/src/sw/source/filter/html/htmlnumwriter.ts#serializeWriterClipboardHtml",
            "vendor/libreoffice-reference/sw/source/filter/html/htmlnumwriter.cxx#SwHTMLWriter::FillNextNumInfo"
          ],
          "justification": "Mapped provenance remains semantically unverified against sw/source/filter/html/htmlnumwriter.cxx; recorded Phase 0 checks prevent path or symbol evidence from being treated as parity.",
          "knownViolations": [],
          "localSymbols": [
            "serializeWriterClipboardHtml"
          ],
          "sourceResponsibility": "unverified",
          "upstreamFile": "sw/source/filter/html/htmlnumwriter.cxx",
          "upstreamSymbols": [
            "SwHTMLWriter::FillNextNumInfo",
            "SwHTMLWriter::ClearNextNumInfo",
            "SwHTMLWriter::SetNextNumInfo",
            "std::move"
          ]
        },
        "state": "active",
        "subsystem": "odf-filter",
        "suite": "writer",
        "exportedOperations": [
          "serializeWriterClipboardHtml"
        ]
      },
      {
        "capabilityIds": [
          "CAP-0113",
          "CAP-0130"
        ],
        "classification": "local-infrastructure",
        "path": "apps/office/src/sw/source/filter/xml/odt-filter-service.ts",
        "semantic": {
          "behaviorStatus": "unverified",
          "contractStatus": "not-applicable",
          "defaultStatus": "not-applicable",
          "divergenceClass": "B",
          "evidence": [
            "apps/office/src/sw/source/filter/xml/odt-filter-service.ts#OdtFilterProgressStage"
          ],
          "justification": "Shell and filter service exchange canonical SwDoc and title; only sw/browser/filter/xml adapts that graph to Worker clone records. Async cancellation remains a browser execution concern.",
          "knownViolations": [],
          "localSymbols": [
            "createOdtFilterDocument",
            "restoreOdtFilterDocument",
            "createInlineOdtFilterService",
            "normalizeOdtFilterError"
          ],
          "sourceResponsibility": "browser-owned",
          "upstreamFile": null,
          "upstreamSymbols": []
        },
        "state": "active",
        "subsystem": "odf-filter",
        "suite": "writer",
        "exportedOperations": [
          "createInlineOdtFilterService",
          "createOdtFilterDocument",
          "normalizeOdtFilterError",
          "restoreOdtFilterDocument"
        ]
      },
      {
        "capabilityIds": [
          "CAP-0113",
          "CAP-0128",
          "CAP-0136",
          "CAP-0137"
        ],
        "classification": "upstream-mechanism",
        "path": "apps/office/src/sw/source/filter/xml/swxml.ts",
        "semantic": {
          "behaviorStatus": "unverified",
          "contractStatus": "unverified",
          "defaultStatus": "unverified",
          "divergenceClass": "none",
          "evidence": [
            "apps/office/src/sw/source/filter/xml/swxml.ts#ODT_XML_STREAM_BYTE_LIMIT",
            "apps/office/src/sw/source/filter/xml/odt-roundtrip.test.ts#rejectsMalformedPackages",
            "vendor/libreoffice-reference/sw/source/filter/xml/swxml.cxx#XMLReader::XMLReader"
          ],
          "justification": "Owns ODT package-stream import ordering for the required mimetype, manifest, styles.xml, content.xml, and meta.xml streams with ZIP/XML resource ceilings. Encryption, ZIP64, signatures, and absent or malformed mandatory streams are rejected before document replacement.",
          "knownViolations": [],
          "localSymbols": [
            "ODT_XML_STREAM_BYTE_LIMIT",
            "OdtImportProgressStage",
            "OdtImportControl",
            "SwXMLReader",
            "readOdtDocument"
          ],
          "sourceResponsibility": "aligned",
          "upstreamFile": "sw/source/filter/xml/swxml.cxx",
          "upstreamSymbols": [
            "XMLReader::XMLReader",
            "XMLReader::GetReaderType",
            "OUString::createFromAscii",
            "Parser::create"
          ]
        },
        "state": "active",
        "subsystem": "odf-filter",
        "suite": "writer",
        "exportedOperations": [
          "readOdtDocument"
        ]
      },
      {
        "capabilityIds": [
          "CAP-0113",
          "CAP-0129",
          "CAP-0136",
          "CAP-0137"
        ],
        "classification": "upstream-mechanism",
        "path": "apps/office/src/sw/source/filter/xml/wrtxml.ts",
        "semantic": {
          "behaviorStatus": "unverified",
          "contractStatus": "unverified",
          "defaultStatus": "unverified",
          "divergenceClass": "none",
          "evidence": [
            "apps/office/src/sw/source/filter/xml/wrtxml.ts#ODT_EXPORT_BYTE_LIMIT",
            "apps/office/src/sw/source/filter/xml/odt-roundtrip.test.ts#roundTripsWriterOdt",
            "vendor/libreoffice-reference/sw/source/filter/xml/wrtxml.cxx#SwXMLWriter"
          ],
          "justification": "Owns deterministic STORE-only export of mimetype, manifest, styles.xml, content.xml, and meta.xml with a complete-output ceiling. Compression choice is a browser adaptation; unsupported Writer state is rejected before package emission.",
          "knownViolations": [],
          "localSymbols": [
            "ODT_EXPORT_BYTE_LIMIT",
            "OdtExportProgressStage",
            "OdtExportControl",
            "SwXMLWriter",
            "writeOdtDocument"
          ],
          "sourceResponsibility": "aligned",
          "upstreamFile": "sw/source/filter/xml/wrtxml.cxx",
          "upstreamSymbols": [
            "SwXMLWriter",
            "SwXMLWriter::SwXMLWriter",
            "SwXMLWriter::~SwXMLWriter",
            "SwXMLWriter::Write_"
          ]
        },
        "state": "active",
        "subsystem": "odf-filter",
        "suite": "writer",
        "exportedOperations": [
          "writeOdtDocument"
        ]
      },
      {
        "capabilityIds": [
          "CAP-0113",
          "CAP-0129",
          "CAP-0138",
          "CAP-0139",
          "CAP-0140",
          "CAP-0141",
          "CAP-0142",
          "CAP-0143",
          "CAP-0144",
          "CAP-0145"
        ],
        "classification": "upstream-mechanism",
        "path": "apps/office/src/sw/source/filter/xml/xmlexp.ts",
        "semantic": {
          "behaviorStatus": "unverified",
          "contractStatus": "unverified",
          "defaultStatus": "unverified",
          "divergenceClass": "none",
          "evidence": [
            "apps/office/src/sw/source/filter/xml/xmlexp.ts#exportStylesXml",
            "apps/office/src/sw/source/filter/xml/odt-roundtrip.test.ts#rejectsUnsupportedCanonicalWriterState",
            "vendor/libreoffice-reference/sw/source/filter/xml/xmlexp.cxx#SwXMLExport::SwXMLExport",
            "apps/office/src/xmloff/source/style/xmlstyle.test.ts#retains the created leaf reference in its own family and container",
            "apps/office/src/sw/source/filter/xml/odt-style-container-roundtrip.test.ts#applies automatic styles directly and resolves every parent only in common styles",
            "apps/office/src/sw/source/filter/xml/odt-style-container-roundtrip.test.ts#replaces the active automatic context while retaining independent common styles",
            "apps/office/src/sw/source/filter/xml/odt-layout-parity.test.ts#preserves tdf114287 exact print bounds across ODT export",
            "vendor/libreoffice-reference/sw/source/filter/xml/xmlfmt.cxx#SwXMLImport::CreateStylesContext",
            "vendor/libreoffice-reference/xmloff/source/core/xmlimp.cxx#SvXMLImport::SetAutoStyles",
            "vendor/libreoffice-reference/xmloff/source/text/txtimp.cxx#XMLTextImportHelper::SetStyleAndAttrs",
            "apps/office/src/xmloff/source/style/xmlnumi.test.ts#uses native MM100 grammar, failed-value retention and SHRT field bounds",
            "apps/office/src/xmloff/source/style/xmlnume.test.ts#emits label-alignment mode even for zero or default command geometry",
            "apps/office/src/sw/source/core/unocore/unosett.test.ts#uses native integer ratios in both directions and retains only present properties",
            "apps/office/src/sw/source/filter/xml/odt-list-label-alignment-roundtrip.test.ts#round-trips native MM100 defaults, parsing bounds and conditional list attributes",
            "apps/office/src/sw/source/filter/xml/odt-list-label-alignment-roundtrip.test.ts#exports the default Writer list geometry at every supported level",
            "apps/office/src/xmloff/source/core/xmluconv.test.ts#delegates native core measure export to the supported CM unit",
            "vendor/libreoffice-reference/xmloff/source/style/xmlnumi.cxx#SvxXMLListLevelStyleLabelAlignmentAttrContext_Impl::SvxXMLListLevelStyleLabelAlignmentAttrContext_Impl",
            "vendor/libreoffice-reference/xmloff/source/style/xmlnume.cxx#SvxXMLNumRuleExport::exportLevelStyle",
            "vendor/libreoffice-reference/sw/source/core/unocore/unosett.cxx#SwXNumberingRules::SetNumberingRuleByIndex",
            "vendor/libreoffice-reference/sw/source/core/unocore/unosett.cxx#GetPropertiesForNumFormat",
            "vendor/libreoffice-reference/xmloff/source/core/xmluconv.cxx#SvXMLUnitConverter::convertMeasureToXML",
            "vendor/libreoffice-reference/sax/source/tools/converter.cxx#void Converter::convertMeasure( OUStringBuffer&",
            "apps/office/src/editeng/source/items/numitem.test.ts#initializes independent zero geometry in legacy mode",
            "apps/office/src/editeng/source/items/numitem.test.ts#switches native legacy getters without rewriting either geometry group",
            "apps/office/src/editeng/source/items/numitem.test.ts#retains native signed getter widths at integer boundaries",
            "apps/office/src/sw/source/filter/xml/odt-list-position-mode-roundtrip.test.ts#selects native mode independently of child geometry through common and automatic ODT cycles",
            "apps/office/src/sw/source/filter/xml/odt-list-position-mode-roundtrip.test.ts#retains pre-existing browser snapshots with absent inactive legacy fields",
            "apps/office/src/xmloff/source/style/xmlnume.test.ts#exports only the native legacy group with nonzero and positive attribute predicates",
            "vendor/libreoffice-reference/editeng/source/items/numitem.cxx#SvxNumberFormat::SvxNumberFormat",
            "vendor/libreoffice-reference/editeng/source/items/numitem.cxx#SvxNumberFormat::GetAbsLSpace",
            "vendor/libreoffice-reference/editeng/source/items/numitem.cxx#SvxNumberFormat::GetFirstLineOffset",
            "vendor/libreoffice-reference/editeng/source/items/numitem.cxx#SvxNumberFormat::GetCharTextDistance",
            "vendor/libreoffice-reference/editeng/source/items/numitem.cxx#SvxNumberFormat::SetPositionAndSpaceMode",
            "vendor/libreoffice-reference/xmloff/source/style/xmlnumi.cxx#SvxXMLListLevelStyleContext_Impl::SvxXMLListLevelStyleContext_Impl",
            "vendor/libreoffice-reference/xmloff/source/style/xmlnumi.cxx#SvxXMLListLevelStyleAttrContext_Impl::SvxXMLListLevelStyleAttrContext_Impl",
            "apps/office/src/sw/source/filter/xml/odt-list-marker-roundtrip.test.ts#preserves native marker parameters through common and automatic ODT cycles",
            "apps/office/src/sw/source/filter/xml/odt-list-marker-roundtrip.test.ts#retains native explicit pattern precedence and standard ODF 1.3 approximation",
            "apps/office/src/sw/source/filter/xml/odt-list-marker-roundtrip.test.ts#projects native signed UNO StartWith and omitted zero ParentNumbering on export",
            "apps/office/src/sw/source/core/unocore/unosett.test.ts#applies marker properties before ListFormat and ignores native out-of-range ParentNumbering",
            "apps/office/src/xmloff/source/style/xmlnume.ts#SvxXMLNumRuleExport",
            "vendor/libreoffice-reference/xmloff/source/style/xmlnumi.cxx#SvxXMLListLevelStyleContext_Impl::GetProperties",
            "apps/office/src/sw/source/filter/xml/odt-list-headers-roundtrip.test.ts#round-trips native headers and unnumbered item continuations",
            "vendor/libreoffice-reference/xmloff/source/text/txtparae.cxx#XMLTextParagraphExport::exportListChange",
            "vendor/libreoffice-reference/xmloff/source/text/txtimp.cxx#XMLTextImportHelper::SetStyleAndAttrs",
            "vendor/libreoffice-reference/xmloff/source/text/XMLTextNumRuleInfo.cxx#XMLTextNumRuleInfo::Set",
            "vendor/libreoffice-reference/xmloff/source/text/XMLTextListItemContext.cxx#XMLTextListItemContext::XMLTextListItemContext",
            "vendor/libreoffice-reference/xmloff/source/text/XMLTextListBlockContext.cxx#XMLTextListBlockContext::endFastElement",
            "apps/office/src/xmloff/source/text/XMLTextNumRuleInfo.test.ts#retains native absent sentinels and independent numbered restart/start fields",
            "apps/office/src/sw/source/filter/xml/odt-list-implicit-restart.test.ts#exports native implicit restart positions and direct starts through genuine ODT",
            "vendor/libreoffice-reference/xmloff/source/text/XMLTextNumRuleInfo.hxx#inline void XMLTextNumRuleInfo::Reset()",
            "vendor/libreoffice-reference/sw/source/core/unocore/unocrsrhelper.cxx#sal_Int16 IsNodeNumStart",
            "apps/office/src/xmloff/source/style/styleexp.test.ts#exports direct positive and zero outline levels and explicit empty numbering styles",
            "apps/office/src/sw/source/filter/xml/odt-text-collection-numbering.test.ts#uses the newly selected rule in genuine ODT and preserves style attributes through Worker transfer",
            "vendor/libreoffice-reference/xmloff/source/text/txtstyli.cxx#XMLTextStyleContext::SetAttribute"
          ],
          "justification": "Exports the supported paragraph/style/list/font/hyperlink subset and exact implemented pooled-item properties. Tables, images, fields, sections, tracked changes, annotations, embedded objects, and unknown item IDs are rejected rather than covered by a generic round-trip claim. XMLStylesContext retains style leaf references per container; Writer retains independent common and active automatic references and replaces the automatic context when a new container is encountered. Direct lookup checks the active automatic family/name first; automatic and common parents resolve only through common definitions. Found automatic deltas survive missing parents; missing paragraph references keep the default paragraph. Context ownership assertions and fifteen literal real ODT cases verify legal common/automatic collisions, same-name parents, independent families, named-only chains, empty/missing parents, stream replacement and common-only default publication through export/reimport. The previously source-invalid automatic-parent list export chain now puts its inherited base in common styles; exact pinned tdf114287 geometry remains unchanged across package cycles. This export bridge and broader named document-model ownership still require separate architecture audit; no whole-module parity promotion. For the existing LABEL_ALIGNMENT mode and LISTTAB/SPACE/NOTHING separators, source-owned xmlnumi parsing now retains zero defaults and MM100 fields with native Converter grammar/failure and SHRT bounds. The MM100 import port now carries both independent native geometry groups; the earlier legacy-to-alignment Twip emulation is removed. Writer numbering property conversion follows unosett.cxx signed MM100/Twip ratios; export projects native MM100 and delegates CM serialization to XML/SAX. ODF 1.3 XML emits explicit label-alignment mode and retains standard command geometry; indents are nonzero-only and tab position is exported only for LISTTAB with a positive value. Context/core assertions and eleven literal common/automatic ODT cases plus both default command marker families verify native quantization, conditional XML and manual reopen state. Full numbering/UNO, legacy position mode/property ownership, NEWLINE extensions, other XML units/versions, defaults and wider obligations remain unverified; no whole-module promotion. Declared levels retain independent native legacy and alignment geometry with zero defaults; only exact label-alignment selects modern mode. SvxNumberFormat in editeng owns positional state, signed widths and mode-dependent getters; Writer inherits and copies all fields. xmlnumi owns level/property contexts and MM100 legacy parsing/assembly. Writer conversion precedes core application, and xmlnume emits the selected group with native signs and omission predicates. Thirteen literal common/automatic ODT cases verify mode spellings/absence, child presence, independent state, signed/bounded/partial/invalid legacy fields, exact XML and reopen. Clone and browser snapshots preserve inactive fields; primitive browser geometry selects the active group. Full line layout, numbering families, omitted-level construction, native UNO replacement failures (including signed SymbolTextDistance narrowing), extensions and wider contracts/defaults remain separately unverified. No whole-module promotion. ODF marker transport preserves raw affixes, native byte-int start/display normalization, ordered style/loext ListFormat aliases (including empty strings), generated available-level clamp and final UNO SetListFormat compatibility overwrite for existing Arabic/bullet levels. Standard ODF 1.3 export is owned by SvxXMLNumRuleExport and coherent per-level records, with nonempty affixes, signed StartWith narrowing and clamped display omission; raw patterns retain native standard-format approximation on reopen. Sixteen literal common/automatic cases plus signed start/zero parent projection verify state, visible labels, owned clones, Worker v16, selected XML and reopen. A bounded compiled oracle matches 144 declarations, 144 applied states and 144 export attribute sets from unmodified pinned excerpts. ASCII string shims, modern/no-build-id input, Arabic/bullet and standard ODF only; ancient OOo suffix correction depends on absent generator/build-id metadata APIs and remains unresolved. Full native build, wider numbering families/fonts/legal/outline/continuous/NONE/bitmap, extended output, complete list-style/UNO ownership and wider defaults/contracts remain unverified. No whole-module parity promotion or save/open/recovery policy change. Existing SwTextNode counted state now crosses ODT projection/application. Native XMLTextListsHelper owns the block/item marker stack; ordinary item markers are consumed after the first paragraph and restored outer markers are cleared after sublists. Header start values are ignored, subsequent item paragraphs are unnumbered, and Writer applies RES_PARATR_LIST_ISCOUNTED=false. Export retains actual opened list-item/header tags: skipped ancestors use list-item, a newly opened final unnumbered level uses list-header, and unnumbered same/decreasing-level paragraphs continue the current item after deeper lists close. Restart/start projection is gated on numbered paragraphs as pinned XMLTextNumRuleInfo::Set does. Compiled unmodified exportListChange and item-stack bodies match368 export event sequences with explicit OUString/export/numbered-metadata/identity/no-continuation shims; no full native or UNO build. Genuine common/automatic header, nested/multiple-paragraph, skipped-level and bullet ODT assertions verify literal state, labels/vectors, independent rule/item copies, Worker16, selected XML and reopen; uncounted restart omission is explicitly native rather than invented retention. List style overrides, repeated-sublist restart, numbered-paragraph, full helper identity/UNO/lifecycle and wider contracts remain separately unverified. No whole-module promotion or registered save/open/recovery change. XMLTextNumRuleInfo now owns independent numbered/restart/direct-start/format-start metadata with native absent-1 and Reset retention. Writer projects direct start only when restart and the direct item exist; actual format start no longer substitutes for absence. Same/decreasing nested implicit restart closes/reopens text:list without item start; root restart and newly opened/re-entered levels follow native conditional fallback, while first unprocessed root can omit restart. Uncounted restart/start are omitted. Unmodified pinned exportListChange and metadata excerpts match 2403 structural/start sequences and 288 metadata states with explicit typed-property/platform/string/export/identity/style adapters; 12 valid Writer projections match the primary raw getter against 48 normative native states. Fifty-two genuine common/automatic numbered/bullet ODT scenarios and thirty-two repeated-sublist cases assert literal state, vectors/labels, owned copies, Worker16, selected XML and manually specified native reopen omissions/gains. Full UNO Set/lifetimes, processed-list identity/continue-numbering/style overrides, missing-rule factories, numbered-paragraph and wider architecture/defaults remain unverified. No whole-module promotion or registered save/open/recovery change. Iteration37 admits the existing named paragraph list/outline items after source-owned heading level restoration. The xmloff helper emits direct positive outline levels,ODF1.3 empty zero values,explicit empty numbering and normal names while suppressing the reserved Outline rule. Writer emits referenced common numbering definitions through the existing level exporter so styles whose rules are absent from current body retain resolvable references. Named style parsing preserves supported outline values and list-style names. Existing assigned heading levels without numbering do not trigger the no-rule/list-level export diagnostic. Literal native attribute predicates and real ODT/Worker/reopen/undo tests cover this dependency slice;full XMLStyleExport inheritance fallback,UNO style machinery,style-name encoding,outline export,automatic/direct-outline properties and native lifetime/compatibility remain separately unverified. IO settings and Worker16/ODF1.3 remain unchanged.",
          "knownViolations": [],
          "localSymbols": [
            "exportStylesXml",
            "exportContentXml",
            "exportMetaXml"
          ],
          "sourceResponsibility": "aligned",
          "upstreamFile": "sw/source/filter/xml/xmlexp.cxx",
          "upstreamSymbols": [
            "SwXMLExport::SwXMLExport",
            "SwXMLExport::exportDoc",
            "SvXMLUnitConverter::GetMeasureUnit",
            "SwModule::get"
          ]
        },
        "state": "active",
        "subsystem": "odf-filter",
        "suite": "writer",
        "exportedOperations": [
          "exportContentXml",
          "exportMetaXml",
          "exportStylesXml"
        ]
      },
      {
        "capabilityIds": [
          "CAP-0113",
          "CAP-0129"
        ],
        "classification": "upstream-mechanism",
        "path": "apps/office/src/sw/source/filter/xml/xmlfonte.ts",
        "semantic": {
          "behaviorStatus": "unverified",
          "contractStatus": "unverified",
          "defaultStatus": "unverified",
          "divergenceClass": "none",
          "evidence": [
            "apps/office/src/sw/source/filter/xml/xmlfonte.ts#createWriterFontAutoStylePool",
            "vendor/libreoffice-reference/sw/source/filter/xml/xmlfonte.cxx#SwXMLFontAutoStylePool_Impl::SwXMLFontAutoStylePool_Impl"
          ],
          "justification": "Mapped provenance remains semantically unverified against sw/source/filter/xml/xmlfonte.cxx; recorded Phase 0 checks prevent path or symbol evidence from being treated as parity.",
          "knownViolations": [],
          "localSymbols": [
            "createWriterFontAutoStylePool"
          ],
          "sourceResponsibility": "unverified",
          "upstreamFile": "sw/source/filter/xml/xmlfonte.cxx",
          "upstreamSymbols": [
            "SwXMLFontAutoStylePool_Impl",
            "SwXMLFontAutoStylePool_Impl::SwXMLFontAutoStylePool_Impl",
            "SwXMLExport::CreateFontAutoStylePool"
          ]
        },
        "state": "active",
        "subsystem": "odf-filter",
        "suite": "writer",
        "exportedOperations": [
          "createWriterFontAutoStylePool"
        ]
      },
      {
        "capabilityIds": [
          "CAP-0113",
          "CAP-0128",
          "CAP-0138",
          "CAP-0139",
          "CAP-0140",
          "CAP-0141",
          "CAP-0142",
          "CAP-0143",
          "CAP-0144",
          "CAP-0145"
        ],
        "classification": "upstream-mechanism",
        "path": "apps/office/src/sw/source/filter/xml/xmlimp.ts",
        "semantic": {
          "behaviorStatus": "unverified",
          "contractStatus": "unverified",
          "defaultStatus": "unverified",
          "divergenceClass": "none",
          "evidence": [
            "apps/office/src/sw/source/filter/xml/xmlimp.ts#importWriterXml",
            "apps/office/src/xmloff/source/text/txtparai.test.ts#rejects unsupported context structures and invalid inherited state",
            "vendor/libreoffice-reference/sw/source/filter/xml/xmlimp.cxx#SwXMLBodyContext_Impl::SwXMLBodyContext_Impl",
            "apps/office/src/xmloff/source/text/txtparai.test.ts#resolves equal style names within the requested family",
            "apps/office/src/sw/source/filter/xml/odt-style-family-roundtrip.test.ts#keeps equal paragraph and character names independent through package cycles",
            "vendor/libreoffice-reference/xmloff/source/style/xmlstyle.cxx#StyleIndexCompareByName",
            "vendor/libreoffice-reference/xmloff/source/style/xmlstyle.cxx#SvXMLStylesContext_Impl::FindStyleChildContext",
            "apps/office/src/xmloff/source/style/xmlstyle.test.ts#retains the created leaf reference in its own family and container",
            "apps/office/src/sw/source/filter/xml/odt-style-container-roundtrip.test.ts#applies automatic styles directly and resolves every parent only in common styles",
            "apps/office/src/sw/source/filter/xml/odt-style-container-roundtrip.test.ts#replaces the active automatic context while retaining independent common styles",
            "apps/office/src/sw/source/filter/xml/odt-layout-parity.test.ts#preserves tdf114287 exact print bounds across ODT export",
            "vendor/libreoffice-reference/sw/source/filter/xml/xmlfmt.cxx#SwXMLImport::CreateStylesContext",
            "vendor/libreoffice-reference/xmloff/source/core/xmlimp.cxx#SvXMLImport::SetAutoStyles",
            "vendor/libreoffice-reference/xmloff/source/text/txtimp.cxx#XMLTextImportHelper::SetStyleAndAttrs",
            "apps/office/src/xmloff/source/style/xmlnumi.test.ts#uses native MM100 grammar, failed-value retention and SHRT field bounds",
            "apps/office/src/xmloff/source/style/xmlnume.test.ts#emits label-alignment mode even for zero or default command geometry",
            "apps/office/src/sw/source/core/unocore/unosett.test.ts#uses native integer ratios in both directions and retains only present properties",
            "apps/office/src/sw/source/filter/xml/odt-list-label-alignment-roundtrip.test.ts#round-trips native MM100 defaults, parsing bounds and conditional list attributes",
            "apps/office/src/sw/source/filter/xml/odt-list-label-alignment-roundtrip.test.ts#exports the default Writer list geometry at every supported level",
            "apps/office/src/xmloff/source/core/xmluconv.test.ts#delegates native core measure export to the supported CM unit",
            "vendor/libreoffice-reference/xmloff/source/style/xmlnumi.cxx#SvxXMLListLevelStyleLabelAlignmentAttrContext_Impl::SvxXMLListLevelStyleLabelAlignmentAttrContext_Impl",
            "vendor/libreoffice-reference/xmloff/source/style/xmlnume.cxx#SvxXMLNumRuleExport::exportLevelStyle",
            "vendor/libreoffice-reference/sw/source/core/unocore/unosett.cxx#SwXNumberingRules::SetNumberingRuleByIndex",
            "vendor/libreoffice-reference/sw/source/core/unocore/unosett.cxx#GetPropertiesForNumFormat",
            "vendor/libreoffice-reference/xmloff/source/core/xmluconv.cxx#SvXMLUnitConverter::convertMeasureToXML",
            "vendor/libreoffice-reference/sax/source/tools/converter.cxx#void Converter::convertMeasure( OUStringBuffer&",
            "apps/office/src/editeng/source/items/numitem.test.ts#initializes independent zero geometry in legacy mode",
            "apps/office/src/editeng/source/items/numitem.test.ts#switches native legacy getters without rewriting either geometry group",
            "apps/office/src/editeng/source/items/numitem.test.ts#retains native signed getter widths at integer boundaries",
            "apps/office/src/sw/source/filter/xml/odt-list-position-mode-roundtrip.test.ts#selects native mode independently of child geometry through common and automatic ODT cycles",
            "apps/office/src/sw/source/filter/xml/odt-list-position-mode-roundtrip.test.ts#retains pre-existing browser snapshots with absent inactive legacy fields",
            "apps/office/src/xmloff/source/style/xmlnume.test.ts#exports only the native legacy group with nonzero and positive attribute predicates",
            "vendor/libreoffice-reference/editeng/source/items/numitem.cxx#SvxNumberFormat::SvxNumberFormat",
            "vendor/libreoffice-reference/editeng/source/items/numitem.cxx#SvxNumberFormat::GetAbsLSpace",
            "vendor/libreoffice-reference/editeng/source/items/numitem.cxx#SvxNumberFormat::GetFirstLineOffset",
            "vendor/libreoffice-reference/editeng/source/items/numitem.cxx#SvxNumberFormat::GetCharTextDistance",
            "vendor/libreoffice-reference/editeng/source/items/numitem.cxx#SvxNumberFormat::SetPositionAndSpaceMode",
            "vendor/libreoffice-reference/xmloff/source/style/xmlnumi.cxx#SvxXMLListLevelStyleContext_Impl::SvxXMLListLevelStyleContext_Impl",
            "vendor/libreoffice-reference/xmloff/source/style/xmlnumi.cxx#SvxXMLListLevelStyleAttrContext_Impl::SvxXMLListLevelStyleAttrContext_Impl",
            "apps/office/src/sw/source/core/doc/number.test.ts#constructs modern Writer base levels and copies only a successful replacement",
            "apps/office/src/sw/source/core/unocore/unosett.test.ts#validates the native numbering properties before committing one complete level",
            "apps/office/src/sw/source/filter/xml/odt-list-rule-application.test.ts#applies list declarations in source order and stops at native property rejection",
            "apps/office/src/sw/source/filter/xml/odt-list-rule-application.test.ts#retains the native accepted distance boundary and its subsequent export rejection",
            "vendor/libreoffice-reference/xmloff/source/style/xmlnumi.cxx#SvxXMLListStyleContext::FillUnoNumRule",
            "vendor/libreoffice-reference/sw/source/core/doc/number.cxx#SwNumRule::SwNumRule",
            "vendor/libreoffice-reference/sw/source/uibase/app/docstyle.cxx#SwDocStyleSheet::FillStyleSheet",
            "apps/office/src/xmloff/source/style/xmlnumi.test.ts#retains native optional declaration defaults and byte-string integer indices",
            "apps/office/src/xmloff/source/style/xmlnumi.test.ts#owns source-created leaf references and reads them only at list publication",
            "apps/office/src/sw/source/filter/xml/odt-list-declaration-defaults.test.ts#retains native declaration defaults and skips invalid indices before reading properties",
            "vendor/libreoffice-reference/include/o3tl/string_view.hxx#inline sal_Int32 toInt32(std::string_view",
            "vendor/libreoffice-reference/sal/rtl/strtmpl.hxx#template <typename T, class S> T toInt",
            "vendor/libreoffice-reference/xmloff/source/style/xmlnumi.cxx#SvxXMLListStyleContext::createFastChildContext",
            "vendor/libreoffice-reference/xmloff/source/style/xmlnumi.cxx#SvxXMLListLevelStyleContext_Impl::GetProperties",
            "apps/office/src/xmloff/source/core/xmlimp.test.ts#matches native inert known children and reused unknown parent event traces",
            "apps/office/src/xmloff/source/core/xmlimp.test.ts#delivers unknown callbacks to explicit contexts and supported unknown roots",
            "apps/office/src/sw/source/filter/xml/odt-list-declaration-defaults.test.ts#retains native declaration defaults and skips invalid indices before reading properties",
            "vendor/libreoffice-reference/xmloff/source/core/xmlimp.cxx#SvXMLImport::startFastElement",
            "vendor/libreoffice-reference/xmloff/source/core/xmlimp.cxx#SvXMLImport::startUnknownElement",
            "vendor/libreoffice-reference/xmloff/source/core/xmlictxt.cxx#SvXMLImportContext::startUnknownElement",
            "apps/office/src/sw/source/filter/xml/odt-list-marker-roundtrip.test.ts#preserves native marker parameters through common and automatic ODT cycles",
            "apps/office/src/sw/source/filter/xml/odt-list-marker-roundtrip.test.ts#retains native explicit pattern precedence and standard ODF 1.3 approximation",
            "apps/office/src/sw/source/filter/xml/odt-list-marker-roundtrip.test.ts#projects native signed UNO StartWith and omitted zero ParentNumbering on export",
            "apps/office/src/sw/source/core/unocore/unosett.test.ts#applies marker properties before ListFormat and ignores native out-of-range ParentNumbering",
            "apps/office/src/xmloff/source/style/xmlnume.ts#SvxXMLNumRuleExport",
            "apps/office/src/sw/source/filter/xml/odt-list-headers-roundtrip.test.ts#round-trips native headers and unnumbered item continuations",
            "vendor/libreoffice-reference/xmloff/source/text/txtparae.cxx#XMLTextParagraphExport::exportListChange",
            "vendor/libreoffice-reference/xmloff/source/text/txtimp.cxx#XMLTextImportHelper::SetStyleAndAttrs",
            "vendor/libreoffice-reference/xmloff/source/text/XMLTextNumRuleInfo.cxx#XMLTextNumRuleInfo::Set",
            "vendor/libreoffice-reference/xmloff/source/text/XMLTextListItemContext.cxx#XMLTextListItemContext::XMLTextListItemContext",
            "vendor/libreoffice-reference/xmloff/source/text/XMLTextListBlockContext.cxx#XMLTextListBlockContext::endFastElement",
            "apps/office/src/sw/source/filter/xml/odt-list-continuation.test.ts#imports native root continuation and default IDs through common and automatic ODT cycles",
            "apps/office/src/xmloff/source/text/txtlists.test.ts#retains processed roots, first style defaults and independent paragraph identity projection",
            "apps/office/src/xmloff/source/text/txtlists.test.ts#generates native time date random IDs and tests collisions only against processed roots",
            "vendor/libreoffice-reference/xmloff/source/text/XMLTextListBlockContext.cxx#XMLTextListBlockContext::XMLTextListBlockContext",
            "vendor/libreoffice-reference/xmloff/source/text/txtlists.cxx#XMLTextListsHelper::KeepListAsProcessed",
            "vendor/libreoffice-reference/xmloff/source/text/txtlists.cxx#XMLTextListsHelper::GetListIdForListBlock",
            "vendor/libreoffice-reference/xmloff/source/text/txtlists.cxx#XMLTextListsHelper::GenerateNewListId",
            "vendor/libreoffice-reference/sw/source/core/unocore/unosett.cxx#pRule->GetDefaultListId()",
            "apps/office/src/xmloff/source/style/styleexp.test.ts#exports direct positive and zero outline levels and explicit empty numbering styles",
            "apps/office/src/sw/source/filter/xml/odt-text-collection-numbering.test.ts#uses the newly selected rule in genuine ODT and preserves style attributes through Worker transfer",
            "vendor/libreoffice-reference/xmloff/source/text/txtstyli.cxx#XMLTextStyleContext::SetAttribute"
          ],
          "justification": "Imports supported Writer paragraph, style, list, font, hyperlink, whitespace, alignment, and character-property elements through canonical SwDoc operations. Known unsupported content structures are rejected; unrelated style families remain explicitly ignored and unclaimed. Family-first lookup and separate paragraph/text name maps now reproduce bounded family-plus-name identity. Five context inputs and six literal real ODT cases in forward/reverse declaration order verify direct and parent resolution, same-name common/automatic families, Standard/Heading identities, paragraph geometry, effective inline properties and scope through export/reimport. The old wrong-family Heading rejection fixture now verifies no paragraph-property leak against an absent paragraph definition. Import/export suites are decomposed without changing prior assertions. Common-versus-automatic container ownership, display-name identity, duplicate selection, cycles/defaults and wider semantic contracts remain unverified; this is no whole-module promotion. XMLStylesContext retains style leaf references per container; Writer retains independent common and active automatic references and replaces the automatic context when a new container is encountered. Direct lookup checks the active automatic family/name first; automatic and common parents resolve only through common definitions. Found automatic deltas survive missing parents; missing paragraph references keep the default paragraph. Context ownership assertions and fifteen literal real ODT cases verify legal common/automatic collisions, same-name parents, independent families, named-only chains, empty/missing parents, stream replacement and common-only default publication through export/reimport. The previously source-invalid automatic-parent list export chain now puts its inherited base in common styles; exact pinned tdf114287 geometry remains unchanged across package cycles. This export bridge and broader named document-model ownership still require separate architecture audit; no whole-module parity promotion. For the existing LABEL_ALIGNMENT mode and LISTTAB/SPACE/NOTHING separators, source-owned xmlnumi parsing now retains zero defaults and MM100 fields with native Converter grammar/failure and SHRT bounds. The MM100 import port now carries both independent native geometry groups; the earlier legacy-to-alignment Twip emulation is removed. Writer numbering property conversion follows unosett.cxx signed MM100/Twip ratios; export projects native MM100 and delegates CM serialization to XML/SAX. ODF 1.3 XML emits explicit label-alignment mode and retains standard command geometry; indents are nonzero-only and tab position is exported only for LISTTAB with a positive value. Context/core assertions and eleven literal common/automatic ODT cases plus both default command marker families verify native quantization, conditional XML and manual reopen state. Full numbering/UNO, legacy position mode/property ownership, NEWLINE extensions, other XML units/versions, defaults and wider obligations remain unverified; no whole-module promotion. Declared levels retain independent native legacy and alignment geometry with zero defaults; only exact label-alignment selects modern mode. SvxNumberFormat in editeng owns positional state, signed widths and mode-dependent getters; Writer inherits and copies all fields. xmlnumi owns level/property contexts and MM100 legacy parsing/assembly. Writer conversion precedes core application, and xmlnume emits the selected group with native signs and omission predicates. Thirteen literal common/automatic ODT cases verify mode spellings/absence, child presence, independent state, signed/bounded/partial/invalid legacy fields, exact XML and reopen. Clone and browser snapshots preserve inactive fields; primitive browser geometry selects the active group. Full line layout, numbering families, extensions and wider contracts/defaults remain separately unverified. No whole-module promotion. Source-ordered XML declarations now replace complete levels on a native modern Arabic base rule; omitted and empty rules retain base defaults, duplicates apply in order, and a rejected SymbolTextDistance stops later replacements while preserving prior levels. Writer owns the copy/validate/Set boundary. A bounded extracted C++ probe compares 17 ordered cases / 170 complete level states; real common/automatic ODT tests cover empty/omitted/repeated levels, independent position modes, signed distance failure, clone and browser snapshot retention, marker projections and export/reopen. Accepted MM100 distance 32767 quantizes to 32768 on export and is rejected on reopen as in the pinned sources. Full UNO ownership, outline/legacy base factories, continuous numbering, numbering families/fonts/extensions, full formatter behavior remain separate unverified obligations; no whole-module promotion. The supported list-style and declaration contexts now belong to xmlnumi. SvxXMLListStyleContext retains source-created leaf references and reads GetLevel/GetProperties at publication; levels missing their index or outside native capacity are skipped before properties are read. Optional Arabic format defaults to 1 and absent/empty bullet chars preserve the zero marker port. Present indices follow native byte-string decimal toInt32 prefix/sign/control-whitespace and overflow-to-zero semantics; nonpositive values normalize to level zero. Unrelated list child subtrees are ignored, with an explicit ignore-context adaptation for the current strict known-token SAX dispatcher; native image numbering and unsupported numeric families remain explicit errors. Direct native-context ownership/default assertions and literal common/automatic ODT/copy/snapshot/export/reopen cases cover this bounded correction. Wider marker prefix/suffix/start/display-level/font/graphics contracts, native UNO property breadth, global null dispatch and full list/style ownership remain unverified; no whole-module promotion. Known-null child fallback now creates a concrete inert SvXMLImportContext; unknown-null fallback reuses the actual parent reference. Unknown start/end dispatch uses independent hooks, preventing premature list/style/URI publication through known end callbacks. The old list known-child ignore adapters are removed. Three compiled traces / 37 reference/event entries from unmodified pinned dispatch bodies verify nested parent reuse, inert subtrees, explicit unknown contexts and sibling continuation. Direct context and literal ODT font/property/table/style/list cases verify native unrelated-child ignoring and supported descendants inside unknown wrappers; explicit cell list/section/nested-table errors remain until those native features are implemented. Root severe-error timing, namespace rewind, token completeness, remaining ignore adapters and wider import contracts remain unverified; no whole-module promotion. ODF marker transport preserves raw affixes, native byte-int start/display normalization, ordered style/loext ListFormat aliases (including empty strings), generated available-level clamp and final UNO SetListFormat compatibility overwrite for existing Arabic/bullet levels. Standard ODF 1.3 export is owned by SvxXMLNumRuleExport and coherent per-level records, with nonempty affixes, signed StartWith narrowing and clamped display omission; raw patterns retain native standard-format approximation on reopen. Sixteen literal common/automatic cases plus signed start/zero parent projection verify state, visible labels, owned clones, Worker v16, selected XML and reopen. A bounded compiled oracle matches 144 declarations, 144 applied states and 144 export attribute sets from unmodified pinned excerpts. ASCII string shims, modern/no-build-id input, Arabic/bullet and standard ODF only; ancient OOo suffix correction depends on absent generator/build-id metadata APIs and remains unresolved. Full native build, wider numbering families/fonts/legal/outline/continuous/NONE/bitmap, extended output, complete list-style/UNO ownership and wider defaults/contracts remain unverified. No whole-module parity promotion or save/open/recovery policy change. Existing SwTextNode counted state now crosses ODT projection/application. Native XMLTextListsHelper owns the block/item marker stack; ordinary item markers are consumed after the first paragraph and restored outer markers are cleared after sublists. Header start values are ignored, subsequent item paragraphs are unnumbered, and Writer applies RES_PARATR_LIST_ISCOUNTED=false. Export retains actual opened list-item/header tags: skipped ancestors use list-item, a newly opened final unnumbered level uses list-header, and unnumbered same/decreasing-level paragraphs continue the current item after deeper lists close. Restart/start projection is gated on numbered paragraphs as pinned XMLTextNumRuleInfo::Set does. Compiled unmodified exportListChange and item-stack bodies match368 export event sequences with explicit OUString/export/numbered-metadata/identity/no-continuation shims; no full native or UNO build. Genuine common/automatic header, nested/multiple-paragraph, skipped-level and bullet ODT assertions verify literal state, labels/vectors, independent rule/item copies, Worker16, selected XML and reopen; uncounted restart omission is explicitly native rather than invented retention. List style overrides, repeated-sublist restart, numbered-paragraph, full helper identity/UNO/lifecycle and wider contracts remain separately unverified. No whole-module promotion or registered save/open/recovery change. Source-owned XMLTextListsHelper replaces stream aliases and rule-counter IDs with processed root style/continuation records, last-root/per-style state, first-style DefaultListId mapping and native paragraph identity projection. Block contexts retain independent own/master IDs, inherit them at nested levels and accept identity attributes only at root. Exact true continue-numbering overrides pending restart at every level; modern root implicit continuation selects only the last matching raw style/different ID. Unknown targets clear, known chains resolve to the master and duplicate roots retain prior records. Writer exposes its existing SwNumRule.GetDefaultListId through the typed import bridge. Native time/date/random list IDs and processed collision suffixes use JS Date milliseconds and uniform31bit browser RNG adapters. Unmodified pinned block constructor/end/getters and processed/default/generator bodies match3082 actual context sequences/15392 raw/effective identity/restart/query states,including fixed RNG1/INT_MAX. Explicit ASCII/string/platform/raw-reference/typed-property/resolved-rule/modern-no-build-id/no-MSO/fixed-clock-RNG adapters;no full native/UNO/factory/legacy/MSO/stable-environment build or lifetime claim.112 genuine common/automatic Arabic/bullet package scenarios assert literal states,counters/vectors/labels,owned rules/items,Worker16,selected XML and independent native reopen projections. Existing source-stale literal identities now follow first-style default mapping. Complete export helper identity/style overrides,missing-rule factories,old build-id/MSO defaults,numbered-paragraph/full UNO/native ownership and deferred SwList insertion/validation architecture remain unverified. No whole-module/default promotion or registered save/open/recovery change. Iteration37 admits the existing named paragraph list/outline items after source-owned heading level restoration. The xmloff helper emits direct positive outline levels,ODF1.3 empty zero values,explicit empty numbering and normal names while suppressing the reserved Outline rule. Writer emits referenced common numbering definitions through the existing level exporter so styles whose rules are absent from current body retain resolvable references. Named style parsing preserves supported outline values and list-style names. Existing assigned heading levels without numbering do not trigger the no-rule/list-level export diagnostic. Literal native attribute predicates and real ODT/Worker/reopen/undo tests cover this dependency slice;full XMLStyleExport inheritance fallback,UNO style machinery,style-name encoding,outline export,automatic/direct-outline properties and native lifetime/compatibility remain separately unverified. IO settings and Worker16/ODF1.3 remain unchanged.",
          "knownViolations": [],
          "localSymbols": [
            "importWriterXml",
            "parseOdfXml",
            "SwXMLImport",
            "getStyle",
            "applyNamedParagraphStyles",
            "getAutoStyle",
            "CreateStylesContext"
          ],
          "sourceResponsibility": "unverified",
          "upstreamFile": "sw/source/filter/xml/xmlimp.cxx",
          "upstreamSymbols": [
            "SwXMLBodyContext_Impl::SwXMLBodyContext_Impl",
            "SwXMLBodyContext_Impl::createFastChildContext",
            "SwXMLDocContext_Impl::SwXMLDocContext_Impl",
            "SwXMLDocContext_Impl::createFastChildContext"
          ]
        },
        "state": "active",
        "subsystem": "odf-filter",
        "suite": "writer",
        "exportedOperations": [
          "importWriterXml",
          "parseOdfXml"
        ]
      },
      {
        "capabilityIds": [
          "CAP-0113",
          "CAP-0128"
        ],
        "classification": "upstream-mechanism",
        "path": "apps/office/src/sw/source/filter/xml/xmltbli.ts",
        "semantic": {
          "behaviorStatus": "unverified",
          "contractStatus": "unverified",
          "defaultStatus": "unverified",
          "divergenceClass": "none",
          "evidence": [
            "apps/office/src/sw/source/filter/xml/xmltbli.ts#SwXMLTableImport",
            "vendor/libreoffice-reference/sw/source/filter/xml/xmltbli.cxx#SwXMLTableContext"
          ],
          "justification": "Delegates SAX table events into canonical Writer rows, cells, styles and page hints while retaining the pinned XML table import ownership boundary.",
          "knownViolations": [],
          "localSymbols": [
            "SwXMLTableImport"
          ],
          "sourceResponsibility": "unverified",
          "upstreamFile": "sw/source/filter/xml/xmltbli.cxx",
          "upstreamSymbols": [
            "SwXMLTableContext"
          ]
        },
        "state": "active",
        "subsystem": "odf-filter",
        "suite": "writer",
        "exportedOperations": []
      },
      {
        "capabilityIds": [
          "CAP-0113",
          "CAP-0114",
          "CAP-0121",
          "CAP-0130",
          "CAP-0131",
          "CAP-0132"
        ],
        "classification": "upstream-mechanism",
        "path": "apps/office/src/sw/source/uibase/app/docsh.ts",
        "semantic": {
          "behaviorStatus": "unverified",
          "contractStatus": "unverified",
          "defaultStatus": "unverified",
          "divergenceClass": "none",
          "evidence": [
            "apps/office/src/sw/source/uibase/app/docsh.ts#SwDocShell",
            "vendor/libreoffice-reference/sw/source/uibase/app/docsh.cxx#SwDocShell"
          ],
          "justification": "Owns Writer model replacement, filter invocation, undo save positions, lifecycle hooks, and SfxMedium transitions. Browser cache serialization and ports stay under sw/browser.",
          "knownViolations": [],
          "localSymbols": [
            "SwDocShell"
          ],
          "sourceResponsibility": "aligned",
          "upstreamFile": "sw/source/uibase/app/docsh.cxx",
          "upstreamSymbols": [
            "SwDocShell",
            "SwDocShell::InitInterface_Impl",
            "SwDocShell::InsertGeneratedStream",
            "sw::XTextRangeToSwPaM"
          ]
        },
        "state": "active",
        "subsystem": "document-shell",
        "suite": "writer",
        "exportedOperations": []
      },
      {
        "capabilityIds": [
          "CAP-0125",
          "CAP-0135"
        ],
        "classification": "local-infrastructure",
        "path": "apps/office/src/sw/source/uibase/dialog/writer-dialog-controller.ts",
        "semantic": {
          "behaviorStatus": "not-applicable",
          "contractStatus": "not-applicable",
          "defaultStatus": "not-applicable",
          "divergenceClass": "A",
          "evidence": [
            "apps/office/src/sw/source/uibase/dialog/writer-dialog-controller.ts#WriterDialogController",
            "apps/office/src/sw/source/uibase/shells/textsh1.test.ts#routes color, spacing, and paragraph dialog through generated slot state"
          ],
          "justification": "TypeScript command or dialog request composition; the upstream SwTextShell and SwView operations are mapped in their own source owners.",
          "knownViolations": [],
          "localSymbols": [
            "WriterDialogController"
          ],
          "sourceResponsibility": "divergent",
          "upstreamFile": null,
          "upstreamSymbols": []
        },
        "state": "active",
        "subsystem": "dispatch",
        "suite": "writer",
        "exportedOperations": []
      },
      {
        "capabilityIds": [
          "CAP-0103",
          "CAP-0106",
          "CAP-0108",
          "CAP-0110",
          "CAP-0120"
        ],
        "classification": "upstream-mechanism",
        "path": "apps/office/src/sw/source/uibase/dochdl/swdtflvr.ts",
        "semantic": {
          "behaviorStatus": "unverified",
          "contractStatus": "divergent",
          "defaultStatus": "unverified",
          "divergenceClass": "A",
          "evidence": [
            "apps/office/src/sw/source/uibase/dochdl/swdtflvr.ts#SwTransferable",
            "vendor/libreoffice-reference/sw/source/uibase/dochdl/swdtflvr.cxx#SwTransferable::SwTransferable",
            "vendor/libreoffice-reference/sw/source/uibase/dochdl/swdtflvr.cxx#SwTransferable::PrepareForCopyTextRange",
            "vendor/libreoffice-reference/sw/source/uibase/dochdl/swdtflvr.cxx#SwTransferable::Cut",
            "apps/office/src/sw/browser/editor/browser-writer-edit-window.test.ts#writes HTML before plain text for Writer copy and drag",
            "apps/office/src/sw/source/uibase/dochdl/swdtflvr.test.ts#keeps selected content when transfer writing fails or the selection changes",
            "apps/office/src/sw/source/uibase/dochdl/swdtflvr.ts#pasteWriterTransfer",
            "vendor/libreoffice-reference/sw/source/uibase/dochdl/swdtflvr.cxx#SwTransferable::Paste"
          ],
          "justification": "The bounded transfer owner consumes canonical SwDoc/SwPaM state and copies before deleting, matching upstream ownership and Cut order. The browser adapter writes HTML before STRING and leaves foreign DOM selections to the browser. Upstream also advertises RTF, desktop RICHTEXT/MARKDOWN, embedded sources and selection-dependent native object formats; this implementation remains limited to its existing HTML/STRING text slice.",
          "knownViolations": [],
          "localSymbols": [
            "WriterClipboardSelection",
            "SwTransferable",
            "WriterTransferDocument",
            "WriterTransferError",
            "WriterPasteParagraph",
            "WriterPasteDocument",
            "WriterPasteOperations",
            "pasteWriterTransfer"
          ],
          "sourceResponsibility": "aligned",
          "upstreamFile": "sw/source/uibase/dochdl/swdtflvr.cxx",
          "upstreamSymbols": [
            "o3tl::convert",
            "UITestLogger::getInstance",
            "SwTransferable::SwTransferable",
            "URIHelper::removePassword"
          ]
        },
        "state": "active",
        "subsystem": "clipboard-transfer",
        "suite": "writer",
        "exportedOperations": [
          "pasteWriterTransfer"
        ]
      },
      {
        "capabilityIds": [
          "CAP-0103",
          "CAP-0117",
          "CAP-0118",
          "CAP-0120"
        ],
        "classification": "upstream-mechanism",
        "path": "apps/office/src/sw/source/uibase/docvw/edtwin.ts",
        "semantic": {
          "behaviorStatus": "unverified",
          "contractStatus": "unverified",
          "defaultStatus": "unverified",
          "divergenceClass": "none",
          "evidence": [
            "apps/office/src/sw/source/uibase/docvw/edtwin.ts#SwEditWin",
            "vendor/libreoffice-reference/sw/source/uibase/docvw/edtwin.cxx#SwEditWin::KeyInput"
          ],
          "justification": "Ports the bounded platform-neutral SwEditWin ownership boundary while browser event vocabulary remains in one outer adapter.",
          "knownViolations": [],
          "localSymbols": [
            "SwEditWin"
          ],
          "sourceResponsibility": "unverified",
          "upstreamFile": "sw/source/uibase/docvw/edtwin.cxx",
          "upstreamSymbols": [
            "SwEditWin::KeyInput",
            "SwEditWin::Command",
            "SwEditWin::MouseButtonDown"
          ]
        },
        "state": "active",
        "subsystem": "writer-view",
        "suite": "writer",
        "exportedOperations": []
      },
      {
        "capabilityIds": [
          "CAP-0105",
          "CAP-0107",
          "CAP-0127"
        ],
        "classification": "upstream-mechanism",
        "path": "apps/office/src/sw/source/uibase/shells/listsh.ts",
        "semantic": {
          "behaviorStatus": "parity",
          "contractStatus": "parity",
          "defaultStatus": "parity",
          "divergenceClass": "none",
          "evidence": [
            "apps/office/src/sw/source/uibase/shells/listsh.ts#SwListShell",
            "vendor/libreoffice-reference/sw/source/uibase/shells/listsh.cxx#SwListShell::Execute",
            "vendor/libreoffice-reference/sw/source/uibase/shells/listsh.cxx#SwListShell::GetState"
          ],
          "justification": "The supported list-kind and list-level commands execute and query state through a dedicated top-priority SwListShell using generated upstream slots and canonical Writer undo actions.",
          "knownViolations": [],
          "localSymbols": [
            "SwListShell"
          ],
          "sourceResponsibility": "aligned",
          "upstreamFile": "sw/source/uibase/shells/listsh.cxx",
          "upstreamSymbols": [
            "SwListShell::InitInterface_Impl",
            "SwListShell::Execute",
            "SwListShell::GetState",
            "SwListShell::SwListShell"
          ]
        },
        "state": "active",
        "subsystem": "numbering",
        "suite": "writer",
        "exportedOperations": []
      },
      {
        "capabilityIds": [
          "CAP-0102",
          "CAP-0107",
          "CAP-0109",
          "CAP-0112",
          "CAP-0125",
          "CAP-0135"
        ],
        "classification": "upstream-mechanism",
        "path": "apps/office/src/sw/source/uibase/shells/textsh1.ts",
        "semantic": {
          "behaviorStatus": "unverified",
          "contractStatus": "unverified",
          "defaultStatus": "not-applicable",
          "divergenceClass": "none",
          "evidence": [
            "apps/office/src/sw/source/uibase/shells/textsh1.ts#SwTextShell",
            "vendor/libreoffice-reference/sw/source/uibase/shells/textsh1.cxx#SwTextShell::Execute",
            "apps/office/src/sw/source/uibase/shells/textsh1.test.ts#routes color, spacing, and paragraph dialog through generated slot state"
          ],
          "justification": "Owns supported text, character, paragraph, history, indent, and hyperlink execute/state semantics as a dedicated text context shell while SwWrtShell supplies cursor and action primitives.",
          "knownViolations": [],
          "localSymbols": [
            "SwTextShell",
            "createWriterTextCommandRegistry"
          ],
          "sourceResponsibility": "aligned",
          "upstreamFile": "sw/source/uibase/shells/textsh1.cxx",
          "upstreamSymbols": [
            "SwTextShell::Execute",
            "SwTextShell::GetState",
            "SwTextShell::SwTextShell"
          ]
        },
        "state": "active",
        "subsystem": "command-shell",
        "suite": "writer",
        "exportedOperations": [
          "createWriterTextCommandRegistry"
        ]
      },
      {
        "capabilityIds": [
          "CAP-0101",
          "CAP-0103",
          "CAP-0104"
        ],
        "classification": "local-infrastructure",
        "path": "apps/office/src/sw/source/uibase/shells/view.ts",
        "semantic": {
          "behaviorStatus": "not-applicable",
          "contractStatus": "not-applicable",
          "defaultStatus": "not-applicable",
          "divergenceClass": "A",
          "evidence": [
            "apps/office/src/sw/source/uibase/shells/view.ts#SwViewCommandShell"
          ],
          "justification": "TypeScript command or dialog request composition; the upstream SwTextShell and SwView operations are mapped in their own source owners.",
          "knownViolations": [],
          "localSymbols": [
            "SwViewCommandShell",
            "createWriterViewCommandRegistry"
          ],
          "sourceResponsibility": "divergent",
          "upstreamFile": null,
          "upstreamSymbols": []
        },
        "state": "active",
        "subsystem": "command-shell",
        "suite": "writer",
        "exportedOperations": [
          "createWriterViewCommandRegistry"
        ]
      },
      {
        "capabilityIds": [
          "CAP-0101",
          "CAP-0102",
          "CAP-0103",
          "CAP-0104",
          "CAP-0105",
          "CAP-0106",
          "CAP-0107",
          "CAP-0109",
          "CAP-0110",
          "CAP-0112",
          "CAP-0113",
          "CAP-0114",
          "CAP-0120",
          "CAP-0121",
          "CAP-0122",
          "CAP-0131",
          "CAP-0133"
        ],
        "classification": "upstream-mechanism",
        "path": "apps/office/src/sw/source/uibase/uiview/view.ts",
        "semantic": {
          "behaviorStatus": "unverified",
          "contractStatus": "unverified",
          "defaultStatus": "unverified",
          "divergenceClass": "none",
          "evidence": [
            "apps/office/src/sw/source/uibase/uiview/view.ts#SwView",
            "vendor/libreoffice-reference/sw/source/uibase/uiview/view.cxx#SwView"
          ],
          "justification": "Mapped provenance remains semantically unverified against sw/source/uibase/uiview/view.cxx; recorded Phase 0 checks prevent path or symbol evidence from being treated as parity.",
          "knownViolations": [],
          "localSymbols": [
            "SwView"
          ],
          "sourceResponsibility": "aligned",
          "upstreamFile": "sw/source/uibase/uiview/view.cxx",
          "upstreamSymbols": [
            "SwView",
            "SwView::GetDispatcher",
            "SwView::ImpSetVerb",
            "SwView::GotFocus"
          ]
        },
        "state": "active",
        "subsystem": "workbench-session",
        "suite": "writer",
        "exportedOperations": []
      },
      {
        "capabilityIds": [
          "CAP-0101"
        ],
        "classification": "upstream-mechanism",
        "path": "apps/office/src/sw/source/uibase/uiview/viewfunc.ts",
        "semantic": {
          "behaviorStatus": "unverified",
          "contractStatus": "unverified",
          "defaultStatus": "unverified",
          "divergenceClass": "none",
          "evidence": [
            "apps/office/src/sw/source/uibase/uiview/viewfunc.ts#createWriterWorkbenchDocument",
            "vendor/libreoffice-reference/sw/source/uibase/uiview/viewfunc.hxx#Point"
          ],
          "justification": "Mapped provenance remains semantically unverified against sw/source/uibase/uiview/viewfunc.hxx; recorded Phase 0 checks prevent path or symbol evidence from being treated as parity.",
          "knownViolations": [],
          "localSymbols": [
            "createWriterWorkbenchDocument",
            "getActiveWriterParagraph",
            "getActiveWriterParagraph"
          ],
          "sourceResponsibility": "unverified",
          "upstreamFile": "sw/source/uibase/uiview/viewfunc.hxx",
          "upstreamSymbols": [
            "Point",
            "SfxPrinter",
            "Size",
            "SvxRuler"
          ]
        },
        "state": "active",
        "subsystem": "workbench-session",
        "suite": "writer",
        "exportedOperations": [
          "createWriterWorkbenchDocument",
          "getActiveWriterParagraph"
        ]
      },
      {
        "capabilityIds": [
          "CAP-0102",
          "CAP-0105",
          "CAP-0107",
          "CAP-0132"
        ],
        "classification": "upstream-mechanism",
        "path": "apps/office/src/sw/source/uibase/wrtsh/delete.ts",
        "semantic": {
          "behaviorStatus": "unverified",
          "contractStatus": "unverified",
          "defaultStatus": "unverified",
          "divergenceClass": "none",
          "evidence": [
            "apps/office/src/sw/source/uibase/wrtsh/delete.ts#getWriterTypingCharacterClass",
            "vendor/libreoffice-reference/sw/source/uibase/wrtsh/delete.cxx#SwWrtShell::DelLeft"
          ],
          "justification": "Mapped provenance remains semantically unverified against sw/source/uibase/wrtsh/delete.cxx; recorded Phase 0 checks prevent path or symbol evidence from being treated as parity.",
          "knownViolations": [],
          "localSymbols": [
            "getWriterTypingCharacterClass"
          ],
          "sourceResponsibility": "unverified",
          "upstreamFile": "sw/source/uibase/wrtsh/delete.cxx",
          "upstreamSymbols": [
            "SwWrtShell::DelLeft",
            "SwWrtShell::DelRight"
          ]
        },
        "state": "active",
        "subsystem": "writer-shell",
        "suite": "writer",
        "exportedOperations": [
          "getWriterTypingCharacterClass"
        ]
      },
      {
        "capabilityIds": [
          "CAP-0102",
          "CAP-0105",
          "CAP-0107",
          "CAP-0123",
          "CAP-0124",
          "CAP-0132",
          "CAP-0134"
        ],
        "classification": "upstream-mechanism",
        "path": "apps/office/src/sw/source/uibase/wrtsh/wrtsh-editing.ts",
        "semantic": {
          "behaviorStatus": "unverified",
          "contractStatus": "unverified",
          "defaultStatus": "unverified",
          "divergenceClass": "none",
          "evidence": [
            "apps/office/src/sw/source/uibase/wrtsh/wrtsh-editing.ts#SwWrtShellEditingOperations",
            "vendor/libreoffice-reference/sw/source/uibase/wrtsh/wrtsh1.cxx#SwWrtShell"
          ],
          "justification": "Separates text, range, paste, split, and join algorithms from SwWrtShell cursor identity and undo-notification orchestration while retaining the upstream Writer shell ownership boundary.",
          "knownViolations": [],
          "localSymbols": [
            "SwWrtShellEditingPort",
            "SwWrtShellEditingOperations"
          ],
          "sourceResponsibility": "unverified",
          "upstreamFile": "sw/source/uibase/wrtsh/wrtsh1.cxx",
          "upstreamSymbols": [
            "SwWrtShell",
            "SwWrtShell::Insert",
            "SwWrtShell::SplitNode"
          ]
        },
        "state": "active",
        "subsystem": "writer-shell",
        "suite": "writer",
        "exportedOperations": []
      },
      {
        "capabilityIds": [
          "CAP-0102",
          "CAP-0105",
          "CAP-0107",
          "CAP-0109",
          "CAP-0110",
          "CAP-0112",
          "CAP-0119",
          "CAP-0123",
          "CAP-0124",
          "CAP-0132",
          "CAP-0134",
          "CAP-0135"
        ],
        "classification": "upstream-mechanism",
        "path": "apps/office/src/sw/source/uibase/wrtsh/wrtsh1.ts",
        "semantic": {
          "behaviorStatus": "unverified",
          "contractStatus": "unverified",
          "defaultStatus": "unverified",
          "divergenceClass": "none",
          "evidence": [
            "apps/office/src/sw/source/uibase/wrtsh/wrtsh1.ts#SwWrtShell",
            "vendor/libreoffice-reference/sw/source/uibase/wrtsh/wrtsh1.cxx#SwWrtShell"
          ],
          "justification": "Mapped provenance remains semantically unverified against sw/source/uibase/wrtsh/wrtsh1.cxx; recorded Phase 0 checks prevent path or symbol evidence from being treated as parity.",
          "knownViolations": [],
          "localSymbols": [
            "SwWrtShell",
            "SwWrtShellHistory",
            "WriterCompositionState"
          ],
          "sourceResponsibility": "unverified",
          "upstreamFile": "sw/source/uibase/wrtsh/wrtsh1.cxx",
          "upstreamSymbols": [
            "SwWrtShell",
            "UITestLogger::getInstance",
            "SvxAutoCorrCfg::Get",
            "SwWrtShell::NoEdit"
          ]
        },
        "state": "active",
        "subsystem": "writer-shell",
        "suite": "writer",
        "exportedOperations": []
      },
      {
        "capabilityIds": [
          "CAP-0101",
          "CAP-0115",
          "CAP-0135"
        ],
        "classification": "upstream-mechanism",
        "path": "apps/office/src/sw/uiconfig/swriter/menubar/menubar-commands.ts",
        "semantic": {
          "behaviorStatus": "unverified",
          "contractStatus": "unverified",
          "defaultStatus": "unverified",
          "divergenceClass": "none",
          "evidence": [
            "apps/office/src/sw/uiconfig/swriter/menubar/menubar-commands.ts#writerMenuPlacements",
            "vendor/libreoffice-reference/sw/uiconfig/swriter/menubar/menubar.xml#.uno:PickList"
          ],
          "justification": "Mapped provenance remains semantically unverified against sw/uiconfig/swriter/menubar/menubar.xml; recorded Phase 0 checks prevent path or symbol evidence from being treated as parity.",
          "knownViolations": [],
          "localSymbols": [
            "writerMenuPlacements",
            "WRITER_COMMAND_IDS",
            "writerMenuCommandIds",
            "writerUserCommands",
            "getWriterParagraphStyleCommandId"
          ],
          "sourceResponsibility": "unverified",
          "upstreamFile": "sw/uiconfig/swriter/menubar/menubar.xml",
          "upstreamSymbols": [
            ".uno:PickList",
            ".uno:AddDirect",
            ".uno:OpenFromWriter",
            ".uno:OpenRemote"
          ]
        },
        "state": "active",
        "subsystem": "writer-ui",
        "suite": "writer",
        "exportedOperations": [
          "getWriterParagraphStyleCommandId"
        ]
      },
      {
        "capabilityIds": [
          "CAP-0107"
        ],
        "classification": "upstream-mechanism",
        "path": "apps/office/src/sw/uiconfig/swriter/toolbar/numobjectbar.ts",
        "semantic": {
          "behaviorStatus": "unverified",
          "contractStatus": "unverified",
          "defaultStatus": "unverified",
          "divergenceClass": "none",
          "evidence": [
            "apps/office/src/sw/uiconfig/swriter/toolbar/numobjectbar.ts#writerNumObjectBarItems",
            "vendor/libreoffice-reference/sw/uiconfig/swriter/toolbar/numobjectbar.xml#.uno:DecrementLevel"
          ],
          "justification": "Mapped provenance remains semantically unverified against sw/uiconfig/swriter/toolbar/numobjectbar.xml; recorded Phase 0 checks prevent path or symbol evidence from being treated as parity.",
          "knownViolations": [],
          "localSymbols": [
            "writerNumObjectBarItems"
          ],
          "sourceResponsibility": "unverified",
          "upstreamFile": "sw/uiconfig/swriter/toolbar/numobjectbar.xml",
          "upstreamSymbols": [
            ".uno:DecrementLevel",
            ".uno:IncrementLevel",
            ".uno:DecrementSubLevels",
            ".uno:IncrementSubLevels"
          ]
        },
        "state": "active",
        "subsystem": "numbering",
        "suite": "writer",
        "exportedOperations": []
      },
      {
        "capabilityIds": [
          "CAP-0101",
          "CAP-0115",
          "CAP-0135"
        ],
        "classification": "upstream-mechanism",
        "path": "apps/office/src/sw/uiconfig/swriter/toolbar/standardbar.ts",
        "semantic": {
          "behaviorStatus": "divergent",
          "contractStatus": "divergent",
          "defaultStatus": "divergent",
          "divergenceClass": "B",
          "evidence": [
            "apps/office/src/sw/uiconfig/swriter/toolbar/standardbar.ts#writerStandardBarItems",
            "vendor/libreoffice-reference/sw/uiconfig/swriter/toolbar/standardbar.xml#.uno:"
          ],
          "justification": "Approved browser file workflow: Save As appears only in File and manual Save is absent from the toolbar. Other mapped toolbar placement remains subject to the bounded parity inventory.",
          "knownViolations": [],
          "localSymbols": [
            "writerStandardBarItems"
          ],
          "sourceResponsibility": "unverified",
          "upstreamFile": "sw/uiconfig/swriter/toolbar/standardbar.xml",
          "upstreamSymbols": [
            ".uno:"
          ]
        },
        "state": "active",
        "subsystem": "writer-ui",
        "suite": "writer",
        "exportedOperations": []
      },
      {
        "capabilityIds": [
          "CAP-0105"
        ],
        "classification": "upstream-mechanism",
        "path": "apps/office/src/sw/uiconfig/swriter/toolbar/textobjectbar.ts",
        "semantic": {
          "behaviorStatus": "unverified",
          "contractStatus": "unverified",
          "defaultStatus": "unverified",
          "divergenceClass": "none",
          "evidence": [
            "apps/office/src/sw/uiconfig/swriter/toolbar/textobjectbar.ts#writerTextObjectBarItems",
            "vendor/libreoffice-reference/sw/uiconfig/swriter/toolbar/textobjectbar.xml#.uno:DesignerDialog"
          ],
          "justification": "Mapped provenance remains semantically unverified against sw/uiconfig/swriter/toolbar/textobjectbar.xml; recorded Phase 0 checks prevent path or symbol evidence from being treated as parity.",
          "knownViolations": [],
          "localSymbols": [
            "writerTextObjectBarItems"
          ],
          "sourceResponsibility": "unverified",
          "upstreamFile": "sw/uiconfig/swriter/toolbar/textobjectbar.xml",
          "upstreamSymbols": [
            ".uno:DesignerDialog",
            ".uno:StyleApply",
            ".uno:StyleUpdateByExample",
            ".uno:StyleNewByExample"
          ]
        },
        "state": "active",
        "subsystem": "numbering",
        "suite": "writer",
        "exportedOperations": []
      },
      {
        "capabilityIds": [
          "CAP-0115"
        ],
        "classification": "local-infrastructure",
        "path": "apps/office/src/sw/uiconfig/swriter/ui-resource.ts",
        "semantic": {
          "behaviorStatus": "not-applicable",
          "contractStatus": "not-applicable",
          "defaultStatus": "not-applicable",
          "divergenceClass": "A",
          "evidence": [
            "apps/office/src/sw/uiconfig/swriter/ui-resource.ts#WriterMenuPlacement"
          ],
          "justification": "Defines local typed composition data without claiming a LibreOffice implementation source.",
          "knownViolations": [],
          "localSymbols": [
            "normalizeWriterToolbarItems"
          ],
          "sourceResponsibility": "divergent",
          "upstreamFile": null,
          "upstreamSymbols": []
        },
        "state": "active",
        "subsystem": "writer-ui",
        "suite": "writer",
        "exportedOperations": [
          "normalizeWriterToolbarItems"
        ]
      },
      {
        "capabilityIds": [
          "CAP-0101",
          "CAP-0115"
        ],
        "classification": "upstream-mechanism",
        "path": "apps/office/src/sw/uiconfig/swriter/writer-command-resources.ts",
        "semantic": {
          "behaviorStatus": "unverified",
          "contractStatus": "unverified",
          "defaultStatus": "unverified",
          "divergenceClass": "none",
          "evidence": [
            "apps/office/src/sw/uiconfig/swriter/writer-command-resources.ts#getWriterCommandResource",
            "vendor/libreoffice-reference/sw/uiconfig/swriter/menubar/menubar.xml"
          ],
          "justification": "Loads generated command labels, placement context, semantics, shortcuts, and filtered X entries from the pinned Writer UI resources.",
          "knownViolations": [],
          "localSymbols": [
            "getWriterCommandResource",
            "WRITER_FILTERED_X_COMMANDS"
          ],
          "sourceResponsibility": "unverified",
          "upstreamFile": "sw/uiconfig/swriter/menubar/menubar.xml",
          "upstreamSymbols": [
            ".uno:AddDirect",
            ".uno:OpenFromWriter"
          ]
        },
        "state": "active",
        "subsystem": "writer-ui",
        "suite": "writer",
        "exportedOperations": [
          "getWriterCommandResource"
        ]
      },
      {
        "capabilityIds": [],
        "classification": "local-infrastructure",
        "infrastructureExemption": "Test-only adapters preserve legacy fixture IDs outside production Writer shell contracts.",
        "path": "apps/office/src/test/wrtsh-test-helpers.ts",
        "semantic": {
          "behaviorStatus": "not-applicable",
          "contractStatus": "not-applicable",
          "defaultStatus": "not-applicable",
          "divergenceClass": "A",
          "evidence": [
            "apps/office/src/test/wrtsh-test-helpers.ts#setTestSelection"
          ],
          "justification": "Resolves fixture identifiers only in tests and converts them immediately to canonical SwPosition, SwPaM, and node-reference operations.",
          "knownViolations": [],
          "localSymbols": [
            "getTestParagraph",
            "setTestCursor",
            "setTestSelection",
            "getTestSelection",
            "handleTestInput",
            "fixtureReplaceRange",
            "toggleTestFormat",
            "setTestHyperlink",
            "fixtureSplitParagraph",
            "fixtureMergeParagraphWithPrevious",
            "fixtureMergeParagraphWithNext",
            "pasteTestSelection",
            "getNodeId"
          ],
          "sourceResponsibility": "browser-owned",
          "upstreamFile": null,
          "upstreamSymbols": []
        },
        "state": "internal",
        "subsystem": "test-infrastructure",
        "suite": "writer",
        "exportedOperations": [
          "fixtureMergeParagraphWithNext",
          "fixtureMergeParagraphWithPrevious",
          "fixtureReplaceRange",
          "fixtureSplitParagraph",
          "getNodeId",
          "getTestParagraph",
          "getTestSelection",
          "handleTestInput",
          "pasteTestSelection",
          "setTestCursor",
          "setTestHyperlink",
          "setTestSelection",
          "toggleTestFormat"
        ]
      },
      {
        "capabilityIds": [
          "CAP-0106",
          "CAP-0110",
          "CAP-0120"
        ],
        "classification": "browser-adaptation",
        "path": "apps/office/src/vcl/browser/browser-clipboard.ts",
        "semantic": {
          "behaviorStatus": "unverified",
          "contractStatus": "not-applicable",
          "defaultStatus": "not-applicable",
          "divergenceClass": "B",
          "evidence": [
            "apps/office/src/vcl/browser/browser-clipboard.ts#BrowserClipboardEnvironment"
          ],
          "justification": "Copies plain and bounded rich text through browser Clipboard APIs with a local plain-text fallback for static browser deployments. The implementation depends on browser or React execution semantics, so no native LibreOffice source file is claimed as its owner.",
          "knownViolations": [],
          "localSymbols": [
            "copyPlainText",
            "copyRichText",
            "readRichClipboard"
          ],
          "sourceResponsibility": "browser-owned",
          "upstreamFile": null,
          "upstreamSymbols": []
        },
        "state": "active",
        "subsystem": "browser-platform",
        "suite": "shared",
        "exportedOperations": [
          "copyPlainText",
          "copyRichText",
          "readRichClipboard"
        ]
      },
      {
        "capabilityIds": [
          "CAP-0101",
          "CAP-0113",
          "CAP-0121"
        ],
        "classification": "browser-adaptation",
        "path": "apps/office/src/vcl/browser/browser-download.ts",
        "semantic": {
          "behaviorStatus": "unverified",
          "contractStatus": "not-applicable",
          "defaultStatus": "not-applicable",
          "divergenceClass": "B",
          "evidence": [
            "apps/office/src/vcl/browser/browser-download.ts#DownloadAnchor"
          ],
          "justification": "Implements a browser-only text Blob download adapter with injectable DOM and object-URL capabilities for deterministic tests. The implementation depends on browser or React execution semantics, so no native LibreOffice source file is claimed as its owner.",
          "knownViolations": [],
          "localSymbols": [
            "createDownloadFilename",
            "downloadBytes",
            "downloadPlainText",
            "createBrowserDocumentExportPort"
          ],
          "sourceResponsibility": "browser-owned",
          "upstreamFile": null,
          "upstreamSymbols": []
        },
        "state": "active",
        "subsystem": "browser-platform",
        "suite": "shared",
        "exportedOperations": [
          "createBrowserDocumentExportPort",
          "createDownloadFilename",
          "downloadBytes",
          "downloadPlainText"
        ]
      },
      {
        "capabilityIds": [
          "CAP-0113",
          "CAP-0121"
        ],
        "classification": "browser-adaptation",
        "path": "apps/office/src/vcl/browser/browser-file.ts",
        "semantic": {
          "behaviorStatus": "unverified",
          "contractStatus": "not-applicable",
          "defaultStatus": "not-applicable",
          "divergenceClass": "B",
          "evidence": [
            "apps/office/src/vcl/browser/browser-file.ts#selectBrowserFile"
          ],
          "justification": "Implements browser-only file selection and byte reading behind injectable DOM capabilities. The implementation depends on browser or React execution semantics, so no native LibreOffice source file is claimed as its owner.",
          "knownViolations": [],
          "localSymbols": [
            "selectBrowserFile",
            "readBrowserFile",
            "createBrowserDocumentOpenPort"
          ],
          "sourceResponsibility": "browser-owned",
          "upstreamFile": null,
          "upstreamSymbols": []
        },
        "state": "active",
        "subsystem": "browser-platform",
        "suite": "shared",
        "exportedOperations": [
          "createBrowserDocumentOpenPort",
          "readBrowserFile",
          "selectBrowserFile"
        ]
      },
      {
        "capabilityIds": [
          "CAP-0109"
        ],
        "classification": "browser-adaptation",
        "path": "apps/office/src/vcl/browser/default-font-device.ts",
        "semantic": {
          "behaviorStatus": "unverified",
          "contractStatus": "not-applicable",
          "defaultStatus": "not-applicable",
          "divergenceClass": "B",
          "evidence": [
            "apps/office/src/vcl/browser/default-font-device.ts#createBrowserDefaultFontDevice"
          ],
          "justification": "Adapts synchronous CSS Font Loading availability checks to Writer's narrow VCL-like default-font device contract.",
          "knownViolations": [],
          "localSymbols": [
            "createBrowserDefaultFontDevice"
          ],
          "sourceResponsibility": "browser-owned",
          "upstreamFile": null,
          "upstreamSymbols": []
        },
        "state": "active",
        "subsystem": "browser-platform",
        "suite": "shared",
        "exportedOperations": [
          "createBrowserDefaultFontDevice"
        ]
      },
      {
        "capabilityIds": [
          "CAP-0109"
        ],
        "classification": "browser-adaptation",
        "path": "apps/office/src/vcl/browser/embedded-font-loader.ts",
        "semantic": {
          "behaviorStatus": "unverified",
          "contractStatus": "not-applicable",
          "defaultStatus": "not-applicable",
          "divergenceClass": "B",
          "evidence": [
            "apps/office/src/vcl/browser/embedded-font-loader.ts#installWriterEmbeddedFonts",
            "apps/office/src/vcl/browser/embedded-font-loader.test.ts#installs a loaded face and revokes it when its document leaves the browser"
          ],
          "justification": "Browser FontFace installation and revocation are covered by focused lifecycle and fallback tests.",
          "knownViolations": [],
          "localSymbols": [
            "installWriterEmbeddedFonts"
          ],
          "sourceResponsibility": "browser-owned",
          "upstreamFile": null,
          "upstreamSymbols": []
        },
        "state": "active",
        "subsystem": "browser-platform",
        "suite": "shared",
        "exportedOperations": [
          "installWriterEmbeddedFonts"
        ]
      },
      {
        "capabilityIds": [
          "CAP-0109"
        ],
        "classification": "browser-adaptation",
        "path": "apps/office/src/vcl/browser/font-list.ts",
        "semantic": {
          "behaviorStatus": "unverified",
          "contractStatus": "not-applicable",
          "defaultStatus": "not-applicable",
          "divergenceClass": "B",
          "evidence": [
            "apps/office/src/vcl/browser/font-list.ts#export class FontList"
          ],
          "justification": "Adapts LibreOffice FontList device enumeration to the browser Local Font Access API with deterministic metric-compatible fallbacks when access is unavailable.",
          "knownViolations": [],
          "localSymbols": [],
          "sourceResponsibility": "browser-owned",
          "upstreamFile": null,
          "upstreamSymbols": []
        },
        "state": "active",
        "subsystem": "browser-platform",
        "suite": "shared",
        "exportedOperations": []
      },
      {
        "capabilityIds": [
          "CAP-0113",
          "CAP-0128"
        ],
        "classification": "upstream-mechanism",
        "path": "apps/office/src/xmloff/source/core/xmlimp.ts",
        "semantic": {
          "behaviorStatus": "unverified",
          "contractStatus": "unverified",
          "defaultStatus": "unverified",
          "divergenceClass": "none",
          "evidence": [
            "apps/office/src/xmloff/source/core/xmlimp.ts#parseOdfXmlStream",
            "vendor/libreoffice-reference/xmloff/source/core/xmlimp.cxx#SvXMLImport::processingInstruction",
            "apps/office/src/sax/source/fastparser/fastparser.test.ts#ignores comments and processing instructions as the upstream import does",
            "apps/office/src/xmloff/source/core/xmlimp.test.ts#matches native inert known children and reused unknown parent event traces",
            "apps/office/src/xmloff/source/core/xmlimp.test.ts#delivers unknown callbacks to explicit contexts and supported unknown roots",
            "apps/office/src/sw/source/filter/xml/odt-list-declaration-defaults.test.ts#retains native declaration defaults and skips invalid indices before reading properties",
            "vendor/libreoffice-reference/xmloff/source/core/xmlimp.cxx#SvXMLImport::startFastElement",
            "vendor/libreoffice-reference/xmloff/source/core/xmlimp.cxx#SvXMLImport::startUnknownElement",
            "vendor/libreoffice-reference/xmloff/source/core/xmlictxt.cxx#SvXMLImportContext::startUnknownElement",
            "apps/office/src/sw/source/filter/xml/odt-list-start-normalization.test.ts#normalizes native ordinary starts and ignores header starts across document boundaries",
            "apps/office/src/xmloff/source/core/xmlimp.test.ts#converts native decimal byte-view attributes with distinct absence and zero",
            "vendor/libreoffice-reference/include/sax/fastattribs.hxx#getAsIntegerByIndex",
            "vendor/libreoffice-reference/include/o3tl/string_view.hxx#toInt32",
            "vendor/libreoffice-reference/sal/rtl/strtmpl.hxx#HandleSignChar",
            "vendor/libreoffice-reference/sal/rtl/strtmpl.hxx#DivMod",
            "vendor/libreoffice-reference/sal/rtl/strtmpl.hxx#toInt",
            "vendor/libreoffice-reference/xmloff/source/text/XMLTextListItemContext.cxx#XMLTextListItemContext::XMLTextListItemContext"
          ],
          "justification": "Pinned xmloff import contexts own tokenized attributes and context dispatch; the SAX event engine now lives under sax. Broader XML import behavior remains unverified. Known-null child fallback now creates a concrete inert SvXMLImportContext; unknown-null fallback reuses the actual parent reference. Unknown start/end dispatch uses independent hooks, preventing premature list/style/URI publication through known end callbacks. The old list known-child ignore adapters are removed. Three compiled traces / 37 reference/event entries from unmodified pinned dispatch bodies verify nested parent reuse, inert subtrees, explicit unknown contexts and sibling continuation. Direct context and literal ODT font/property/table/style/list cases verify native unrelated-child ignoring and supported descendants inside unknown wrappers; explicit cell list/section/nested-table errors remain until those native features are implemented. Root severe-error timing, namespace rewind, token completeness, remaining ignore adapters and wider import contracts remain unverified; no whole-module promotion. Shared FastAttributeList.getAsInteger now owns the bounded decimal byte-view conversion formerly private to list-style import. Nullable absence adapts native getAsInteger bool/out-value; declaration consumers preserve absent defaults and index/start/display normalization. Ordinary item import accepts converted0..32767, ignores negative/out-of-range values and retains native zero on no digits/int32 overflow; headers never convert start. Signed zero is canonical integer0. Compiled unmodified rtl/o3tl integer bodies and exact native item range branch match115 conversions/170 real ordinary/header SAX contexts with platform/view/iterator adapters. Twenty-two literal start spellings in common/automatic numbered/bullet ODT packages verify text,count,levels,restarts,starts,counters,vectors,labels,independent rule/item copies,Worker16,conditional XML and reopen. Complete native scalar/radix/UTF16/token/container/UNO ownership and repeated-sublist restart remain separately unverified; the local FastAttributeList is still an xmloff adapter rather than a native sax-owned class. No whole-module parity promotion or registered save/open/recovery change.",
          "knownViolations": [],
          "localSymbols": [
            "FastAttributeList",
            "SvXMLImportContext",
            "parseOdfXmlStream"
          ],
          "sourceResponsibility": "unverified",
          "upstreamFile": "xmloff/source/core/xmlimp.cxx",
          "upstreamSymbols": [
            "SvXMLImport::processingInstruction",
            "SvXMLImport::startFastElement",
            "SvXMLImport::startUnknownElement",
            "SvXMLImport::endFastElement",
            "SvXMLImport::endUnknownElement"
          ]
        },
        "state": "active",
        "subsystem": "odf-filter",
        "suite": "shared",
        "exportedOperations": [
          "parseOdfXmlStream"
        ]
      },
      {
        "capabilityIds": [
          "CAP-0113",
          "CAP-0128"
        ],
        "classification": "upstream-mechanism",
        "path": "apps/office/src/xmloff/source/core/xmltoken.ts",
        "semantic": {
          "behaviorStatus": "unverified",
          "contractStatus": "unverified",
          "defaultStatus": "unverified",
          "divergenceClass": "none",
          "evidence": [
            "apps/office/src/xmloff/source/core/xmltoken.ts#getXMLToken",
            "vendor/libreoffice-reference/xmloff/source/core/xmltoken.cxx#GetXMLToken",
            "apps/office/src/xmloff/source/style/xmlnumi.test.ts#uses native MM100 grammar, failed-value retention and SHRT field bounds",
            "apps/office/src/xmloff/source/style/xmlnume.test.ts#emits label-alignment mode even for zero or default command geometry",
            "apps/office/src/sw/source/core/unocore/unosett.test.ts#uses native integer ratios in both directions and retains only present properties",
            "apps/office/src/sw/source/filter/xml/odt-list-label-alignment-roundtrip.test.ts#round-trips native MM100 defaults, parsing bounds and conditional list attributes",
            "apps/office/src/sw/source/filter/xml/odt-list-label-alignment-roundtrip.test.ts#exports the default Writer list geometry at every supported level",
            "apps/office/src/xmloff/source/core/xmluconv.test.ts#delegates native core measure export to the supported CM unit",
            "vendor/libreoffice-reference/xmloff/source/style/xmlnumi.cxx#SvxXMLListLevelStyleLabelAlignmentAttrContext_Impl::SvxXMLListLevelStyleLabelAlignmentAttrContext_Impl",
            "vendor/libreoffice-reference/xmloff/source/style/xmlnume.cxx#SvxXMLNumRuleExport::exportLevelStyle",
            "vendor/libreoffice-reference/sw/source/core/unocore/unosett.cxx#SwXNumberingRules::SetNumberingRuleByIndex",
            "vendor/libreoffice-reference/sw/source/core/unocore/unosett.cxx#GetPropertiesForNumFormat",
            "vendor/libreoffice-reference/xmloff/source/core/xmluconv.cxx#SvXMLUnitConverter::convertMeasureToXML",
            "vendor/libreoffice-reference/sax/source/tools/converter.cxx#void Converter::convertMeasure( OUStringBuffer&",
            "apps/office/src/sw/source/filter/xml/odt-list-continuation.test.ts#imports native root continuation and default IDs through common and automatic ODT cycles",
            "apps/office/src/xmloff/source/text/txtlists.test.ts#retains processed roots, first style defaults and independent paragraph identity projection",
            "apps/office/src/xmloff/source/text/txtlists.test.ts#generates native time date random IDs and tests collisions only against processed roots",
            "vendor/libreoffice-reference/xmloff/source/text/XMLTextListBlockContext.cxx#XMLTextListBlockContext::XMLTextListBlockContext",
            "vendor/libreoffice-reference/xmloff/source/text/txtlists.cxx#XMLTextListsHelper::KeepListAsProcessed",
            "vendor/libreoffice-reference/xmloff/source/text/txtlists.cxx#XMLTextListsHelper::GetListIdForListBlock",
            "vendor/libreoffice-reference/xmloff/source/text/txtlists.cxx#XMLTextListsHelper::GenerateNewListId",
            "vendor/libreoffice-reference/sw/source/core/unocore/unosett.cxx#pRule->GetDefaultListId()"
          ],
          "justification": "Mapped provenance remains semantically unverified against xmloff/source/core/xmltoken.cxx; recorded Phase 0 checks prevent path or symbol evidence from being treated as parity. For the existing LABEL_ALIGNMENT mode and LISTTAB/SPACE/NOTHING separators, source-owned xmlnumi parsing now retains zero defaults and MM100 fields with native Converter grammar/failure and SHRT bounds. The MM100 import port now carries both independent native geometry groups; the earlier legacy-to-alignment Twip emulation is removed. Writer numbering property conversion follows unosett.cxx signed MM100/Twip ratios; export projects native MM100 and delegates CM serialization to XML/SAX. ODF 1.3 XML emits explicit label-alignment mode and retains standard command geometry; indents are nonzero-only and tab position is exported only for LISTTAB with a positive value. Context/core assertions and eleven literal common/automatic ODT cases plus both default command marker families verify native quantization, conditional XML and manual reopen state. Full numbering/UNO, legacy position mode/property ownership, NEWLINE extensions, other XML units/versions, defaults and wider obligations remain unverified; no whole-module promotion. Source-owned XMLTextListsHelper replaces stream aliases and rule-counter IDs with processed root style/continuation records, last-root/per-style state, first-style DefaultListId mapping and native paragraph identity projection. Block contexts retain independent own/master IDs, inherit them at nested levels and accept identity attributes only at root. Exact true continue-numbering overrides pending restart at every level; modern root implicit continuation selects only the last matching raw style/different ID. Unknown targets clear, known chains resolve to the master and duplicate roots retain prior records. Writer exposes its existing SwNumRule.GetDefaultListId through the typed import bridge. Native time/date/random list IDs and processed collision suffixes use JS Date milliseconds and uniform31bit browser RNG adapters. Unmodified pinned block constructor/end/getters and processed/default/generator bodies match3082 actual context sequences/15392 raw/effective identity/restart/query states,including fixed RNG1/INT_MAX. Explicit ASCII/string/platform/raw-reference/typed-property/resolved-rule/modern-no-build-id/no-MSO/fixed-clock-RNG adapters;no full native/UNO/factory/legacy/MSO/stable-environment build or lifetime claim.112 genuine common/automatic Arabic/bullet package scenarios assert literal states,counters/vectors/labels,owned rules/items,Worker16,selected XML and independent native reopen projections. Existing source-stale literal identities now follow first-style default mapping. Complete export helper identity/style overrides,missing-rule factories,old build-id/MSO defaults,numbered-paragraph/full UNO/native ownership and deferred SwList insertion/validation architecture remain unverified. No whole-module/default promotion or registered save/open/recovery change.",
          "knownViolations": [],
          "localSymbols": [
            "ODF_NAMESPACES",
            "XMLToken",
            "getXMLToken"
          ],
          "sourceResponsibility": "unverified",
          "upstreamFile": "xmloff/source/core/xmltoken.cxx",
          "upstreamSymbols": [
            "XMLTokenEntry",
            "GetXMLToken"
          ]
        },
        "state": "active",
        "subsystem": "odf-filter",
        "suite": "shared",
        "exportedOperations": [
          "getXMLToken"
        ]
      },
      {
        "capabilityIds": [
          "CAP-0113",
          "CAP-0128"
        ],
        "classification": "upstream-mechanism",
        "path": "apps/office/src/xmloff/source/core/xmluconv.ts",
        "semantic": {
          "behaviorStatus": "unverified",
          "contractStatus": "unverified",
          "defaultStatus": "unverified",
          "divergenceClass": "none",
          "evidence": [
            "apps/office/src/xmloff/source/core/xmluconv.ts#importOdfLength",
            "vendor/libreoffice-reference/xmloff/source/core/xmluconv.cxx#SvXMLUnitConverter::convertMeasureToCore",
            "vendor/libreoffice-reference/include/xmloff/xmluconv.hxx#convertMeasureToCore",
            "apps/office/src/sw/source/filter/xml/odt-paragraph-indent-roundtrip.test.ts",
            "apps/office/src/sw/source/filter/xml/odt-line-numbering.test.ts",
            "apps/office/src/sw/source/filter/xml/odt-table-roundtrip.test.ts",
            "apps/office/src/sax/source/tools/converter.ts#Converter",
            "apps/office/src/sw/source/filter/xml/odt-property-roundtrip.test.ts#imports native MM100 tab measures and conversion failure through ODT",
            "apps/office/src/xmloff/source/core/xmluconv.test.ts#XML native core measure delegation",
            "apps/office/src/xmloff/source/style/xmlnumi.test.ts#uses native MM100 grammar, failed-value retention and SHRT field bounds",
            "apps/office/src/xmloff/source/style/xmlnume.test.ts#emits label-alignment mode even for zero or default command geometry",
            "apps/office/src/sw/source/core/unocore/unosett.test.ts#uses native integer ratios in both directions and retains only present properties",
            "apps/office/src/sw/source/filter/xml/odt-list-label-alignment-roundtrip.test.ts#round-trips native MM100 defaults, parsing bounds and conditional list attributes",
            "apps/office/src/sw/source/filter/xml/odt-list-label-alignment-roundtrip.test.ts#exports the default Writer list geometry at every supported level",
            "apps/office/src/xmloff/source/core/xmluconv.test.ts#delegates native core measure export to the supported CM unit",
            "vendor/libreoffice-reference/xmloff/source/style/xmlnumi.cxx#SvxXMLListLevelStyleLabelAlignmentAttrContext_Impl::SvxXMLListLevelStyleLabelAlignmentAttrContext_Impl",
            "vendor/libreoffice-reference/xmloff/source/style/xmlnume.cxx#SvxXMLNumRuleExport::exportLevelStyle",
            "vendor/libreoffice-reference/sw/source/core/unocore/unosett.cxx#SwXNumberingRules::SetNumberingRuleByIndex",
            "vendor/libreoffice-reference/sw/source/core/unocore/unosett.cxx#GetPropertiesForNumFormat",
            "vendor/libreoffice-reference/xmloff/source/core/xmluconv.cxx#SvXMLUnitConverter::convertMeasureToXML",
            "vendor/libreoffice-reference/sax/source/tools/converter.cxx#void Converter::convertMeasure( OUStringBuffer&"
          ],
          "justification": "SvXMLUnitConverter delegates configured Twip/MM100 conversion and nullable failure/default bounds to the SAX owner. Existing helper callers retain their unaudited strict syntax/error policy while their numeric conversion now delegates to SAX. Focused delegation and source-derived numeric evidence cover implemented targets; other APIs/configuration and caller failure policies remain unverified. For the existing LABEL_ALIGNMENT mode and LISTTAB/SPACE/NOTHING separators, source-owned xmlnumi parsing now retains zero defaults and MM100 fields with native Converter grammar/failure and SHRT bounds. The MM100 import port now carries both independent native geometry groups; the earlier legacy-to-alignment Twip emulation is removed. Writer numbering property conversion follows unosett.cxx signed MM100/Twip ratios; export projects native MM100 and delegates CM serialization to XML/SAX. ODF 1.3 XML emits explicit label-alignment mode and retains standard command geometry; indents are nonzero-only and tab position is exported only for LISTTAB with a positive value. Context/core assertions and eleven literal common/automatic ODT cases plus both default command marker families verify native quantization, conditional XML and manual reopen state. Full numbering/UNO, legacy position mode/property ownership, NEWLINE extensions, other XML units/versions, defaults and wider obligations remain unverified; no whole-module promotion.",
          "knownViolations": [],
          "localSymbols": [
            "importOdfLength",
            "SvXMLUnitConverter",
            "convertMeasureToXML"
          ],
          "sourceResponsibility": "aligned",
          "upstreamFile": "xmloff/source/core/xmluconv.cxx",
          "upstreamSymbols": [
            "SvXMLUnitConverter::convertMeasureToCore"
          ]
        },
        "state": "active",
        "subsystem": "odf-filter",
        "suite": "shared",
        "exportedOperations": [
          "importOdfLength"
        ]
      },
      {
        "capabilityIds": [
          "CAP-0113",
          "CAP-0129"
        ],
        "classification": "upstream-mechanism",
        "path": "apps/office/src/xmloff/source/style/XMLFontAutoStylePool.ts",
        "semantic": {
          "behaviorStatus": "unverified",
          "contractStatus": "unverified",
          "defaultStatus": "unverified",
          "divergenceClass": "none",
          "evidence": [
            "apps/office/src/xmloff/source/style/XMLFontAutoStylePool.ts#XMLFontAutoStylePool",
            "vendor/libreoffice-reference/xmloff/source/style/XMLFontAutoStylePool.cxx#XMLFontAutoStylePool::Add"
          ],
          "justification": "Mapped provenance remains semantically unverified against xmloff/source/style/XMLFontAutoStylePool.cxx; recorded Phase 0 checks prevent path or symbol evidence from being treated as parity.",
          "knownViolations": [],
          "localSymbols": [
            "XMLFontAutoStylePool"
          ],
          "sourceResponsibility": "unverified",
          "upstreamFile": "xmloff/source/style/XMLFontAutoStylePool.cxx",
          "upstreamSymbols": [
            "XMLFontAutoStylePool",
            "XMLFontAutoStylePool::Add",
            "XMLFontAutoStylePool::Find",
            "XMLFontAutoStylePool::exportXML"
          ]
        },
        "state": "active",
        "subsystem": "odf-filter",
        "suite": "shared",
        "exportedOperations": []
      },
      {
        "capabilityIds": [
          "CAP-0113",
          "CAP-0128"
        ],
        "classification": "upstream-mechanism",
        "path": "apps/office/src/xmloff/source/style/XMLFontStylesContext.ts",
        "semantic": {
          "behaviorStatus": "unverified",
          "contractStatus": "unverified",
          "defaultStatus": "unverified",
          "divergenceClass": "none",
          "evidence": [
            "apps/office/src/xmloff/source/style/XMLFontStylesContext.ts#XMLFontStylesContext",
            "vendor/libreoffice-reference/xmloff/source/style/XMLFontStylesContext.cxx#XMLFontStylesContext::CreateStyleChildContext"
          ],
          "justification": "Mapped provenance remains semantically unverified against xmloff/source/style/XMLFontStylesContext.cxx; recorded Phase 0 checks prevent path or symbol evidence from being treated as parity.",
          "knownViolations": [],
          "localSymbols": [
            "XMLFontStylesImportTarget",
            "XMLFontStylesContext"
          ],
          "sourceResponsibility": "unverified",
          "upstreamFile": "xmloff/source/style/XMLFontStylesContext.cxx",
          "upstreamSymbols": [
            "XMLFontStyleContextFontFace",
            "XMLFontStylesContext",
            "XMLFontStylesContext::CreateStyleChildContext",
            "XMLFontStylesContext::FillProperties"
          ]
        },
        "state": "active",
        "subsystem": "odf-filter",
        "suite": "shared",
        "exportedOperations": []
      },
      {
        "capabilityIds": [
          "CAP-0112"
        ],
        "classification": "upstream-mechanism",
        "path": "apps/office/src/xmloff/source/style/styleexp.ts",
        "semantic": {
          "behaviorStatus": "unverified",
          "contractStatus": "unverified",
          "defaultStatus": "unverified",
          "divergenceClass": "none",
          "evidence": [
            "apps/office/src/xmloff/source/style/styleexp.ts#exportParagraphStyleNumberingAttributes",
            "vendor/libreoffice-reference/xmloff/source/style/styleexp.cxx#XML_DEFAULT_OUTLINE_LEVEL",
            "apps/office/src/xmloff/source/style/styleexp.test.ts#exports direct positive and zero outline levels and explicit empty numbering styles"
          ],
          "justification": "Iteration37 admits the existing named paragraph list/outline items after source-owned heading level restoration. The xmloff helper emits direct positive outline levels,ODF1.3 empty zero values,explicit empty numbering and normal names while suppressing the reserved Outline rule. Writer emits referenced common numbering definitions through the existing level exporter so styles whose rules are absent from current body retain resolvable references. Named style parsing preserves supported outline values and list-style names. Existing assigned heading levels without numbering do not trigger the no-rule/list-level export diagnostic. Literal native attribute predicates and real ODT/Worker/reopen/undo tests cover this dependency slice;full XMLStyleExport inheritance fallback,UNO style machinery,style-name encoding,outline export,automatic/direct-outline properties and native lifetime/compatibility remain separately unverified. IO settings and Worker16/ODF1.3 remain unchanged.",
          "knownViolations": [],
          "localSymbols": [
            "exportParagraphStyleNumberingAttributes"
          ],
          "sourceResponsibility": "aligned",
          "upstreamFile": "xmloff/source/style/styleexp.cxx",
          "upstreamSymbols": [
            "XMLStyleExport",
            "XML_DEFAULT_OUTLINE_LEVEL",
            "XML_LIST_STYLE_NAME"
          ]
        },
        "state": "active",
        "subsystem": "writer-serialization",
        "suite": "shared",
        "exportedOperations": [
          "exportParagraphStyleNumberingAttributes"
        ]
      },
      {
        "capabilityIds": [
          "CAP-0113",
          "CAP-0129",
          "CAP-0138",
          "CAP-0139",
          "CAP-0140",
          "CAP-0141",
          "CAP-0143",
          "CAP-0144",
          "CAP-0145"
        ],
        "classification": "upstream-mechanism",
        "path": "apps/office/src/xmloff/source/style/xmlnume.ts",
        "semantic": {
          "behaviorStatus": "unverified",
          "contractStatus": "unverified",
          "defaultStatus": "unverified",
          "divergenceClass": "none",
          "evidence": [
            "apps/office/src/xmloff/source/style/xmlnume.ts#exportListLevelLayout",
            "apps/office/src/xmloff/source/text/txtparae.test.ts#retains the alignment mode and omits zero or unused measures",
            "vendor/libreoffice-reference/xmloff/source/style/xmlnume.cxx#SvxXMLNumRuleExport::exportLevelStyle",
            "apps/office/src/xmloff/source/style/xmlnumi.test.ts#uses native MM100 grammar, failed-value retention and SHRT field bounds",
            "apps/office/src/xmloff/source/style/xmlnume.test.ts#emits label-alignment mode even for zero or default command geometry",
            "apps/office/src/sw/source/core/unocore/unosett.test.ts#uses native integer ratios in both directions and retains only present properties",
            "apps/office/src/sw/source/filter/xml/odt-list-label-alignment-roundtrip.test.ts#round-trips native MM100 defaults, parsing bounds and conditional list attributes",
            "apps/office/src/sw/source/filter/xml/odt-list-label-alignment-roundtrip.test.ts#exports the default Writer list geometry at every supported level",
            "apps/office/src/xmloff/source/core/xmluconv.test.ts#delegates native core measure export to the supported CM unit",
            "vendor/libreoffice-reference/xmloff/source/style/xmlnumi.cxx#SvxXMLListLevelStyleLabelAlignmentAttrContext_Impl::SvxXMLListLevelStyleLabelAlignmentAttrContext_Impl",
            "vendor/libreoffice-reference/xmloff/source/style/xmlnume.cxx#SvxXMLNumRuleExport::exportLevelStyle",
            "vendor/libreoffice-reference/sw/source/core/unocore/unosett.cxx#SwXNumberingRules::SetNumberingRuleByIndex",
            "vendor/libreoffice-reference/sw/source/core/unocore/unosett.cxx#GetPropertiesForNumFormat",
            "vendor/libreoffice-reference/xmloff/source/core/xmluconv.cxx#SvXMLUnitConverter::convertMeasureToXML",
            "vendor/libreoffice-reference/sax/source/tools/converter.cxx#void Converter::convertMeasure( OUStringBuffer&",
            "apps/office/src/editeng/source/items/numitem.test.ts#initializes independent zero geometry in legacy mode",
            "apps/office/src/editeng/source/items/numitem.test.ts#switches native legacy getters without rewriting either geometry group",
            "apps/office/src/editeng/source/items/numitem.test.ts#retains native signed getter widths at integer boundaries",
            "apps/office/src/sw/source/filter/xml/odt-list-position-mode-roundtrip.test.ts#selects native mode independently of child geometry through common and automatic ODT cycles",
            "apps/office/src/sw/source/filter/xml/odt-list-position-mode-roundtrip.test.ts#retains pre-existing browser snapshots with absent inactive legacy fields",
            "apps/office/src/xmloff/source/style/xmlnume.test.ts#exports only the native legacy group with nonzero and positive attribute predicates",
            "vendor/libreoffice-reference/editeng/source/items/numitem.cxx#SvxNumberFormat::SvxNumberFormat",
            "vendor/libreoffice-reference/editeng/source/items/numitem.cxx#SvxNumberFormat::GetAbsLSpace",
            "vendor/libreoffice-reference/editeng/source/items/numitem.cxx#SvxNumberFormat::GetFirstLineOffset",
            "vendor/libreoffice-reference/editeng/source/items/numitem.cxx#SvxNumberFormat::GetCharTextDistance",
            "vendor/libreoffice-reference/editeng/source/items/numitem.cxx#SvxNumberFormat::SetPositionAndSpaceMode",
            "vendor/libreoffice-reference/xmloff/source/style/xmlnumi.cxx#SvxXMLListLevelStyleContext_Impl::SvxXMLListLevelStyleContext_Impl",
            "vendor/libreoffice-reference/xmloff/source/style/xmlnumi.cxx#SvxXMLListLevelStyleAttrContext_Impl::SvxXMLListLevelStyleAttrContext_Impl",
            "apps/office/src/sw/source/filter/xml/odt-list-marker-roundtrip.test.ts#preserves native marker parameters through common and automatic ODT cycles",
            "apps/office/src/sw/source/filter/xml/odt-list-marker-roundtrip.test.ts#retains native explicit pattern precedence and standard ODF 1.3 approximation",
            "apps/office/src/sw/source/filter/xml/odt-list-marker-roundtrip.test.ts#projects native signed UNO StartWith and omitted zero ParentNumbering on export",
            "apps/office/src/sw/source/core/unocore/unosett.test.ts#applies marker properties before ListFormat and ignores native out-of-range ParentNumbering",
            "apps/office/src/xmloff/source/style/xmlnume.ts#SvxXMLNumRuleExport",
            "vendor/libreoffice-reference/xmloff/source/style/xmlnumi.cxx#SvxXMLListLevelStyleContext_Impl::GetProperties"
          ],
          "justification": "Extracts the existing bounded list label-alignment serializer into the native numbering-export source owner, preserving its conditions, fallback values and XML attribute output. The paragraph exporter delegates its existing length converter explicitly. Pinned exportLevelStyle owns these attributes, but broader native zero suppression, label-followed-by conditions, units and defaults remain individually unverified; this extraction does not claim semantic parity. For the existing LABEL_ALIGNMENT mode and LISTTAB/SPACE/NOTHING separators, source-owned xmlnumi parsing now retains zero defaults and MM100 fields with native Converter grammar/failure and SHRT bounds. The MM100 import port now carries both independent native geometry groups; the earlier legacy-to-alignment Twip emulation is removed. Writer numbering property conversion follows unosett.cxx signed MM100/Twip ratios; export projects native MM100 and delegates CM serialization to XML/SAX. ODF 1.3 XML emits explicit label-alignment mode and retains standard command geometry; indents are nonzero-only and tab position is exported only for LISTTAB with a positive value. Context/core assertions and eleven literal common/automatic ODT cases plus both default command marker families verify native quantization, conditional XML and manual reopen state. Full numbering/UNO, legacy position mode/property ownership, NEWLINE extensions, other XML units/versions, defaults and wider obligations remain unverified; no whole-module promotion. Declared levels retain independent native legacy and alignment geometry with zero defaults; only exact label-alignment selects modern mode. SvxNumberFormat in editeng owns positional state, signed widths and mode-dependent getters; Writer inherits and copies all fields. xmlnumi owns level/property contexts and MM100 legacy parsing/assembly. Writer conversion precedes core application, and xmlnume emits the selected group with native signs and omission predicates. Thirteen literal common/automatic ODT cases verify mode spellings/absence, child presence, independent state, signed/bounded/partial/invalid legacy fields, exact XML and reopen. Clone and browser snapshots preserve inactive fields; primitive browser geometry selects the active group. Full line layout, numbering families, omitted-level construction, native UNO replacement failures (including signed SymbolTextDistance narrowing), extensions and wider contracts/defaults remain separately unverified. No whole-module promotion. ODF marker transport preserves raw affixes, native byte-int start/display normalization, ordered style/loext ListFormat aliases (including empty strings), generated available-level clamp and final UNO SetListFormat compatibility overwrite for existing Arabic/bullet levels. Standard ODF 1.3 export is owned by SvxXMLNumRuleExport and coherent per-level records, with nonempty affixes, signed StartWith narrowing and clamped display omission; raw patterns retain native standard-format approximation on reopen. Sixteen literal common/automatic cases plus signed start/zero parent projection verify state, visible labels, owned clones, Worker v16, selected XML and reopen. A bounded compiled oracle matches 144 declarations, 144 applied states and 144 export attribute sets from unmodified pinned excerpts. ASCII string shims, modern/no-build-id input, Arabic/bullet and standard ODF only; ancient OOo suffix correction depends on absent generator/build-id metadata APIs and remains unresolved. Full native build, wider numbering families/fonts/legal/outline/continuous/NONE/bitmap, extended output, complete list-style/UNO ownership and wider defaults/contracts remain unverified. No whole-module parity promotion or save/open/recovery policy change.",
          "knownViolations": [],
          "localSymbols": [
            "exportListLevelLayout",
            "XMLListLevelExport",
            "SvxXMLNumRuleExport"
          ],
          "sourceResponsibility": "unverified",
          "upstreamFile": "xmloff/source/style/xmlnume.cxx",
          "upstreamSymbols": [
            "SvxXMLNumRuleExport::exportLevelStyle"
          ]
        },
        "state": "active",
        "subsystem": "odf-filter",
        "suite": "shared",
        "exportedOperations": [
          "exportListLevelLayout"
        ]
      },
      {
        "capabilityIds": [
          "CAP-0113",
          "CAP-0128"
        ],
        "classification": "upstream-mechanism",
        "path": "apps/office/src/xmloff/source/style/xmlnumi.ts",
        "semantic": {
          "behaviorStatus": "unverified",
          "contractStatus": "unverified",
          "defaultStatus": "unverified",
          "divergenceClass": "none",
          "evidence": [
            "apps/office/src/xmloff/source/style/xmlnumi.test.ts#uses native MM100 grammar, failed-value retention and SHRT field bounds",
            "apps/office/src/xmloff/source/style/xmlnume.test.ts#emits label-alignment mode even for zero or default command geometry",
            "apps/office/src/sw/source/core/unocore/unosett.test.ts#uses native integer ratios in both directions and retains only present properties",
            "apps/office/src/sw/source/filter/xml/odt-list-label-alignment-roundtrip.test.ts#round-trips native MM100 defaults, parsing bounds and conditional list attributes",
            "apps/office/src/sw/source/filter/xml/odt-list-label-alignment-roundtrip.test.ts#exports the default Writer list geometry at every supported level",
            "apps/office/src/xmloff/source/core/xmluconv.test.ts#delegates native core measure export to the supported CM unit",
            "vendor/libreoffice-reference/xmloff/source/style/xmlnumi.cxx#SvxXMLListLevelStyleLabelAlignmentAttrContext_Impl::SvxXMLListLevelStyleLabelAlignmentAttrContext_Impl",
            "vendor/libreoffice-reference/xmloff/source/style/xmlnume.cxx#SvxXMLNumRuleExport::exportLevelStyle",
            "vendor/libreoffice-reference/sw/source/core/unocore/unosett.cxx#SwXNumberingRules::SetNumberingRuleByIndex",
            "vendor/libreoffice-reference/sw/source/core/unocore/unosett.cxx#GetPropertiesForNumFormat",
            "vendor/libreoffice-reference/xmloff/source/core/xmluconv.cxx#SvXMLUnitConverter::convertMeasureToXML",
            "vendor/libreoffice-reference/sax/source/tools/converter.cxx#void Converter::convertMeasure( OUStringBuffer&",
            "apps/office/src/editeng/source/items/numitem.test.ts#initializes independent zero geometry in legacy mode",
            "apps/office/src/editeng/source/items/numitem.test.ts#switches native legacy getters without rewriting either geometry group",
            "apps/office/src/editeng/source/items/numitem.test.ts#retains native signed getter widths at integer boundaries",
            "apps/office/src/sw/source/filter/xml/odt-list-position-mode-roundtrip.test.ts#selects native mode independently of child geometry through common and automatic ODT cycles",
            "apps/office/src/sw/source/filter/xml/odt-list-position-mode-roundtrip.test.ts#retains pre-existing browser snapshots with absent inactive legacy fields",
            "apps/office/src/xmloff/source/style/xmlnume.test.ts#exports only the native legacy group with nonzero and positive attribute predicates",
            "vendor/libreoffice-reference/editeng/source/items/numitem.cxx#SvxNumberFormat::SvxNumberFormat",
            "vendor/libreoffice-reference/editeng/source/items/numitem.cxx#SvxNumberFormat::GetAbsLSpace",
            "vendor/libreoffice-reference/editeng/source/items/numitem.cxx#SvxNumberFormat::GetFirstLineOffset",
            "vendor/libreoffice-reference/editeng/source/items/numitem.cxx#SvxNumberFormat::GetCharTextDistance",
            "vendor/libreoffice-reference/editeng/source/items/numitem.cxx#SvxNumberFormat::SetPositionAndSpaceMode",
            "vendor/libreoffice-reference/xmloff/source/style/xmlnumi.cxx#SvxXMLListLevelStyleContext_Impl::SvxXMLListLevelStyleContext_Impl",
            "vendor/libreoffice-reference/xmloff/source/style/xmlnumi.cxx#SvxXMLListLevelStyleAttrContext_Impl::SvxXMLListLevelStyleAttrContext_Impl",
            "apps/office/src/xmloff/source/style/xmlnumi.test.ts#retains native optional declaration defaults and byte-string integer indices",
            "apps/office/src/xmloff/source/style/xmlnumi.test.ts#owns source-created leaf references and reads them only at list publication",
            "apps/office/src/sw/source/filter/xml/odt-list-declaration-defaults.test.ts#retains native declaration defaults and skips invalid indices before reading properties",
            "vendor/libreoffice-reference/include/o3tl/string_view.hxx#inline sal_Int32 toInt32(std::string_view",
            "vendor/libreoffice-reference/sal/rtl/strtmpl.hxx#template <typename T, class S> T toInt",
            "vendor/libreoffice-reference/xmloff/source/style/xmlnumi.cxx#SvxXMLListStyleContext::createFastChildContext",
            "vendor/libreoffice-reference/xmloff/source/style/xmlnumi.cxx#SvxXMLListLevelStyleContext_Impl::GetProperties",
            "apps/office/src/xmloff/source/core/xmlimp.test.ts#matches native inert known children and reused unknown parent event traces",
            "apps/office/src/xmloff/source/core/xmlimp.test.ts#delivers unknown callbacks to explicit contexts and supported unknown roots",
            "apps/office/src/sw/source/filter/xml/odt-list-declaration-defaults.test.ts#retains native declaration defaults and skips invalid indices before reading properties",
            "vendor/libreoffice-reference/xmloff/source/core/xmlimp.cxx#SvXMLImport::startFastElement",
            "vendor/libreoffice-reference/xmloff/source/core/xmlimp.cxx#SvXMLImport::startUnknownElement",
            "vendor/libreoffice-reference/xmloff/source/core/xmlictxt.cxx#SvXMLImportContext::startUnknownElement",
            "apps/office/src/sw/source/filter/xml/odt-list-marker-roundtrip.test.ts#preserves native marker parameters through common and automatic ODT cycles",
            "apps/office/src/sw/source/filter/xml/odt-list-marker-roundtrip.test.ts#retains native explicit pattern precedence and standard ODF 1.3 approximation",
            "apps/office/src/sw/source/filter/xml/odt-list-marker-roundtrip.test.ts#projects native signed UNO StartWith and omitted zero ParentNumbering on export",
            "apps/office/src/sw/source/core/unocore/unosett.test.ts#applies marker properties before ListFormat and ignores native out-of-range ParentNumbering",
            "apps/office/src/xmloff/source/style/xmlnume.ts#SvxXMLNumRuleExport",
            "apps/office/src/sw/source/filter/xml/odt-list-start-normalization.test.ts#normalizes native ordinary starts and ignores header starts across document boundaries",
            "apps/office/src/xmloff/source/core/xmlimp.test.ts#converts native decimal byte-view attributes with distinct absence and zero",
            "vendor/libreoffice-reference/include/sax/fastattribs.hxx#getAsIntegerByIndex",
            "vendor/libreoffice-reference/include/o3tl/string_view.hxx#toInt32",
            "vendor/libreoffice-reference/sal/rtl/strtmpl.hxx#HandleSignChar",
            "vendor/libreoffice-reference/sal/rtl/strtmpl.hxx#DivMod",
            "vendor/libreoffice-reference/sal/rtl/strtmpl.hxx#toInt",
            "vendor/libreoffice-reference/xmloff/source/text/XMLTextListItemContext.cxx#XMLTextListItemContext::XMLTextListItemContext"
          ],
          "justification": "For the existing LABEL_ALIGNMENT mode and LISTTAB/SPACE/NOTHING separators, source-owned xmlnumi parsing now retains zero defaults and MM100 fields with native Converter grammar/failure and SHRT bounds. The MM100 import port now carries both independent native geometry groups; the earlier legacy-to-alignment Twip emulation is removed. Writer numbering property conversion follows unosett.cxx signed MM100/Twip ratios; export projects native MM100 and delegates CM serialization to XML/SAX. ODF 1.3 XML emits explicit label-alignment mode and retains standard command geometry; indents are nonzero-only and tab position is exported only for LISTTAB with a positive value. Context/core assertions and eleven literal common/automatic ODT cases plus both default command marker families verify native quantization, conditional XML and manual reopen state. Full numbering/UNO, legacy position mode/property ownership, NEWLINE extensions, other XML units/versions, defaults and wider obligations remain unverified; no whole-module promotion. Declared levels retain independent native legacy and alignment geometry with zero defaults; only exact label-alignment selects modern mode. SvxNumberFormat in editeng owns positional state, signed widths and mode-dependent getters; Writer inherits and copies all fields. xmlnumi owns level/property contexts and MM100 legacy parsing/assembly. Writer conversion precedes core application, and xmlnume emits the selected group with native signs and omission predicates. Thirteen literal common/automatic ODT cases verify mode spellings/absence, child presence, independent state, signed/bounded/partial/invalid legacy fields, exact XML and reopen. Clone and browser snapshots preserve inactive fields; primitive browser geometry selects the active group. Full line layout, numbering families, omitted-level construction, native UNO replacement failures (including signed SymbolTextDistance narrowing), extensions and wider contracts/defaults remain separately unverified. No whole-module promotion. The supported list-style and declaration contexts now belong to xmlnumi. SvxXMLListStyleContext retains source-created leaf references and reads GetLevel/GetProperties at publication; levels missing their index or outside native capacity are skipped before properties are read. Optional Arabic format defaults to 1 and absent/empty bullet chars preserve the zero marker port. Present indices follow native byte-string decimal toInt32 prefix/sign/control-whitespace and overflow-to-zero semantics; nonpositive values normalize to level zero. Unrelated list child subtrees are ignored, with an explicit ignore-context adaptation for the current strict known-token SAX dispatcher; native image numbering and unsupported numeric families remain explicit errors. Direct native-context ownership/default assertions and literal common/automatic ODT/copy/snapshot/export/reopen cases cover this bounded correction. Wider marker prefix/suffix/start/display-level/font/graphics contracts, native UNO property breadth, global null dispatch and full list/style ownership remain unverified; no whole-module promotion. Known-null child fallback now creates a concrete inert SvXMLImportContext; unknown-null fallback reuses the actual parent reference. Unknown start/end dispatch uses independent hooks, preventing premature list/style/URI publication through known end callbacks. The old list known-child ignore adapters are removed. Three compiled traces / 37 reference/event entries from unmodified pinned dispatch bodies verify nested parent reuse, inert subtrees, explicit unknown contexts and sibling continuation. Direct context and literal ODT font/property/table/style/list cases verify native unrelated-child ignoring and supported descendants inside unknown wrappers; explicit cell list/section/nested-table errors remain until those native features are implemented. Root severe-error timing, namespace rewind, token completeness, remaining ignore adapters and wider import contracts remain unverified; no whole-module promotion. ODF marker transport preserves raw affixes, native byte-int start/display normalization, ordered style/loext ListFormat aliases (including empty strings), generated available-level clamp and final UNO SetListFormat compatibility overwrite for existing Arabic/bullet levels. Standard ODF 1.3 export is owned by SvxXMLNumRuleExport and coherent per-level records, with nonempty affixes, signed StartWith narrowing and clamped display omission; raw patterns retain native standard-format approximation on reopen. Sixteen literal common/automatic cases plus signed start/zero parent projection verify state, visible labels, owned clones, Worker v16, selected XML and reopen. A bounded compiled oracle matches 144 declarations, 144 applied states and 144 export attribute sets from unmodified pinned excerpts. ASCII string shims, modern/no-build-id input, Arabic/bullet and standard ODF only; ancient OOo suffix correction depends on absent generator/build-id metadata APIs and remains unresolved. Full native build, wider numbering families/fonts/legal/outline/continuous/NONE/bitmap, extended output, complete list-style/UNO ownership and wider defaults/contracts remain unverified. No whole-module parity promotion or save/open/recovery policy change. Shared FastAttributeList.getAsInteger now owns the bounded decimal byte-view conversion formerly private to list-style import. Nullable absence adapts native getAsInteger bool/out-value; declaration consumers preserve absent defaults and index/start/display normalization. Ordinary item import accepts converted0..32767, ignores negative/out-of-range values and retains native zero on no digits/int32 overflow; headers never convert start. Signed zero is canonical integer0. Compiled unmodified rtl/o3tl integer bodies and exact native item range branch match115 conversions/170 real ordinary/header SAX contexts with platform/view/iterator adapters. Twenty-two literal start spellings in common/automatic numbered/bullet ODT packages verify text,count,levels,restarts,starts,counters,vectors,labels,independent rule/item copies,Worker16,conditional XML and reopen. Complete native scalar/radix/UTF16/token/container/UNO ownership and repeated-sublist restart remain separately unverified; the local FastAttributeList is still an xmloff adapter rather than a native sax-owned class. No whole-module parity promotion or registered save/open/recovery change.",
          "knownViolations": [],
          "localSymbols": [
            "SvxXMLListLevelStyleLabelAlignmentAttrContext_Impl",
            "SvxXMLListLevelStyleContext_Impl",
            "SvxXMLListLevelStyleAttrContext_Impl",
            "SvxXMLListStyleContext"
          ],
          "sourceResponsibility": "unverified",
          "upstreamFile": "xmloff/source/style/xmlnumi.cxx",
          "upstreamSymbols": [
            "SvxXMLListLevelStyleLabelAlignmentAttrContext_Impl::SvxXMLListLevelStyleLabelAlignmentAttrContext_Impl",
            "SvxXMLListLevelStyleContext_Impl::SvxXMLListLevelStyleContext_Impl",
            "SvxXMLListLevelStyleAttrContext_Impl::SvxXMLListLevelStyleAttrContext_Impl",
            "SvxXMLListStyleContext::SvxXMLListStyleContext",
            "SvxXMLListStyleContext::createFastChildContext",
            "SvxXMLListLevelStyleContext_Impl::GetProperties"
          ]
        },
        "state": "active",
        "subsystem": "odf-filter",
        "suite": "shared",
        "exportedOperations": []
      },
      {
        "capabilityIds": [
          "CAP-0113",
          "CAP-0128"
        ],
        "classification": "upstream-mechanism",
        "path": "apps/office/src/xmloff/source/style/xmlstyle.ts",
        "semantic": {
          "behaviorStatus": "unverified",
          "contractStatus": "unverified",
          "defaultStatus": "unverified",
          "divergenceClass": "none",
          "evidence": [
            "apps/office/src/xmloff/source/style/xmlstyle.ts#XMLStylesContext",
            "vendor/libreoffice-reference/xmloff/source/style/xmlstyle.cxx#SvXMLStylesContext::createFastChildContext",
            "vendor/libreoffice-reference/xmloff/source/text/txtprmap.cxx#CTF_PARALEFTMARGIN",
            "vendor/libreoffice-reference/xmloff/source/text/txtprmap.cxx#CTF_PARARIGHTMARGIN",
            "apps/office/src/sw/source/filter/xml/odt-paragraph-indent-roundtrip.test.ts#round-trips signed paragraph side margins without changing page margins",
            "apps/office/src/xmloff/source/style/xmlstyle.test.ts#retains the created leaf reference in its own family and container",
            "apps/office/src/sw/source/filter/xml/odt-style-container-roundtrip.test.ts#applies automatic styles directly and resolves every parent only in common styles",
            "apps/office/src/sw/source/filter/xml/odt-style-container-roundtrip.test.ts#replaces the active automatic context while retaining independent common styles",
            "apps/office/src/sw/source/filter/xml/odt-layout-parity.test.ts#preserves tdf114287 exact print bounds across ODT export",
            "vendor/libreoffice-reference/sw/source/filter/xml/xmlfmt.cxx#SwXMLImport::CreateStylesContext",
            "vendor/libreoffice-reference/xmloff/source/core/xmlimp.cxx#SvXMLImport::SetAutoStyles",
            "vendor/libreoffice-reference/xmloff/source/text/txtimp.cxx#XMLTextImportHelper::SetStyleAndAttrs",
            "apps/office/src/xmloff/source/style/xmlnumi.test.ts#uses native MM100 grammar, failed-value retention and SHRT field bounds",
            "apps/office/src/xmloff/source/style/xmlnume.test.ts#emits label-alignment mode even for zero or default command geometry",
            "apps/office/src/sw/source/core/unocore/unosett.test.ts#uses native integer ratios in both directions and retains only present properties",
            "apps/office/src/sw/source/filter/xml/odt-list-label-alignment-roundtrip.test.ts#round-trips native MM100 defaults, parsing bounds and conditional list attributes",
            "apps/office/src/sw/source/filter/xml/odt-list-label-alignment-roundtrip.test.ts#exports the default Writer list geometry at every supported level",
            "apps/office/src/xmloff/source/core/xmluconv.test.ts#delegates native core measure export to the supported CM unit",
            "vendor/libreoffice-reference/xmloff/source/style/xmlnumi.cxx#SvxXMLListLevelStyleLabelAlignmentAttrContext_Impl::SvxXMLListLevelStyleLabelAlignmentAttrContext_Impl",
            "vendor/libreoffice-reference/xmloff/source/style/xmlnume.cxx#SvxXMLNumRuleExport::exportLevelStyle",
            "vendor/libreoffice-reference/sw/source/core/unocore/unosett.cxx#SwXNumberingRules::SetNumberingRuleByIndex",
            "vendor/libreoffice-reference/sw/source/core/unocore/unosett.cxx#GetPropertiesForNumFormat",
            "vendor/libreoffice-reference/xmloff/source/core/xmluconv.cxx#SvXMLUnitConverter::convertMeasureToXML",
            "vendor/libreoffice-reference/sax/source/tools/converter.cxx#void Converter::convertMeasure( OUStringBuffer&",
            "apps/office/src/editeng/source/items/numitem.test.ts#initializes independent zero geometry in legacy mode",
            "apps/office/src/editeng/source/items/numitem.test.ts#switches native legacy getters without rewriting either geometry group",
            "apps/office/src/editeng/source/items/numitem.test.ts#retains native signed getter widths at integer boundaries",
            "apps/office/src/sw/source/filter/xml/odt-list-position-mode-roundtrip.test.ts#selects native mode independently of child geometry through common and automatic ODT cycles",
            "apps/office/src/sw/source/filter/xml/odt-list-position-mode-roundtrip.test.ts#retains pre-existing browser snapshots with absent inactive legacy fields",
            "apps/office/src/xmloff/source/style/xmlnume.test.ts#exports only the native legacy group with nonzero and positive attribute predicates",
            "vendor/libreoffice-reference/editeng/source/items/numitem.cxx#SvxNumberFormat::SvxNumberFormat",
            "vendor/libreoffice-reference/editeng/source/items/numitem.cxx#SvxNumberFormat::GetAbsLSpace",
            "vendor/libreoffice-reference/editeng/source/items/numitem.cxx#SvxNumberFormat::GetFirstLineOffset",
            "vendor/libreoffice-reference/editeng/source/items/numitem.cxx#SvxNumberFormat::GetCharTextDistance",
            "vendor/libreoffice-reference/editeng/source/items/numitem.cxx#SvxNumberFormat::SetPositionAndSpaceMode",
            "vendor/libreoffice-reference/xmloff/source/style/xmlnumi.cxx#SvxXMLListLevelStyleContext_Impl::SvxXMLListLevelStyleContext_Impl",
            "vendor/libreoffice-reference/xmloff/source/style/xmlnumi.cxx#SvxXMLListLevelStyleAttrContext_Impl::SvxXMLListLevelStyleAttrContext_Impl",
            "apps/office/src/sw/source/core/doc/number.test.ts#constructs modern Writer base levels and copies only a successful replacement",
            "apps/office/src/sw/source/core/unocore/unosett.test.ts#validates the native numbering properties before committing one complete level",
            "apps/office/src/sw/source/filter/xml/odt-list-rule-application.test.ts#applies list declarations in source order and stops at native property rejection",
            "apps/office/src/sw/source/filter/xml/odt-list-rule-application.test.ts#retains the native accepted distance boundary and its subsequent export rejection",
            "vendor/libreoffice-reference/xmloff/source/style/xmlnumi.cxx#SvxXMLListStyleContext::FillUnoNumRule",
            "vendor/libreoffice-reference/sw/source/core/doc/number.cxx#SwNumRule::SwNumRule",
            "vendor/libreoffice-reference/sw/source/uibase/app/docstyle.cxx#SwDocStyleSheet::FillStyleSheet",
            "apps/office/src/xmloff/source/style/xmlnumi.test.ts#retains native optional declaration defaults and byte-string integer indices",
            "apps/office/src/xmloff/source/style/xmlnumi.test.ts#owns source-created leaf references and reads them only at list publication",
            "apps/office/src/sw/source/filter/xml/odt-list-declaration-defaults.test.ts#retains native declaration defaults and skips invalid indices before reading properties",
            "vendor/libreoffice-reference/include/o3tl/string_view.hxx#inline sal_Int32 toInt32(std::string_view",
            "vendor/libreoffice-reference/sal/rtl/strtmpl.hxx#template <typename T, class S> T toInt",
            "vendor/libreoffice-reference/xmloff/source/style/xmlnumi.cxx#SvxXMLListStyleContext::createFastChildContext",
            "vendor/libreoffice-reference/xmloff/source/style/xmlnumi.cxx#SvxXMLListLevelStyleContext_Impl::GetProperties",
            "apps/office/src/xmloff/source/core/xmlimp.test.ts#matches native inert known children and reused unknown parent event traces",
            "apps/office/src/xmloff/source/core/xmlimp.test.ts#delivers unknown callbacks to explicit contexts and supported unknown roots",
            "apps/office/src/sw/source/filter/xml/odt-list-declaration-defaults.test.ts#retains native declaration defaults and skips invalid indices before reading properties",
            "vendor/libreoffice-reference/xmloff/source/core/xmlimp.cxx#SvXMLImport::startFastElement",
            "vendor/libreoffice-reference/xmloff/source/core/xmlimp.cxx#SvXMLImport::startUnknownElement",
            "vendor/libreoffice-reference/xmloff/source/core/xmlictxt.cxx#SvXMLImportContext::startUnknownElement",
            "apps/office/src/xmloff/source/style/styleexp.test.ts#exports direct positive and zero outline levels and explicit empty numbering styles",
            "apps/office/src/sw/source/filter/xml/odt-text-collection-numbering.test.ts#uses the newly selected rule in genuine ODT and preserves style attributes through Worker transfer",
            "vendor/libreoffice-reference/xmloff/source/text/txtstyli.cxx#XMLTextStyleContext::SetAttribute"
          ],
          "justification": "Mapped provenance remains semantically unverified against xmloff/source/style/xmlstyle.cxx; recorded Phase 0 checks prevent path or symbol evidence from being treated as parity. Signed fo:margin-left/right paragraph measures now follow the pinned text property mappings, with ODT import/export assertions; the remaining style import operations are still unverified. XMLStylesContext retains style leaf references per container; Writer retains independent common and active automatic references and replaces the automatic context when a new container is encountered. Direct lookup checks the active automatic family/name first; automatic and common parents resolve only through common definitions. Found automatic deltas survive missing parents; missing paragraph references keep the default paragraph. Context ownership assertions and fifteen literal real ODT cases verify legal common/automatic collisions, same-name parents, independent families, named-only chains, empty/missing parents, stream replacement and common-only default publication through export/reimport. The previously source-invalid automatic-parent list export chain now puts its inherited base in common styles; exact pinned tdf114287 geometry remains unchanged across package cycles. This export bridge and broader named document-model ownership still require separate architecture audit; no whole-module parity promotion. For the existing LABEL_ALIGNMENT mode and LISTTAB/SPACE/NOTHING separators, source-owned xmlnumi parsing now retains zero defaults and MM100 fields with native Converter grammar/failure and SHRT bounds. The MM100 import port now carries both independent native geometry groups; the earlier legacy-to-alignment Twip emulation is removed. Writer numbering property conversion follows unosett.cxx signed MM100/Twip ratios; export projects native MM100 and delegates CM serialization to XML/SAX. ODF 1.3 XML emits explicit label-alignment mode and retains standard command geometry; indents are nonzero-only and tab position is exported only for LISTTAB with a positive value. Context/core assertions and eleven literal common/automatic ODT cases plus both default command marker families verify native quantization, conditional XML and manual reopen state. Full numbering/UNO, legacy position mode/property ownership, NEWLINE extensions, other XML units/versions, defaults and wider obligations remain unverified; no whole-module promotion. Declared levels retain independent native legacy and alignment geometry with zero defaults; only exact label-alignment selects modern mode. SvxNumberFormat in editeng owns positional state, signed widths and mode-dependent getters; Writer inherits and copies all fields. xmlnumi owns level/property contexts and MM100 legacy parsing/assembly. Writer conversion precedes core application, and xmlnume emits the selected group with native signs and omission predicates. Thirteen literal common/automatic ODT cases verify mode spellings/absence, child presence, independent state, signed/bounded/partial/invalid legacy fields, exact XML and reopen. Clone and browser snapshots preserve inactive fields; primitive browser geometry selects the active group. Full line layout, numbering families, extensions and wider contracts/defaults remain separately unverified. No whole-module promotion. Source-ordered XML declarations now replace complete levels on a native modern Arabic base rule; omitted and empty rules retain base defaults, duplicates apply in order, and a rejected SymbolTextDistance stops later replacements while preserving prior levels. Writer owns the copy/validate/Set boundary. A bounded extracted C++ probe compares 17 ordered cases / 170 complete level states; real common/automatic ODT tests cover empty/omitted/repeated levels, independent position modes, signed distance failure, clone and browser snapshot retention, marker projections and export/reopen. Accepted MM100 distance 32767 quantizes to 32768 on export and is rejected on reopen as in the pinned sources. Full UNO ownership, outline/legacy base factories, continuous numbering, numbering families/fonts/extensions, full formatter behavior remain separate unverified obligations; no whole-module promotion. The supported list-style and declaration contexts now belong to xmlnumi. SvxXMLListStyleContext retains source-created leaf references and reads GetLevel/GetProperties at publication; levels missing their index or outside native capacity are skipped before properties are read. Optional Arabic format defaults to 1 and absent/empty bullet chars preserve the zero marker port. Present indices follow native byte-string decimal toInt32 prefix/sign/control-whitespace and overflow-to-zero semantics; nonpositive values normalize to level zero. Unrelated list child subtrees are ignored, with an explicit ignore-context adaptation for the current strict known-token SAX dispatcher; native image numbering and unsupported numeric families remain explicit errors. Direct native-context ownership/default assertions and literal common/automatic ODT/copy/snapshot/export/reopen cases cover this bounded correction. Wider marker prefix/suffix/start/display-level/font/graphics contracts, native UNO property breadth, global null dispatch and full list/style ownership remain unverified; no whole-module promotion. Known-null child fallback now creates a concrete inert SvXMLImportContext; unknown-null fallback reuses the actual parent reference. Unknown start/end dispatch uses independent hooks, preventing premature list/style/URI publication through known end callbacks. The old list known-child ignore adapters are removed. Three compiled traces / 37 reference/event entries from unmodified pinned dispatch bodies verify nested parent reuse, inert subtrees, explicit unknown contexts and sibling continuation. Direct context and literal ODT font/property/table/style/list cases verify native unrelated-child ignoring and supported descendants inside unknown wrappers; explicit cell list/section/nested-table errors remain until those native features are implemented. Root severe-error timing, namespace rewind, token completeness, remaining ignore adapters and wider import contracts remain unverified; no whole-module promotion. Iteration37 admits the existing named paragraph list/outline items after source-owned heading level restoration. The xmloff helper emits direct positive outline levels,ODF1.3 empty zero values,explicit empty numbering and normal names while suppressing the reserved Outline rule. Writer emits referenced common numbering definitions through the existing level exporter so styles whose rules are absent from current body retain resolvable references. Named style parsing preserves supported outline values and list-style names. Existing assigned heading levels without numbering do not trigger the no-rule/list-level export diagnostic. Literal native attribute predicates and real ODT/Worker/reopen/undo tests cover this dependency slice;full XMLStyleExport inheritance fallback,UNO style machinery,style-name encoding,outline export,automatic/direct-outline properties and native lifetime/compatibility remain separately unverified. IO settings and Worker16/ODF1.3 remain unchanged.",
          "knownViolations": [],
          "localSymbols": [
            "XMLStyleImportTarget",
            "XMLStylesContext"
          ],
          "sourceResponsibility": "unverified",
          "upstreamFile": "xmloff/source/style/xmlstyle.cxx",
          "upstreamSymbols": [
            "SvXMLStylesContext",
            "SvXMLStylesContext::createFastChildContext"
          ]
        },
        "state": "active",
        "subsystem": "odf-filter",
        "suite": "shared",
        "exportedOperations": []
      },
      {
        "capabilityIds": [
          "CAP-0113",
          "CAP-0128"
        ],
        "classification": "upstream-mechanism",
        "path": "apps/office/src/xmloff/source/style/xmltabi.ts",
        "semantic": {
          "behaviorStatus": "unverified",
          "contractStatus": "unverified",
          "defaultStatus": "unverified",
          "divergenceClass": "none",
          "evidence": [
            "apps/office/src/xmloff/source/style/xmltabi.ts#SvxXMLTabStopImportContext",
            "apps/office/src/sw/source/filter/xml/odt-property-roundtrip.test.ts#Writer ODT mapped pooled properties",
            "vendor/libreoffice-reference/xmloff/source/style/xmltabi.cxx#case XML_ELEMENT(STYLE, XML_POSITION)",
            "vendor/libreoffice-reference/include/xmloff/xmluconv.hxx#sal_Int32 nMin = SAL_MIN_INT32",
            "apps/office/src/sw/source/filter/xml/odt-property-roundtrip.test.ts#imports and round-trips signed tab positions in paragraph and inherited style properties",
            "vendor/libreoffice-reference/xmloff/source/style/xmltabi.cxx#SvxXMLTabStopImportContext::endFastElement",
            "apps/office/src/sw/source/filter/xml/odt-property-roundtrip.test.ts#selects Default tab entries in XML source order before canonical sorting",
            "apps/office/src/sw/source/filter/xml/odt-property-roundtrip.test.ts#imports native tab position and alignment defaults through direct and inherited ODT styles",
            "vendor/libreoffice-reference/xmloff/source/style/xmltabi.cxx#aTabStop.Position = 0;",
            "apps/office/src/sax/source/tools/converter.ts#Converter",
            "apps/office/src/sw/source/filter/xml/odt-property-roundtrip.test.ts#imports native MM100 tab measures and conversion failure through ODT",
            "apps/office/src/xmloff/source/style/xmltabi.ts#SvxXMLTabStopContext_Impl",
            "vendor/libreoffice-reference/xmloff/source/style/xmltabi.cxx#const style::TabStop& getTabStop() const",
            "apps/office/src/sw/source/filter/xml/odt-property-roundtrip.test.ts#keeps tab leaf values independent from ignored descendant subtrees",
            "vendor/libreoffice-reference/xmloff/source/core/xmlictxt.cxx#SvXMLImportContext::createFastChildContext",
            "vendor/libreoffice-reference/sax/source/fastparser/fastparser.cxx#if( !pParentContext )"
          ],
          "justification": "Native per-tab SvxXMLTabStopContext_Impl now owns construction/parsing and the MM100 tab value; the parent stores and returns leaf context references and selects through getTabStop. AST comparison proves moved parsing/value initialization and Default-selection predicates unchanged. Existing native measure/default/sequence assertions and a real direct/inherited ODT case cover ignored known/unknown descendant subtrees without changing tab fields, siblings or document text. The current ignore-context base adapts native SAX null-subtree skipping to the existing bounded dispatcher. Global null-context dispatch, exact base-class plumbing, full UNO/property-state and other native contracts remain unverified; this is no whole-module parity claim or registered intentional deviation.",
          "knownViolations": [],
          "localSymbols": [
            "XMLTabStop",
            "SvxXMLTabStopImportContext",
            "SvxXMLTabStopContext_Impl"
          ],
          "sourceResponsibility": "aligned",
          "upstreamFile": "xmloff/source/style/xmltabi.cxx",
          "upstreamSymbols": [
            "SvxXMLTabStopImportContext",
            "SvxXMLTabStopImportContext::createFastChildContext",
            "SvxXMLTabStopImportContext::endFastElement",
            "SvxXMLTabStopContext_Impl"
          ]
        },
        "state": "active",
        "subsystem": "odf-filter",
        "suite": "shared",
        "exportedOperations": []
      },
      {
        "capabilityIds": [
          "CAP-0113",
          "CAP-0129"
        ],
        "classification": "upstream-mechanism",
        "path": "apps/office/src/xmloff/source/table/XMLTableExport.ts",
        "semantic": {
          "behaviorStatus": "unverified",
          "contractStatus": "unverified",
          "defaultStatus": "unverified",
          "divergenceClass": "none",
          "evidence": [
            "apps/office/src/xmloff/source/table/XMLTableExport.ts#XMLTableExportSource",
            "vendor/libreoffice-reference/xmloff/source/table/XMLTableExport.cxx#XMLTableExport::exportTable"
          ],
          "justification": "Emits bounded table automatic styles and ordered table body XML from canonical Writer blocks.",
          "knownViolations": [],
          "localSymbols": [
            "XMLTableExportSource",
            "exportTableBlocks"
          ],
          "sourceResponsibility": "unverified",
          "upstreamFile": "xmloff/source/table/XMLTableExport.cxx",
          "upstreamSymbols": [
            "XMLTableExport::exportTable"
          ]
        },
        "state": "active",
        "subsystem": "odf-filter",
        "suite": "shared",
        "exportedOperations": [
          "exportTableBlocks"
        ]
      },
      {
        "capabilityIds": [
          "CAP-0113",
          "CAP-0128"
        ],
        "classification": "upstream-mechanism",
        "path": "apps/office/src/xmloff/source/table/XMLTableImport.ts",
        "semantic": {
          "behaviorStatus": "unverified",
          "contractStatus": "unverified",
          "defaultStatus": "unverified",
          "divergenceClass": "none",
          "evidence": [
            "apps/office/src/xmloff/source/table/XMLTableImport.ts#XMLTableStyleContext",
            "vendor/libreoffice-reference/xmloff/source/table/XMLTableImport.cxx#XMLTableImportContext::ImportRow",
            "apps/office/src/xmloff/source/core/xmlimp.test.ts#matches native inert known children and reused unknown parent event traces",
            "apps/office/src/xmloff/source/core/xmlimp.test.ts#delivers unknown callbacks to explicit contexts and supported unknown roots",
            "apps/office/src/sw/source/filter/xml/odt-list-declaration-defaults.test.ts#retains native declaration defaults and skips invalid indices before reading properties",
            "vendor/libreoffice-reference/xmloff/source/core/xmlimp.cxx#SvXMLImport::startFastElement",
            "vendor/libreoffice-reference/xmloff/source/core/xmlimp.cxx#SvXMLImport::startUnknownElement",
            "vendor/libreoffice-reference/xmloff/source/core/xmlictxt.cxx#SvXMLImportContext::startUnknownElement"
          ],
          "justification": "Imports bounded ODF table style, column, row, cell and paragraph SAX contexts. Known-null child fallback now creates a concrete inert SvXMLImportContext; unknown-null fallback reuses the actual parent reference. Unknown start/end dispatch uses independent hooks, preventing premature list/style/URI publication through known end callbacks. The old list known-child ignore adapters are removed. Three compiled traces / 37 reference/event entries from unmodified pinned dispatch bodies verify nested parent reuse, inert subtrees, explicit unknown contexts and sibling continuation. Direct context and literal ODT font/property/table/style/list cases verify native unrelated-child ignoring and supported descendants inside unknown wrappers; explicit cell list/section/nested-table errors remain until those native features are implemented. Root severe-error timing, namespace rewind, token completeness, remaining ignore adapters and wider import contracts remain unverified; no whole-module promotion.",
          "knownViolations": [],
          "localSymbols": [
            "XMLTableStyleContext",
            "XMLTableContext",
            "XMLTableImportTarget"
          ],
          "sourceResponsibility": "unverified",
          "upstreamFile": "xmloff/source/table/XMLTableImport.cxx",
          "upstreamSymbols": [
            "XMLTableImportContext::ImportRow"
          ]
        },
        "state": "active",
        "subsystem": "odf-filter",
        "suite": "shared",
        "exportedOperations": []
      },
      {
        "capabilityIds": [
          "CAP-0113"
        ],
        "classification": "upstream-mechanism",
        "path": "apps/office/src/xmloff/source/text/XMLLineNumberingExport.ts",
        "semantic": {
          "behaviorStatus": "unverified",
          "contractStatus": "unverified",
          "defaultStatus": "unverified",
          "divergenceClass": "none",
          "evidence": [
            "apps/office/src/xmloff/source/text/XMLLineNumberingExport.ts#exportLineNumberingConfiguration",
            "vendor/libreoffice-reference/xmloff/source/text/XMLLineNumberingExport.cxx#XMLLineNumberingExport::Export"
          ],
          "justification": "Bounded Stage 2 line-number behavior has focused tests; the full upstream contract remains unverified.",
          "knownViolations": [],
          "localSymbols": [
            "exportLineNumberingConfiguration"
          ],
          "sourceResponsibility": "unverified",
          "upstreamFile": "xmloff/source/text/XMLLineNumberingExport.cxx",
          "upstreamSymbols": [
            "XMLLineNumberingExport::Export"
          ]
        },
        "state": "active",
        "subsystem": "odf-filter",
        "suite": "shared",
        "exportedOperations": [
          "exportLineNumberingConfiguration"
        ]
      },
      {
        "capabilityIds": [
          "CAP-0113"
        ],
        "classification": "upstream-mechanism",
        "path": "apps/office/src/xmloff/source/text/XMLLineNumberingImportContext.ts",
        "semantic": {
          "behaviorStatus": "unverified",
          "contractStatus": "unverified",
          "defaultStatus": "unverified",
          "divergenceClass": "none",
          "evidence": [
            "apps/office/src/xmloff/source/text/XMLLineNumberingImportContext.ts#XMLLineNumberingImportContext",
            "vendor/libreoffice-reference/xmloff/source/text/XMLLineNumberingImportContext.cxx#XMLLineNumberingImportContext::CreateAndInsert"
          ],
          "justification": "Bounded Stage 2 line-number behavior has focused tests; the full upstream contract remains unverified.",
          "knownViolations": [],
          "localSymbols": [
            "XMLLineNumberingImportContext"
          ],
          "sourceResponsibility": "unverified",
          "upstreamFile": "xmloff/source/text/XMLLineNumberingImportContext.cxx",
          "upstreamSymbols": [
            "XMLLineNumberingImportContext::CreateAndInsert"
          ]
        },
        "state": "active",
        "subsystem": "odf-filter",
        "suite": "shared",
        "exportedOperations": []
      },
      {
        "capabilityIds": [
          "CAP-0113",
          "CAP-0145"
        ],
        "classification": "upstream-mechanism",
        "path": "apps/office/src/xmloff/source/text/XMLTextListBlockContext.ts",
        "semantic": {
          "behaviorStatus": "unverified",
          "contractStatus": "unverified",
          "defaultStatus": "unverified",
          "divergenceClass": "none",
          "evidence": [
            "apps/office/src/xmloff/source/text/XMLTextListBlockContext.ts#XMLTextListBlockContext",
            "apps/office/src/sw/source/filter/xml/odt-list-sublist-restart.test.ts#imports native repeated-sublist restart and pending return through real packages",
            "vendor/libreoffice-reference/xmloff/source/text/XMLTextListBlockContext.cxx#XMLTextListBlockContext::createFastChildContext",
            "apps/office/src/sw/source/filter/xml/odt-list-continuation.test.ts#imports native root continuation and default IDs through common and automatic ODT cycles",
            "apps/office/src/xmloff/source/text/txtlists.test.ts#retains processed roots, first style defaults and independent paragraph identity projection",
            "apps/office/src/xmloff/source/text/txtlists.test.ts#generates native time date random IDs and tests collisions only against processed roots",
            "vendor/libreoffice-reference/xmloff/source/text/XMLTextListBlockContext.cxx#XMLTextListBlockContext::XMLTextListBlockContext",
            "vendor/libreoffice-reference/xmloff/source/text/txtlists.cxx#XMLTextListsHelper::KeepListAsProcessed",
            "vendor/libreoffice-reference/xmloff/source/text/txtlists.cxx#XMLTextListsHelper::GetListIdForListBlock",
            "vendor/libreoffice-reference/xmloff/source/text/txtlists.cxx#XMLTextListsHelper::GenerateNewListId",
            "vendor/libreoffice-reference/sw/source/core/unocore/unosett.cxx#pRule->GetDefaultListId()"
          ],
          "justification": "Source-owned XMLTextListBlockContext and XMLTextListItemContext now hold actual parent/helper block references, per-item sublist counts and pending restart inheritance/consumption/return. Existing resolved-rule nested lists restart on the second/later sublist; the first paragraph consumes the flag even when uncounted, and empty lists return it to their parent. Compiled unmodified pinned item child factory, block inheritance/end/getter/reset and txtimp restart-consumption bodies match1536 actual SAX trees/10752 paragraph states with explicit platform/token/reference/helper/property adapters. Thirty-two genuine numbered/bullet common/automatic ODT packages verify literal text,count,levels,restart,direct/effective starts,counters,vectors,labels,owned rule/item copies,Worker16 and bounded reopen. Native conditional implicit-restart export is now bounded by independent metadata and selected structural/start evidence. Native uncounted restart omission is retained. Continue-numbering/processed root identity, missing-rule MakeNumRule defaults, style overrides, numbered-paragraph and full UNO/helper/native architecture remain unverified; no whole-module promotion or registered save/open/recovery change. Source-owned XMLTextListsHelper replaces stream aliases and rule-counter IDs with processed root style/continuation records, last-root/per-style state, first-style DefaultListId mapping and native paragraph identity projection. Block contexts retain independent own/master IDs, inherit them at nested levels and accept identity attributes only at root. Exact true continue-numbering overrides pending restart at every level; modern root implicit continuation selects only the last matching raw style/different ID. Unknown targets clear, known chains resolve to the master and duplicate roots retain prior records. Writer exposes its existing SwNumRule.GetDefaultListId through the typed import bridge. Native time/date/random list IDs and processed collision suffixes use JS Date milliseconds and uniform31bit browser RNG adapters. Unmodified pinned block constructor/end/getters and processed/default/generator bodies match3082 actual context sequences/15392 raw/effective identity/restart/query states,including fixed RNG1/INT_MAX. Explicit ASCII/string/platform/raw-reference/typed-property/resolved-rule/modern-no-build-id/no-MSO/fixed-clock-RNG adapters;no full native/UNO/factory/legacy/MSO/stable-environment build or lifetime claim.112 genuine common/automatic Arabic/bullet package scenarios assert literal states,counters/vectors/labels,owned rules/items,Worker16,selected XML and independent native reopen projections. Existing source-stale literal identities now follow first-style default mapping. Complete export helper identity/style overrides,missing-rule factories,old build-id/MSO defaults,numbered-paragraph/full UNO/native ownership and deferred SwList insertion/validation architecture remain unverified. No whole-module/default promotion or registered save/open/recovery change.",
          "knownViolations": [],
          "localSymbols": [
            "XMLTextListBlockContext"
          ],
          "sourceResponsibility": "unverified",
          "upstreamFile": "xmloff/source/text/XMLTextListBlockContext.cxx",
          "upstreamSymbols": [
            "XMLTextListBlockContext::XMLTextListBlockContext",
            "XMLTextListBlockContext::createFastChildContext",
            "XMLTextListBlockContext::endFastElement"
          ]
        },
        "state": "active",
        "subsystem": "odf-filter",
        "suite": "shared",
        "exportedOperations": []
      },
      {
        "capabilityIds": [
          "CAP-0113",
          "CAP-0145"
        ],
        "classification": "upstream-mechanism",
        "path": "apps/office/src/xmloff/source/text/XMLTextListItemContext.ts",
        "semantic": {
          "behaviorStatus": "unverified",
          "contractStatus": "unverified",
          "defaultStatus": "unverified",
          "divergenceClass": "none",
          "evidence": [
            "apps/office/src/xmloff/source/text/XMLTextListItemContext.ts#XMLTextListItemContext",
            "apps/office/src/sw/source/filter/xml/odt-list-sublist-restart.test.ts#imports native repeated-sublist restart and pending return through real packages",
            "vendor/libreoffice-reference/xmloff/source/text/XMLTextListItemContext.cxx#XMLTextListItemContext::createFastChildContext",
            "apps/office/src/xmloff/source/text/XMLTextListBlockContext.test.ts#narrows repeated-sublist count to the native signed16 field",
            "apps/office/src/sw/source/filter/xml/odt-list-continuation.test.ts#imports native root continuation and default IDs through common and automatic ODT cycles",
            "apps/office/src/xmloff/source/text/txtlists.test.ts#retains processed roots, first style defaults and independent paragraph identity projection",
            "apps/office/src/xmloff/source/text/txtlists.test.ts#generates native time date random IDs and tests collisions only against processed roots",
            "vendor/libreoffice-reference/xmloff/source/text/XMLTextListBlockContext.cxx#XMLTextListBlockContext::XMLTextListBlockContext",
            "vendor/libreoffice-reference/xmloff/source/text/txtlists.cxx#XMLTextListsHelper::KeepListAsProcessed",
            "vendor/libreoffice-reference/xmloff/source/text/txtlists.cxx#XMLTextListsHelper::GetListIdForListBlock",
            "vendor/libreoffice-reference/xmloff/source/text/txtlists.cxx#XMLTextListsHelper::GenerateNewListId",
            "vendor/libreoffice-reference/sw/source/core/unocore/unosett.cxx#pRule->GetDefaultListId()"
          ],
          "justification": "Source-owned XMLTextListBlockContext and XMLTextListItemContext now hold actual parent/helper block references, per-item sublist counts and pending restart inheritance/consumption/return. Existing resolved-rule nested lists restart on the second/later sublist; the first paragraph consumes the flag even when uncounted, and empty lists return it to their parent. Compiled unmodified pinned item child factory, block inheritance/end/getter/reset and txtimp restart-consumption bodies match1536 actual SAX trees/10752 paragraph states with explicit platform/token/reference/helper/property adapters. Thirty-two genuine numbered/bullet common/automatic ODT packages verify literal text,count,levels,restart,direct/effective starts,counters,vectors,labels,owned rule/item copies,Worker16 and bounded reopen. Native conditional implicit-restart export is now bounded by independent metadata and selected structural/start evidence. Native uncounted restart omission is retained. Continue-numbering/processed root identity, missing-rule MakeNumRule defaults, style overrides, numbered-paragraph and full UNO/helper/native architecture remain unverified; no whole-module promotion or registered save/open/recovery change. The item sublist count now follows its native sal_Int16 assignment narrowing; compiled unmodified item factory with the actual field and a real-context test match9 boundary states over65538 child lists,including32768 and65538. This is bounded Clang signed16 narrowing evidence,not a general native overflow-policy claim. Source-owned XMLTextListsHelper replaces stream aliases and rule-counter IDs with processed root style/continuation records, last-root/per-style state, first-style DefaultListId mapping and native paragraph identity projection. Block contexts retain independent own/master IDs, inherit them at nested levels and accept identity attributes only at root. Exact true continue-numbering overrides pending restart at every level; modern root implicit continuation selects only the last matching raw style/different ID. Unknown targets clear, known chains resolve to the master and duplicate roots retain prior records. Writer exposes its existing SwNumRule.GetDefaultListId through the typed import bridge. Native time/date/random list IDs and processed collision suffixes use JS Date milliseconds and uniform31bit browser RNG adapters. Unmodified pinned block constructor/end/getters and processed/default/generator bodies match3082 actual context sequences/15392 raw/effective identity/restart/query states,including fixed RNG1/INT_MAX. Explicit ASCII/string/platform/raw-reference/typed-property/resolved-rule/modern-no-build-id/no-MSO/fixed-clock-RNG adapters;no full native/UNO/factory/legacy/MSO/stable-environment build or lifetime claim.112 genuine common/automatic Arabic/bullet package scenarios assert literal states,counters/vectors/labels,owned rules/items,Worker16,selected XML and independent native reopen projections. Existing source-stale literal identities now follow first-style default mapping. Complete export helper identity/style overrides,missing-rule factories,old build-id/MSO defaults,numbered-paragraph/full UNO/native ownership and deferred SwList insertion/validation architecture remain unverified. No whole-module/default promotion or registered save/open/recovery change.",
          "knownViolations": [],
          "localSymbols": [
            "XMLTextListItemContext"
          ],
          "sourceResponsibility": "unverified",
          "upstreamFile": "xmloff/source/text/XMLTextListItemContext.cxx",
          "upstreamSymbols": [
            "XMLTextListItemContext::XMLTextListItemContext",
            "XMLTextListItemContext::createFastChildContext",
            "XMLTextListItemContext::endFastElement"
          ]
        },
        "state": "active",
        "subsystem": "odf-filter",
        "suite": "shared",
        "exportedOperations": []
      },
      {
        "capabilityIds": [
          "CAP-0113",
          "CAP-0145"
        ],
        "classification": "upstream-mechanism",
        "path": "apps/office/src/xmloff/source/text/XMLTextNumRuleInfo.ts",
        "semantic": {
          "behaviorStatus": "unverified",
          "contractStatus": "unverified",
          "defaultStatus": "unverified",
          "divergenceClass": "none",
          "evidence": [
            "apps/office/src/xmloff/source/text/XMLTextNumRuleInfo.ts#XMLTextNumRuleInfo",
            "apps/office/src/xmloff/source/text/XMLTextNumRuleInfo.test.ts#retains native absent sentinels and independent numbered restart/start fields",
            "apps/office/src/sw/source/filter/xml/odt-list-implicit-restart.test.ts#exports native implicit restart positions and direct starts through genuine ODT",
            "vendor/libreoffice-reference/xmloff/source/text/XMLTextNumRuleInfo.cxx#XMLTextNumRuleInfo::Set",
            "vendor/libreoffice-reference/xmloff/source/text/XMLTextNumRuleInfo.hxx#inline void XMLTextNumRuleInfo::Reset()",
            "vendor/libreoffice-reference/xmloff/source/text/txtparae.cxx#XMLTextParagraphExport::exportListChange",
            "vendor/libreoffice-reference/sw/source/core/unocore/unocrsrhelper.cxx#sal_Int16 IsNodeNumStart"
          ],
          "justification": "XMLTextNumRuleInfo now owns independent numbered/restart/direct-start/format-start metadata with native absent-1 and Reset retention. Writer projects direct start only when restart and the direct item exist; actual format start no longer substitutes for absence. Same/decreasing nested implicit restart closes/reopens text:list without item start; root restart and newly opened/re-entered levels follow native conditional fallback, while first unprocessed root can omit restart. Uncounted restart/start are omitted. Unmodified pinned exportListChange and metadata excerpts match 2403 structural/start sequences and 288 metadata states with explicit typed-property/platform/string/export/identity/style adapters; 12 valid Writer projections match the primary raw getter against 48 normative native states. Fifty-two genuine common/automatic numbered/bullet ODT scenarios and thirty-two repeated-sublist cases assert literal state, vectors/labels, owned copies, Worker16, selected XML and manually specified native reopen omissions/gains. Full UNO Set/lifetimes, processed-list identity/continue-numbering/style overrides, missing-rule factories, numbered-paragraph and wider architecture/defaults remain unverified. No whole-module promotion or registered save/open/recovery change.",
          "knownViolations": [],
          "localSymbols": [
            "XMLTextNumRuleInfo"
          ],
          "sourceResponsibility": "unverified",
          "upstreamFile": "xmloff/source/text/XMLTextNumRuleInfo.cxx",
          "upstreamSymbols": [
            "XMLTextNumRuleInfo::XMLTextNumRuleInfo",
            "XMLTextNumRuleInfo::Set"
          ]
        },
        "state": "active",
        "subsystem": "odf-filter",
        "suite": "shared",
        "exportedOperations": []
      },
      {
        "capabilityIds": [
          "CAP-0113",
          "CAP-0128"
        ],
        "classification": "upstream-mechanism",
        "path": "apps/office/src/xmloff/source/text/XMLTextPropertySetContext.ts",
        "semantic": {
          "behaviorStatus": "unverified",
          "contractStatus": "unverified",
          "defaultStatus": "not-applicable",
          "divergenceClass": "none",
          "evidence": [
            "apps/office/src/xmloff/source/text/XMLTextPropertySetContext.ts#XMLTextPropertySetContext",
            "vendor/libreoffice-reference/xmloff/source/text/XMLTextPropertySetContext.cxx#XMLTextPropertySetContext::createFastChildContext",
            "apps/office/src/xmloff/source/style/xmltabi.ts#SvxXMLTabStopImportContext",
            "apps/office/src/sw/source/filter/xml/odt-property-roundtrip.test.ts#Writer ODT mapped pooled properties"
          ],
          "justification": "Owns only the implemented element-property dispatch responsibility, creating the native-named SvxXMLTabStopImportContext from style/xmltabi.ts. Embedded tab parsing and shared conversion were extracted into their pinned source owners with unchanged implementation bodies; there is no compatibility re-export. Existing ODT assertions exercise dispatch. Unmodeled text columns, complex colors and drop caps are not claimed; broader dispatch contracts remain unverified.",
          "knownViolations": [],
          "localSymbols": [
            "XMLTextPropertySetContext"
          ],
          "sourceResponsibility": "aligned",
          "upstreamFile": "xmloff/source/text/XMLTextPropertySetContext.cxx",
          "upstreamSymbols": [
            "XMLTextPropertySetContext",
            "XMLTextPropertySetContext::createFastChildContext"
          ]
        },
        "state": "active",
        "subsystem": "odf-filter",
        "suite": "shared",
        "exportedOperations": []
      },
      {
        "capabilityIds": [
          "CAP-0113",
          "CAP-0145"
        ],
        "classification": "upstream-mechanism",
        "path": "apps/office/src/xmloff/source/text/txtlists.ts",
        "semantic": {
          "behaviorStatus": "unverified",
          "contractStatus": "unverified",
          "defaultStatus": "unverified",
          "divergenceClass": "none",
          "evidence": [
            "apps/office/src/xmloff/source/text/txtlists.ts#XMLTextListsHelper",
            "apps/office/src/xmloff/source/text/txtlists.test.ts#restores outer item state and accepts native clearing outside lists",
            "apps/office/src/sw/source/filter/xml/odt-list-headers-roundtrip.test.ts#round-trips native headers and unnumbered item continuations",
            "vendor/libreoffice-reference/xmloff/source/text/txtlists.cxx#XMLTextListsHelper::SetListItem",
            "apps/office/src/sw/source/filter/xml/odt-list-sublist-restart.test.ts#imports native repeated-sublist restart and pending return through real packages",
            "apps/office/src/sw/source/filter/xml/odt-list-continuation.test.ts#imports native root continuation and default IDs through common and automatic ODT cycles",
            "apps/office/src/xmloff/source/text/txtlists.test.ts#retains processed roots, first style defaults and independent paragraph identity projection",
            "apps/office/src/xmloff/source/text/txtlists.test.ts#generates native time date random IDs and tests collisions only against processed roots",
            "vendor/libreoffice-reference/xmloff/source/text/XMLTextListBlockContext.cxx#XMLTextListBlockContext::XMLTextListBlockContext",
            "vendor/libreoffice-reference/xmloff/source/text/txtlists.cxx#XMLTextListsHelper::KeepListAsProcessed",
            "vendor/libreoffice-reference/xmloff/source/text/txtlists.cxx#XMLTextListsHelper::GetListIdForListBlock",
            "vendor/libreoffice-reference/xmloff/source/text/txtlists.cxx#XMLTextListsHelper::GenerateNewListId",
            "vendor/libreoffice-reference/sw/source/core/unocore/unosett.cxx#pRule->GetDefaultListId()"
          ],
          "justification": "Owns supported block/item push/pop/top/set stack under pinned XMLTextListsHelper responsibility. The import contexts use the single-use native item marker, including enclosing-context restoration and subsequent clearing. Compiled unmodified stack bodies and genuine ODT/helper assertions verify these operations. Full numbered-paragraph contexts, native UNO references/assertions, processed-list identity, generator and export stack responsibilities remain unverified; helper block ports carry actual production block-context references and full native helper parity is not claimed. Source-owned XMLTextListBlockContext and XMLTextListItemContext now hold actual parent/helper block references, per-item sublist counts and pending restart inheritance/consumption/return. Existing resolved-rule nested lists restart on the second/later sublist; the first paragraph consumes the flag even when uncounted, and empty lists return it to their parent. Compiled unmodified pinned item child factory, block inheritance/end/getter/reset and txtimp restart-consumption bodies match1536 actual SAX trees/10752 paragraph states with explicit platform/token/reference/helper/property adapters. Thirty-two genuine numbered/bullet common/automatic ODT packages verify literal text,count,levels,restart,direct/effective starts,counters,vectors,labels,owned rule/item copies,Worker16 and bounded reopen. Native conditional implicit-restart export is now bounded by independent metadata and selected structural/start evidence. Native uncounted restart omission is retained. Continue-numbering/processed root identity, missing-rule MakeNumRule defaults, style overrides, numbered-paragraph and full UNO/helper/native architecture remain unverified; no whole-module promotion or registered save/open/recovery change. Source-owned XMLTextListsHelper replaces stream aliases and rule-counter IDs with processed root style/continuation records, last-root/per-style state, first-style DefaultListId mapping and native paragraph identity projection. Block contexts retain independent own/master IDs, inherit them at nested levels and accept identity attributes only at root. Exact true continue-numbering overrides pending restart at every level; modern root implicit continuation selects only the last matching raw style/different ID. Unknown targets clear, known chains resolve to the master and duplicate roots retain prior records. Writer exposes its existing SwNumRule.GetDefaultListId through the typed import bridge. Native time/date/random list IDs and processed collision suffixes use JS Date milliseconds and uniform31bit browser RNG adapters. Unmodified pinned block constructor/end/getters and processed/default/generator bodies match3082 actual context sequences/15392 raw/effective identity/restart/query states,including fixed RNG1/INT_MAX. Explicit ASCII/string/platform/raw-reference/typed-property/resolved-rule/modern-no-build-id/no-MSO/fixed-clock-RNG adapters;no full native/UNO/factory/legacy/MSO/stable-environment build or lifetime claim.112 genuine common/automatic Arabic/bullet package scenarios assert literal states,counters/vectors/labels,owned rules/items,Worker16,selected XML and independent native reopen projections. Existing source-stale literal identities now follow first-style default mapping. Complete export helper identity/style overrides,missing-rule factories,old build-id/MSO defaults,numbered-paragraph/full UNO/native ownership and deferred SwList insertion/validation architecture remain unverified. No whole-module/default promotion or registered save/open/recovery change.",
          "knownViolations": [],
          "localSymbols": [
            "XMLTextListsHelper"
          ],
          "sourceResponsibility": "unverified",
          "upstreamFile": "xmloff/source/text/txtlists.cxx",
          "upstreamSymbols": [
            "XMLTextListsHelper::PushListContext",
            "XMLTextListsHelper::PopListContext",
            "XMLTextListsHelper::ListContextTop",
            "XMLTextListsHelper::SetListItem",
            "XMLTextListsHelper::KeepListAsProcessed",
            "XMLTextListsHelper::IsListProcessed",
            "XMLTextListsHelper::GetListStyleOfProcessedList",
            "XMLTextListsHelper::GetContinueListIdOfProcessedList",
            "XMLTextListsHelper::GenerateNewListId",
            "XMLTextListsHelper::GetListIdForListBlock",
            "XMLTextListsHelper::GetLastIdOfStyleName"
          ]
        },
        "state": "active",
        "subsystem": "odf-filter",
        "suite": "shared",
        "exportedOperations": []
      },
      {
        "capabilityIds": [
          "CAP-0113",
          "CAP-0129",
          "CAP-0138",
          "CAP-0139",
          "CAP-0140",
          "CAP-0141",
          "CAP-0143",
          "CAP-0144",
          "CAP-0145"
        ],
        "classification": "upstream-mechanism",
        "path": "apps/office/src/xmloff/source/text/txtparae.ts",
        "semantic": {
          "behaviorStatus": "unverified",
          "contractStatus": "unverified",
          "defaultStatus": "unverified",
          "divergenceClass": "none",
          "evidence": [
            "apps/office/src/xmloff/source/text/txtparae.ts#ODF_NAMESPACES",
            "vendor/libreoffice-reference/xmloff/source/text/txtparae.cxx#HyperlinkData::HyperlinkData",
            "apps/office/src/xmloff/source/style/xmlstyle.test.ts#retains the created leaf reference in its own family and container",
            "apps/office/src/sw/source/filter/xml/odt-style-container-roundtrip.test.ts#applies automatic styles directly and resolves every parent only in common styles",
            "apps/office/src/sw/source/filter/xml/odt-style-container-roundtrip.test.ts#replaces the active automatic context while retaining independent common styles",
            "apps/office/src/sw/source/filter/xml/odt-layout-parity.test.ts#preserves tdf114287 exact print bounds across ODT export",
            "vendor/libreoffice-reference/sw/source/filter/xml/xmlfmt.cxx#SwXMLImport::CreateStylesContext",
            "vendor/libreoffice-reference/xmloff/source/core/xmlimp.cxx#SvXMLImport::SetAutoStyles",
            "vendor/libreoffice-reference/xmloff/source/text/txtimp.cxx#XMLTextImportHelper::SetStyleAndAttrs",
            "apps/office/src/xmloff/source/style/xmlnumi.test.ts#uses native MM100 grammar, failed-value retention and SHRT field bounds",
            "apps/office/src/xmloff/source/style/xmlnume.test.ts#emits label-alignment mode even for zero or default command geometry",
            "apps/office/src/sw/source/core/unocore/unosett.test.ts#uses native integer ratios in both directions and retains only present properties",
            "apps/office/src/sw/source/filter/xml/odt-list-label-alignment-roundtrip.test.ts#round-trips native MM100 defaults, parsing bounds and conditional list attributes",
            "apps/office/src/sw/source/filter/xml/odt-list-label-alignment-roundtrip.test.ts#exports the default Writer list geometry at every supported level",
            "apps/office/src/xmloff/source/core/xmluconv.test.ts#delegates native core measure export to the supported CM unit",
            "vendor/libreoffice-reference/xmloff/source/style/xmlnumi.cxx#SvxXMLListLevelStyleLabelAlignmentAttrContext_Impl::SvxXMLListLevelStyleLabelAlignmentAttrContext_Impl",
            "vendor/libreoffice-reference/xmloff/source/style/xmlnume.cxx#SvxXMLNumRuleExport::exportLevelStyle",
            "vendor/libreoffice-reference/sw/source/core/unocore/unosett.cxx#SwXNumberingRules::SetNumberingRuleByIndex",
            "vendor/libreoffice-reference/sw/source/core/unocore/unosett.cxx#GetPropertiesForNumFormat",
            "vendor/libreoffice-reference/xmloff/source/core/xmluconv.cxx#SvXMLUnitConverter::convertMeasureToXML",
            "vendor/libreoffice-reference/sax/source/tools/converter.cxx#void Converter::convertMeasure( OUStringBuffer&",
            "apps/office/src/editeng/source/items/numitem.test.ts#initializes independent zero geometry in legacy mode",
            "apps/office/src/editeng/source/items/numitem.test.ts#switches native legacy getters without rewriting either geometry group",
            "apps/office/src/editeng/source/items/numitem.test.ts#retains native signed getter widths at integer boundaries",
            "apps/office/src/sw/source/filter/xml/odt-list-position-mode-roundtrip.test.ts#selects native mode independently of child geometry through common and automatic ODT cycles",
            "apps/office/src/sw/source/filter/xml/odt-list-position-mode-roundtrip.test.ts#retains pre-existing browser snapshots with absent inactive legacy fields",
            "apps/office/src/xmloff/source/style/xmlnume.test.ts#exports only the native legacy group with nonzero and positive attribute predicates",
            "vendor/libreoffice-reference/editeng/source/items/numitem.cxx#SvxNumberFormat::SvxNumberFormat",
            "vendor/libreoffice-reference/editeng/source/items/numitem.cxx#SvxNumberFormat::GetAbsLSpace",
            "vendor/libreoffice-reference/editeng/source/items/numitem.cxx#SvxNumberFormat::GetFirstLineOffset",
            "vendor/libreoffice-reference/editeng/source/items/numitem.cxx#SvxNumberFormat::GetCharTextDistance",
            "vendor/libreoffice-reference/editeng/source/items/numitem.cxx#SvxNumberFormat::SetPositionAndSpaceMode",
            "vendor/libreoffice-reference/xmloff/source/style/xmlnumi.cxx#SvxXMLListLevelStyleContext_Impl::SvxXMLListLevelStyleContext_Impl",
            "vendor/libreoffice-reference/xmloff/source/style/xmlnumi.cxx#SvxXMLListLevelStyleAttrContext_Impl::SvxXMLListLevelStyleAttrContext_Impl",
            "apps/office/src/sw/source/filter/xml/odt-list-marker-roundtrip.test.ts#preserves native marker parameters through common and automatic ODT cycles",
            "apps/office/src/sw/source/filter/xml/odt-list-marker-roundtrip.test.ts#retains native explicit pattern precedence and standard ODF 1.3 approximation",
            "apps/office/src/sw/source/filter/xml/odt-list-marker-roundtrip.test.ts#projects native signed UNO StartWith and omitted zero ParentNumbering on export",
            "apps/office/src/sw/source/core/unocore/unosett.test.ts#applies marker properties before ListFormat and ignores native out-of-range ParentNumbering",
            "apps/office/src/xmloff/source/style/xmlnume.ts#SvxXMLNumRuleExport",
            "vendor/libreoffice-reference/xmloff/source/style/xmlnumi.cxx#SvxXMLListLevelStyleContext_Impl::GetProperties",
            "apps/office/src/sw/source/filter/xml/odt-list-headers-roundtrip.test.ts#round-trips native headers and unnumbered item continuations",
            "vendor/libreoffice-reference/xmloff/source/text/txtparae.cxx#XMLTextParagraphExport::exportListChange",
            "vendor/libreoffice-reference/xmloff/source/text/txtimp.cxx#XMLTextImportHelper::SetStyleAndAttrs",
            "vendor/libreoffice-reference/xmloff/source/text/XMLTextNumRuleInfo.cxx#XMLTextNumRuleInfo::Set",
            "vendor/libreoffice-reference/xmloff/source/text/XMLTextListItemContext.cxx#XMLTextListItemContext::XMLTextListItemContext",
            "vendor/libreoffice-reference/xmloff/source/text/XMLTextListBlockContext.cxx#XMLTextListBlockContext::endFastElement",
            "apps/office/src/xmloff/source/text/XMLTextNumRuleInfo.test.ts#retains native absent sentinels and independent numbered restart/start fields",
            "apps/office/src/sw/source/filter/xml/odt-list-implicit-restart.test.ts#exports native implicit restart positions and direct starts through genuine ODT",
            "vendor/libreoffice-reference/xmloff/source/text/XMLTextNumRuleInfo.hxx#inline void XMLTextNumRuleInfo::Reset()",
            "vendor/libreoffice-reference/sw/source/core/unocore/unocrsrhelper.cxx#sal_Int16 IsNodeNumStart"
          ],
          "justification": "Mapped provenance remains semantically unverified against xmloff/source/text/txtparae.cxx; recorded Phase 0 checks prevent path or symbol evidence from being treated as parity. XMLStylesContext retains style leaf references per container; Writer retains independent common and active automatic references and replaces the automatic context when a new container is encountered. Direct lookup checks the active automatic family/name first; automatic and common parents resolve only through common definitions. Found automatic deltas survive missing parents; missing paragraph references keep the default paragraph. Context ownership assertions and fifteen literal real ODT cases verify legal common/automatic collisions, same-name parents, independent families, named-only chains, empty/missing parents, stream replacement and common-only default publication through export/reimport. The previously source-invalid automatic-parent list export chain now puts its inherited base in common styles; exact pinned tdf114287 geometry remains unchanged across package cycles. This export bridge and broader named document-model ownership still require separate architecture audit; no whole-module parity promotion. For the existing LABEL_ALIGNMENT mode and LISTTAB/SPACE/NOTHING separators, source-owned xmlnumi parsing now retains zero defaults and MM100 fields with native Converter grammar/failure and SHRT bounds. The MM100 import port now carries both independent native geometry groups; the earlier legacy-to-alignment Twip emulation is removed. Writer numbering property conversion follows unosett.cxx signed MM100/Twip ratios; export projects native MM100 and delegates CM serialization to XML/SAX. ODF 1.3 XML emits explicit label-alignment mode and retains standard command geometry; indents are nonzero-only and tab position is exported only for LISTTAB with a positive value. Context/core assertions and eleven literal common/automatic ODT cases plus both default command marker families verify native quantization, conditional XML and manual reopen state. Full numbering/UNO, legacy position mode/property ownership, NEWLINE extensions, other XML units/versions, defaults and wider obligations remain unverified; no whole-module promotion. Declared levels retain independent native legacy and alignment geometry with zero defaults; only exact label-alignment selects modern mode. SvxNumberFormat in editeng owns positional state, signed widths and mode-dependent getters; Writer inherits and copies all fields. xmlnumi owns level/property contexts and MM100 legacy parsing/assembly. Writer conversion precedes core application, and xmlnume emits the selected group with native signs and omission predicates. Thirteen literal common/automatic ODT cases verify mode spellings/absence, child presence, independent state, signed/bounded/partial/invalid legacy fields, exact XML and reopen. Clone and browser snapshots preserve inactive fields; primitive browser geometry selects the active group. Full line layout, numbering families, omitted-level construction, native UNO replacement failures (including signed SymbolTextDistance narrowing), extensions and wider contracts/defaults remain separately unverified. No whole-module promotion. ODF marker transport preserves raw affixes, native byte-int start/display normalization, ordered style/loext ListFormat aliases (including empty strings), generated available-level clamp and final UNO SetListFormat compatibility overwrite for existing Arabic/bullet levels. Standard ODF 1.3 export is owned by SvxXMLNumRuleExport and coherent per-level records, with nonempty affixes, signed StartWith narrowing and clamped display omission; raw patterns retain native standard-format approximation on reopen. Sixteen literal common/automatic cases plus signed start/zero parent projection verify state, visible labels, owned clones, Worker v16, selected XML and reopen. A bounded compiled oracle matches 144 declarations, 144 applied states and 144 export attribute sets from unmodified pinned excerpts. ASCII string shims, modern/no-build-id input, Arabic/bullet and standard ODF only; ancient OOo suffix correction depends on absent generator/build-id metadata APIs and remains unresolved. Full native build, wider numbering families/fonts/legal/outline/continuous/NONE/bitmap, extended output, complete list-style/UNO ownership and wider defaults/contracts remain unverified. No whole-module parity promotion or save/open/recovery policy change. Existing SwTextNode counted state now crosses ODT projection/application. Native XMLTextListsHelper owns the block/item marker stack; ordinary item markers are consumed after the first paragraph and restored outer markers are cleared after sublists. Header start values are ignored, subsequent item paragraphs are unnumbered, and Writer applies RES_PARATR_LIST_ISCOUNTED=false. Export retains actual opened list-item/header tags: skipped ancestors use list-item, a newly opened final unnumbered level uses list-header, and unnumbered same/decreasing-level paragraphs continue the current item after deeper lists close. Restart/start projection is gated on numbered paragraphs as pinned XMLTextNumRuleInfo::Set does. Compiled unmodified exportListChange and item-stack bodies match368 export event sequences with explicit OUString/export/numbered-metadata/identity/no-continuation shims; no full native or UNO build. Genuine common/automatic header, nested/multiple-paragraph, skipped-level and bullet ODT assertions verify literal state, labels/vectors, independent rule/item copies, Worker16, selected XML and reopen; uncounted restart omission is explicitly native rather than invented retention. List style overrides, repeated-sublist restart, numbered-paragraph, full helper identity/UNO/lifecycle and wider contracts remain separately unverified. No whole-module promotion or registered save/open/recovery change. XMLTextNumRuleInfo now owns independent numbered/restart/direct-start/format-start metadata with native absent-1 and Reset retention. Writer projects direct start only when restart and the direct item exist; actual format start no longer substitutes for absence. Same/decreasing nested implicit restart closes/reopens text:list without item start; root restart and newly opened/re-entered levels follow native conditional fallback, while first unprocessed root can omit restart. Uncounted restart/start are omitted. Unmodified pinned exportListChange and metadata excerpts match 2403 structural/start sequences and 288 metadata states with explicit typed-property/platform/string/export/identity/style adapters; 12 valid Writer projections match the primary raw getter against 48 normative native states. Fifty-two genuine common/automatic numbered/bullet ODT scenarios and thirty-two repeated-sublist cases assert literal state, vectors/labels, owned copies, Worker16, selected XML and manually specified native reopen omissions/gains. Full UNO Set/lifetimes, processed-list identity/continue-numbering/style overrides, missing-rule factories, numbered-paragraph and wider architecture/defaults remain unverified. No whole-module promotion or registered save/open/recovery change.",
          "knownViolations": [],
          "localSymbols": [
            "OdfCharacterProperties",
            "OdfParagraphAlignment",
            "OdfTabStop",
            "OdfListLevelKind",
            "XMLTextExportSource",
            "exportTextParagraphs",
            "exportParagraphAttributes",
            "exportParagraphPropertyChildren",
            "escapeXml",
            "exportCharacterAttributes"
          ],
          "sourceResponsibility": "unverified",
          "upstreamFile": "xmloff/source/text/txtparae.cxx",
          "upstreamSymbols": [
            "HyperlinkData::HyperlinkData",
            "HyperlinkData::addHyperlinkAttributes",
            "HyperlinkData::exportEvents",
            "BoundFrames::Fill"
          ]
        },
        "state": "active",
        "subsystem": "odf-filter",
        "suite": "shared",
        "exportedOperations": [
          "escapeXml",
          "exportCharacterAttributes",
          "exportOdfLength",
          "exportParagraphAttributes",
          "exportParagraphPropertyChildren",
          "exportTextParagraphs"
        ]
      },
      {
        "capabilityIds": [
          "CAP-0113",
          "CAP-0128",
          "CAP-0138",
          "CAP-0139",
          "CAP-0140",
          "CAP-0141",
          "CAP-0143",
          "CAP-0144",
          "CAP-0145"
        ],
        "classification": "upstream-mechanism",
        "path": "apps/office/src/xmloff/source/text/txtparai.ts",
        "semantic": {
          "behaviorStatus": "unverified",
          "contractStatus": "unverified",
          "defaultStatus": "unverified",
          "divergenceClass": "none",
          "evidence": [
            "apps/office/src/xmloff/source/text/txtparai.ts#OdfStyleDefinition",
            "vendor/libreoffice-reference/xmloff/source/text/txtparai.cxx#XMLHints_Impl::push_back",
            "apps/office/src/xmloff/source/text/txtparai.ts#createInlineContext",
            "vendor/libreoffice-reference/xmloff/source/text/txtparai.cxx#XMLImpSpanContext_Impl::XMLImpSpanContext_Impl",
            "vendor/libreoffice-reference/xmloff/source/text/txtparai.cxx#if( !aStyleName.isEmpty() )",
            "vendor/libreoffice-reference/xmloff/source/text/txtparai.cxx#XMLImpSpanContext_Impl::characters",
            "apps/office/src/xmloff/source/text/txtparai.test.ts#accepts unstyled and empty-style spans with inherited inline state",
            "apps/office/src/sw/source/filter/xml/odt-span-roundtrip.test.ts#preserves unstyled spans, inherited formatting, controls and hyperlinks through package cycles",
            "apps/office/src/xmloff/source/text/txtparai.ts#resolveTextStyle",
            "vendor/libreoffice-reference/xmloff/source/text/txtimp.cxx#XMLTextImportHelper::SetStyleAndAttrs",
            "vendor/libreoffice-reference/xmloff/source/text/txtimp.cxx#sStyleName.clear();",
            "vendor/libreoffice-reference/xmloff/source/text/txtimp.cxx#pStyle->FillPropertySet( xPropSet );",
            "apps/office/src/xmloff/source/text/txtparai.test.ts#retains inline state for unresolved and property-less character styles",
            "apps/office/src/sw/source/filter/xml/odt-span-roundtrip.test.ts#retains inherited formatting for unresolved and property-less styles through package cycles",
            "apps/office/src/xmloff/source/text/txtparai.test.ts#resolves equal style names within the requested family",
            "apps/office/src/sw/source/filter/xml/odt-style-family-roundtrip.test.ts#keeps equal paragraph and character names independent through package cycles",
            "vendor/libreoffice-reference/xmloff/source/style/xmlstyle.cxx#StyleIndexCompareByName",
            "vendor/libreoffice-reference/xmloff/source/style/xmlstyle.cxx#SvXMLStylesContext_Impl::FindStyleChildContext",
            "apps/office/src/xmloff/source/style/xmlstyle.test.ts#retains the created leaf reference in its own family and container",
            "apps/office/src/sw/source/filter/xml/odt-style-container-roundtrip.test.ts#applies automatic styles directly and resolves every parent only in common styles",
            "apps/office/src/sw/source/filter/xml/odt-style-container-roundtrip.test.ts#replaces the active automatic context while retaining independent common styles",
            "apps/office/src/sw/source/filter/xml/odt-layout-parity.test.ts#preserves tdf114287 exact print bounds across ODT export",
            "vendor/libreoffice-reference/sw/source/filter/xml/xmlfmt.cxx#SwXMLImport::CreateStylesContext",
            "vendor/libreoffice-reference/xmloff/source/core/xmlimp.cxx#SvXMLImport::SetAutoStyles",
            "vendor/libreoffice-reference/xmloff/source/text/txtimp.cxx#XMLTextImportHelper::SetStyleAndAttrs",
            "apps/office/src/xmloff/source/style/xmlnumi.test.ts#uses native MM100 grammar, failed-value retention and SHRT field bounds",
            "apps/office/src/xmloff/source/style/xmlnume.test.ts#emits label-alignment mode even for zero or default command geometry",
            "apps/office/src/sw/source/core/unocore/unosett.test.ts#uses native integer ratios in both directions and retains only present properties",
            "apps/office/src/sw/source/filter/xml/odt-list-label-alignment-roundtrip.test.ts#round-trips native MM100 defaults, parsing bounds and conditional list attributes",
            "apps/office/src/sw/source/filter/xml/odt-list-label-alignment-roundtrip.test.ts#exports the default Writer list geometry at every supported level",
            "apps/office/src/xmloff/source/core/xmluconv.test.ts#delegates native core measure export to the supported CM unit",
            "vendor/libreoffice-reference/xmloff/source/style/xmlnumi.cxx#SvxXMLListLevelStyleLabelAlignmentAttrContext_Impl::SvxXMLListLevelStyleLabelAlignmentAttrContext_Impl",
            "vendor/libreoffice-reference/xmloff/source/style/xmlnume.cxx#SvxXMLNumRuleExport::exportLevelStyle",
            "vendor/libreoffice-reference/sw/source/core/unocore/unosett.cxx#SwXNumberingRules::SetNumberingRuleByIndex",
            "vendor/libreoffice-reference/sw/source/core/unocore/unosett.cxx#GetPropertiesForNumFormat",
            "vendor/libreoffice-reference/xmloff/source/core/xmluconv.cxx#SvXMLUnitConverter::convertMeasureToXML",
            "vendor/libreoffice-reference/sax/source/tools/converter.cxx#void Converter::convertMeasure( OUStringBuffer&",
            "apps/office/src/editeng/source/items/numitem.test.ts#initializes independent zero geometry in legacy mode",
            "apps/office/src/editeng/source/items/numitem.test.ts#switches native legacy getters without rewriting either geometry group",
            "apps/office/src/editeng/source/items/numitem.test.ts#retains native signed getter widths at integer boundaries",
            "apps/office/src/sw/source/filter/xml/odt-list-position-mode-roundtrip.test.ts#selects native mode independently of child geometry through common and automatic ODT cycles",
            "apps/office/src/sw/source/filter/xml/odt-list-position-mode-roundtrip.test.ts#retains pre-existing browser snapshots with absent inactive legacy fields",
            "apps/office/src/xmloff/source/style/xmlnume.test.ts#exports only the native legacy group with nonzero and positive attribute predicates",
            "vendor/libreoffice-reference/editeng/source/items/numitem.cxx#SvxNumberFormat::SvxNumberFormat",
            "vendor/libreoffice-reference/editeng/source/items/numitem.cxx#SvxNumberFormat::GetAbsLSpace",
            "vendor/libreoffice-reference/editeng/source/items/numitem.cxx#SvxNumberFormat::GetFirstLineOffset",
            "vendor/libreoffice-reference/editeng/source/items/numitem.cxx#SvxNumberFormat::GetCharTextDistance",
            "vendor/libreoffice-reference/editeng/source/items/numitem.cxx#SvxNumberFormat::SetPositionAndSpaceMode",
            "vendor/libreoffice-reference/xmloff/source/style/xmlnumi.cxx#SvxXMLListLevelStyleContext_Impl::SvxXMLListLevelStyleContext_Impl",
            "vendor/libreoffice-reference/xmloff/source/style/xmlnumi.cxx#SvxXMLListLevelStyleAttrContext_Impl::SvxXMLListLevelStyleAttrContext_Impl",
            "apps/office/src/sw/source/core/doc/number.test.ts#constructs modern Writer base levels and copies only a successful replacement",
            "apps/office/src/sw/source/core/unocore/unosett.test.ts#validates the native numbering properties before committing one complete level",
            "apps/office/src/sw/source/filter/xml/odt-list-rule-application.test.ts#applies list declarations in source order and stops at native property rejection",
            "apps/office/src/sw/source/filter/xml/odt-list-rule-application.test.ts#retains the native accepted distance boundary and its subsequent export rejection",
            "vendor/libreoffice-reference/xmloff/source/style/xmlnumi.cxx#SvxXMLListStyleContext::FillUnoNumRule",
            "vendor/libreoffice-reference/sw/source/core/doc/number.cxx#SwNumRule::SwNumRule",
            "vendor/libreoffice-reference/sw/source/uibase/app/docstyle.cxx#SwDocStyleSheet::FillStyleSheet",
            "apps/office/src/sw/source/filter/xml/odt-list-marker-roundtrip.test.ts#preserves native marker parameters through common and automatic ODT cycles",
            "apps/office/src/sw/source/filter/xml/odt-list-marker-roundtrip.test.ts#retains native explicit pattern precedence and standard ODF 1.3 approximation",
            "apps/office/src/sw/source/filter/xml/odt-list-marker-roundtrip.test.ts#projects native signed UNO StartWith and omitted zero ParentNumbering on export",
            "apps/office/src/sw/source/core/unocore/unosett.test.ts#applies marker properties before ListFormat and ignores native out-of-range ParentNumbering",
            "apps/office/src/xmloff/source/style/xmlnume.ts#SvxXMLNumRuleExport",
            "vendor/libreoffice-reference/xmloff/source/style/xmlnumi.cxx#SvxXMLListLevelStyleContext_Impl::GetProperties",
            "apps/office/src/sw/source/filter/xml/odt-list-headers-roundtrip.test.ts#round-trips native headers and unnumbered item continuations",
            "vendor/libreoffice-reference/xmloff/source/text/txtparae.cxx#XMLTextParagraphExport::exportListChange",
            "vendor/libreoffice-reference/xmloff/source/text/txtimp.cxx#XMLTextImportHelper::SetStyleAndAttrs",
            "vendor/libreoffice-reference/xmloff/source/text/XMLTextNumRuleInfo.cxx#XMLTextNumRuleInfo::Set",
            "vendor/libreoffice-reference/xmloff/source/text/XMLTextListItemContext.cxx#XMLTextListItemContext::XMLTextListItemContext",
            "vendor/libreoffice-reference/xmloff/source/text/XMLTextListBlockContext.cxx#XMLTextListBlockContext::endFastElement",
            "apps/office/src/sw/source/filter/xml/odt-list-start-normalization.test.ts#normalizes native ordinary starts and ignores header starts across document boundaries",
            "apps/office/src/xmloff/source/core/xmlimp.test.ts#converts native decimal byte-view attributes with distinct absence and zero",
            "vendor/libreoffice-reference/include/sax/fastattribs.hxx#getAsIntegerByIndex",
            "vendor/libreoffice-reference/include/o3tl/string_view.hxx#toInt32",
            "vendor/libreoffice-reference/sal/rtl/strtmpl.hxx#HandleSignChar",
            "vendor/libreoffice-reference/sal/rtl/strtmpl.hxx#DivMod",
            "vendor/libreoffice-reference/sal/rtl/strtmpl.hxx#toInt",
            "apps/office/src/sw/source/filter/xml/odt-list-sublist-restart.test.ts#imports native repeated-sublist restart and pending return through real packages",
            "apps/office/src/sw/source/filter/xml/odt-list-continuation.test.ts#imports native root continuation and default IDs through common and automatic ODT cycles",
            "apps/office/src/xmloff/source/text/txtlists.test.ts#retains processed roots, first style defaults and independent paragraph identity projection",
            "apps/office/src/xmloff/source/text/txtlists.test.ts#generates native time date random IDs and tests collisions only against processed roots",
            "vendor/libreoffice-reference/xmloff/source/text/XMLTextListBlockContext.cxx#XMLTextListBlockContext::XMLTextListBlockContext",
            "vendor/libreoffice-reference/xmloff/source/text/txtlists.cxx#XMLTextListsHelper::KeepListAsProcessed",
            "vendor/libreoffice-reference/xmloff/source/text/txtlists.cxx#XMLTextListsHelper::GetListIdForListBlock",
            "vendor/libreoffice-reference/xmloff/source/text/txtlists.cxx#XMLTextListsHelper::GenerateNewListId",
            "vendor/libreoffice-reference/sw/source/core/unocore/unosett.cxx#pRule->GetDefaultListId()",
            "apps/office/src/xmloff/source/style/styleexp.test.ts#exports direct positive and zero outline levels and explicit empty numbering styles",
            "apps/office/src/sw/source/filter/xml/odt-text-collection-numbering.test.ts#uses the newly selected rule in genuine ODT and preserves style attributes through Worker transfer",
            "vendor/libreoffice-reference/xmloff/source/text/txtstyli.cxx#XMLTextStyleContext::SetAttribute"
          ],
          "justification": "Mapped provenance remains semantically unverified against xmloff/source/text/txtparai.cxx; recorded Phase 0 checks prevent path or symbol evidence from being treated as parity. Absent/empty text:span style names now retain inherited properties without an additional character-style lookup/hint, matching the pinned span constructor. Six context cases and eight literal ODT package cases assert nesting, paragraph/character inheritance, child overrides and scope restoration, empty leaves, controls and active hyperlinks through import/export/reimport. Contradictory bare-span rejection fixtures are corrected. Broader style identity and full inline hint ownership/precedence, legacy font conversion and broader default/contracts remain individually unverified; this is no whole-module parity claim. Unknown/wrong-family character lookup now contributes no delta instead of aborting text import; property-less text styles still inherit valid named parents, and found automatic properties survive unresolved parents. Eleven context cases and eleven literal ODT cases with named parents in styles.xml and automatic children in content.xml verify exact unresolved names, missing/wrong-family lookup, optional properties, explicit false overrides, nested inheritance/scope restoration, controls and hyperlinks through export/reimport. Separate family/common/automatic style table identity and display-name mapping, full hint ownership, cycle semantics and wider import obligations remain unverified. Family-first lookup and separate paragraph/text name maps now reproduce bounded family-plus-name identity. Five context inputs and six literal real ODT cases in forward/reverse declaration order verify direct and parent resolution, same-name common/automatic families, Standard/Heading identities, paragraph geometry, effective inline properties and scope through export/reimport. The old wrong-family Heading rejection fixture now verifies no paragraph-property leak against an absent paragraph definition. Import/export suites are decomposed without changing prior assertions. Common-versus-automatic container ownership, display-name identity, duplicate selection, cycles/defaults and wider semantic contracts remain unverified; this is no whole-module promotion. XMLStylesContext retains style leaf references per container; Writer retains independent common and active automatic references and replaces the automatic context when a new container is encountered. Direct lookup checks the active automatic family/name first; automatic and common parents resolve only through common definitions. Found automatic deltas survive missing parents; missing paragraph references keep the default paragraph. Context ownership assertions and fifteen literal real ODT cases verify legal common/automatic collisions, same-name parents, independent families, named-only chains, empty/missing parents, stream replacement and common-only default publication through export/reimport. The previously source-invalid automatic-parent list export chain now puts its inherited base in common styles; exact pinned tdf114287 geometry remains unchanged across package cycles. This export bridge and broader named document-model ownership still require separate architecture audit; no whole-module parity promotion. For the existing LABEL_ALIGNMENT mode and LISTTAB/SPACE/NOTHING separators, source-owned xmlnumi parsing now retains zero defaults and MM100 fields with native Converter grammar/failure and SHRT bounds. The MM100 import port now carries both independent native geometry groups; the earlier legacy-to-alignment Twip emulation is removed. Writer numbering property conversion follows unosett.cxx signed MM100/Twip ratios; export projects native MM100 and delegates CM serialization to XML/SAX. ODF 1.3 XML emits explicit label-alignment mode and retains standard command geometry; indents are nonzero-only and tab position is exported only for LISTTAB with a positive value. Context/core assertions and eleven literal common/automatic ODT cases plus both default command marker families verify native quantization, conditional XML and manual reopen state. Full numbering/UNO, legacy position mode/property ownership, NEWLINE extensions, other XML units/versions, defaults and wider obligations remain unverified; no whole-module promotion. Declared levels retain independent native legacy and alignment geometry with zero defaults; only exact label-alignment selects modern mode. SvxNumberFormat in editeng owns positional state, signed widths and mode-dependent getters; Writer inherits and copies all fields. xmlnumi owns level/property contexts and MM100 legacy parsing/assembly. Writer conversion precedes core application, and xmlnume emits the selected group with native signs and omission predicates. Thirteen literal common/automatic ODT cases verify mode spellings/absence, child presence, independent state, signed/bounded/partial/invalid legacy fields, exact XML and reopen. Clone and browser snapshots preserve inactive fields; primitive browser geometry selects the active group. Full line layout, numbering families, extensions and wider contracts/defaults remain separately unverified. No whole-module promotion. Source-ordered XML declarations now replace complete levels on a native modern Arabic base rule; omitted and empty rules retain base defaults, duplicates apply in order, and a rejected SymbolTextDistance stops later replacements while preserving prior levels. Writer owns the copy/validate/Set boundary. A bounded extracted C++ probe compares 17 ordered cases / 170 complete level states; real common/automatic ODT tests cover empty/omitted/repeated levels, independent position modes, signed distance failure, clone and browser snapshot retention, marker projections and export/reopen. Accepted MM100 distance 32767 quantizes to 32768 on export and is rejected on reopen as in the pinned sources. Full UNO ownership, outline/legacy base factories, continuous numbering, numbering families/fonts/extensions, source ownership of the list-style wrapper and full formatter behavior remain separate unverified obligations; no whole-module promotion. ODF marker transport preserves raw affixes, native byte-int start/display normalization, ordered style/loext ListFormat aliases (including empty strings), generated available-level clamp and final UNO SetListFormat compatibility overwrite for existing Arabic/bullet levels. Standard ODF 1.3 export is owned by SvxXMLNumRuleExport and coherent per-level records, with nonempty affixes, signed StartWith narrowing and clamped display omission; raw patterns retain native standard-format approximation on reopen. Sixteen literal common/automatic cases plus signed start/zero parent projection verify state, visible labels, owned clones, Worker v16, selected XML and reopen. A bounded compiled oracle matches 144 declarations, 144 applied states and 144 export attribute sets from unmodified pinned excerpts. ASCII string shims, modern/no-build-id input, Arabic/bullet and standard ODF only; ancient OOo suffix correction depends on absent generator/build-id metadata APIs and remains unresolved. Full native build, wider numbering families/fonts/legal/outline/continuous/NONE/bitmap, extended output, complete list-style/UNO ownership and wider defaults/contracts remain unverified. No whole-module parity promotion or save/open/recovery policy change. Existing SwTextNode counted state now crosses ODT projection/application. Native XMLTextListsHelper owns the block/item marker stack; ordinary item markers are consumed after the first paragraph and restored outer markers are cleared after sublists. Header start values are ignored, subsequent item paragraphs are unnumbered, and Writer applies RES_PARATR_LIST_ISCOUNTED=false. Export retains actual opened list-item/header tags: skipped ancestors use list-item, a newly opened final unnumbered level uses list-header, and unnumbered same/decreasing-level paragraphs continue the current item after deeper lists close. Restart/start projection is gated on numbered paragraphs as pinned XMLTextNumRuleInfo::Set does. Compiled unmodified exportListChange and item-stack bodies match368 export event sequences with explicit OUString/export/numbered-metadata/identity/no-continuation shims; no full native or UNO build. Genuine common/automatic header, nested/multiple-paragraph, skipped-level and bullet ODT assertions verify literal state, labels/vectors, independent rule/item copies, Worker16, selected XML and reopen; uncounted restart omission is explicitly native rather than invented retention. List style overrides, repeated-sublist restart, numbered-paragraph, full helper identity/UNO/lifecycle and wider contracts remain separately unverified. No whole-module promotion or registered save/open/recovery change. Shared FastAttributeList.getAsInteger now owns the bounded decimal byte-view conversion formerly private to list-style import. Nullable absence adapts native getAsInteger bool/out-value; declaration consumers preserve absent defaults and index/start/display normalization. Ordinary item import accepts converted0..32767, ignores negative/out-of-range values and retains native zero on no digits/int32 overflow; headers never convert start. Signed zero is canonical integer0. Compiled unmodified rtl/o3tl integer bodies and exact native item range branch match115 conversions/170 real ordinary/header SAX contexts with platform/view/iterator adapters. Twenty-two literal start spellings in common/automatic numbered/bullet ODT packages verify text,count,levels,restarts,starts,counters,vectors,labels,independent rule/item copies,Worker16,conditional XML and reopen. Complete native scalar/radix/UTF16/token/container/UNO ownership and repeated-sublist restart remain separately unverified; the local FastAttributeList is still an xmloff adapter rather than a native sax-owned class. No whole-module parity promotion or registered save/open/recovery change. Source-owned XMLTextListBlockContext and XMLTextListItemContext now hold actual parent/helper block references, per-item sublist counts and pending restart inheritance/consumption/return. Existing resolved-rule nested lists restart on the second/later sublist; the first paragraph consumes the flag even when uncounted, and empty lists return it to their parent. Compiled unmodified pinned item child factory, block inheritance/end/getter/reset and txtimp restart-consumption bodies match1536 actual SAX trees/10752 paragraph states with explicit platform/token/reference/helper/property adapters. Thirty-two genuine numbered/bullet common/automatic ODT packages verify literal text,count,levels,restart,direct/effective starts,counters,vectors,labels,owned rule/item copies,Worker16 and bounded reopen. Native conditional implicit-restart export is now bounded by independent metadata and selected structural/start evidence. Native uncounted restart omission is retained. Continue-numbering/processed root identity, missing-rule MakeNumRule defaults, style overrides, numbered-paragraph and full UNO/helper/native architecture remain unverified; no whole-module promotion or registered save/open/recovery change. Source-owned XMLTextListsHelper replaces stream aliases and rule-counter IDs with processed root style/continuation records, last-root/per-style state, first-style DefaultListId mapping and native paragraph identity projection. Block contexts retain independent own/master IDs, inherit them at nested levels and accept identity attributes only at root. Exact true continue-numbering overrides pending restart at every level; modern root implicit continuation selects only the last matching raw style/different ID. Unknown targets clear, known chains resolve to the master and duplicate roots retain prior records. Writer exposes its existing SwNumRule.GetDefaultListId through the typed import bridge. Native time/date/random list IDs and processed collision suffixes use JS Date milliseconds and uniform31bit browser RNG adapters. Unmodified pinned block constructor/end/getters and processed/default/generator bodies match3082 actual context sequences/15392 raw/effective identity/restart/query states,including fixed RNG1/INT_MAX. Explicit ASCII/string/platform/raw-reference/typed-property/resolved-rule/modern-no-build-id/no-MSO/fixed-clock-RNG adapters;no full native/UNO/factory/legacy/MSO/stable-environment build or lifetime claim.112 genuine common/automatic Arabic/bullet package scenarios assert literal states,counters/vectors/labels,owned rules/items,Worker16,selected XML and independent native reopen projections. Existing source-stale literal identities now follow first-style default mapping. Complete export helper identity/style overrides,missing-rule factories,old build-id/MSO defaults,numbered-paragraph/full UNO/native ownership and deferred SwList insertion/validation architecture remain unverified. No whole-module/default promotion or registered save/open/recovery change. Iteration37 admits the existing named paragraph list/outline items after source-owned heading level restoration. The xmloff helper emits direct positive outline levels,ODF1.3 empty zero values,explicit empty numbering and normal names while suppressing the reserved Outline rule. Writer emits referenced common numbering definitions through the existing level exporter so styles whose rules are absent from current body retain resolvable references. Named style parsing preserves supported outline values and list-style names. Existing assigned heading levels without numbering do not trigger the no-rule/list-level export diagnostic. Literal native attribute predicates and real ODT/Worker/reopen/undo tests cover this dependency slice;full XMLStyleExport inheritance fallback,UNO style machinery,style-name encoding,outline export,automatic/direct-outline properties and native lifetime/compatibility remain separately unverified. IO settings and Worker16/ODF1.3 remain unchanged.",
          "knownViolations": [],
          "localSymbols": [
            "OdfStyleDefinition",
            "XMLTextBodyContext",
            "XMLParaContext",
            "resolveParagraphStyle",
            "XMLParagraphImportProperties",
            "createInlineContext",
            "resolveTextStyle"
          ],
          "sourceResponsibility": "unverified",
          "upstreamFile": "xmloff/source/text/txtparai.cxx",
          "upstreamSymbols": [
            "XMLHints_Impl::push_back",
            "std::move",
            "XMLCharContext::XMLCharContext",
            "sax_fastparser::castToFastAttributeList",
            "XMLImpSpanContext_Impl::XMLImpSpanContext_Impl",
            "XMLImpSpanContext_Impl::characters",
            "XMLImpSpanContext_Impl::createFastChildContext"
          ]
        },
        "state": "active",
        "subsystem": "odf-filter",
        "suite": "shared",
        "exportedOperations": [
          "resolveParagraphStyle"
        ]
      }
    ],
    "placeholderSuiteCount": 6,
    "schemaVersion": 3,
    "semanticViolationCount": 0,
    "uiBehaviorCount": 10
  }
}
