4 0 0 0 0 341 0 0 1 2 0 18 0 0 0 0 1 0 0 2 0 0 3 0 1 0 0 2 1 0 5 0 0 8 0 0 3 2 0 3 2 2 7 0 1 5 0 0 6 0 1 5 0 0 4 1 0 0 1 0 9 0 1 10 2 0
4 0 0 0 0 1023 0 0 1 2 0 18 0 0 0 0 1 0 0 2 0 0 3 0 1 0 0 2 1 0 5 0 0 8 0 0 3 2 0 3 2 2 7 0 1 5 0 0 6 0 1 5 0 0 4 1 0 0 1 0 9 0 1 10 2 0
4 0 0 0 7 341 0 0 1 2 0 18 0 0 0 0 1 0 0 2 0 0 3 0 1 0 0 2 1 0 5 0 0 8 0 0 3 2 0 3 2 2 7 0 1 5 0 0 6 0 1 5 0 0 4 1 0 0 1 0 9 0 1 10 2 0
4 0 0 0 7 1023 0 0 1 2 0 18 0 0 0 0 1 0 0 2 0 0 3 0 1 0 0 2 1 0 5 0 0 8 0 0 3 2 0 3 2 2 7 0 1 5 0 0 6 0 1 5 0 0 4 1 0 0 1 0 9 0 1 10 2 0
4 0 0 1 0 341 0 0 1 2 0 18 0 0 0 0 1 0 0 2 0 0 3 0 1 0 0 2 1 0 5 0 0 8 0 0 3 2 0 3 2 2 7 0 1 5 0 0 6 0 1 5 0 0 4 1 0 0 1 0 9 0 0 10 2 0
4 0 0 1 0 1023 0 0 1 2 0 18 0 0 0 0 1 0 0 2 0 0 3 0 1 0 0 2 1 0 5 0 0 8 0 0 3 2 0 3 2 2 7 0 1 5 0 0 6 0 1 5 0 0 4 1 0 0 1 0 9 0 0 10 2 0
4 0 0 1 7 341 0 0 1 2 0 18 0 0 0 0 1 0 0 2 0 0 3 0 1 0 0 2 1 0 5 0 0 8 0 0 3 2 0 3 2 2 7 0 1 5 0 0 6 0 1 5 0 0 4 1 0 0 1 0 9 0 0 10 2 0
4 0 0 1 7 1023 0 0 1 2 0 18 0 0 0 0 1 0 0 2 0 0 3 0 1 0 0 2 1 0 5 0 0 8 0 0 3 2 0 3 2 2 7 0 1 5 0 0 6 0 1 5 0 0 4 1 0 0 1 0 9 0 0 10 2 0
4 0 1 0 0 341 0 0 1 2 0 18 0 0 0 0 1 0 0 2 0 0 3 0 1 0 0 2 1 0 5 0 0 8 0 0 3 2 0 3 2 2 7 0 0 5 0 0 6 0 1 5 0 0 4 1 0 0 1 0 9 0 1 10 2 0
4 0 1 0 0 1023 0 0 1 2 0 18 0 0 0 0 1 0 0 2 0 0 3 0 1 0 0 2 1 0 5 0 0 8 0 0 3 2 0 3 2 2 7 0 0 5 0 0 6 0 1 5 0 0 4 1 0 0 1 0 9 0 1 10 2 0
4 0 1 0 7 341 0 0 1 2 0 18 0 0 0 0 1 0 0 2 0 0 3 0 1 0 0 2 1 0 5 0 0 8 0 0 3 2 0 3 2 2 7 0 0 5 0 0 6 0 1 5 0 0 4 1 0 0 1 0 9 0 1 10 2 0
4 0 1 0 7 1023 0 0 1 2 0 18 0 0 0 0 1 0 0 2 0 0 3 0 1 0 0 2 1 0 5 0 0 8 0 0 3 2 0 3 2 2 7 0 0 5 0 0 6 0 1 5 0 0 4 1 0 0 1 0 9 0 1 10 2 0
4 0 1 1 0 341 0 0 1 2 0 18 0 0 0 0 1 0 0 2 0 0 3 0 1 0 0 2 1 0 5 0 0 8 0 0 3 2 0 3 2 2 7 0 0 5 0 0 6 0 1 5 0 0 4 1 0 0 1 0 9 0 0 10 2 0
4 0 1 1 0 1023 0 0 1 2 0 18 0 0 0 0 1 0 0 2 0 0 3 0 1 0 0 2 1 0 5 0 0 8 0 0 3 2 0 3 2 2 7 0 0 5 0 0 6 0 1 5 0 0 4 1 0 0 1 0 9 0 0 10 2 0
4 0 1 1 7 341 0 0 1 2 0 18 0 0 0 0 1 0 0 2 0 0 3 0 1 0 0 2 1 0 5 0 0 8 0 0 3 2 0 3 2 2 7 0 0 5 0 0 6 0 1 5 0 0 4 1 0 0 1 0 9 0 0 10 2 0
4 0 1 1 7 1023 0 0 1 2 0 18 0 0 0 0 1 0 0 2 0 0 3 0 1 0 0 2 1 0 5 0 0 8 0 0 3 2 0 3 2 2 7 0 0 5 0 0 6 0 1 5 0 0 4 1 0 0 1 0 9 0 0 10 2 0
4 1 0 0 0 341 0 0 1 2 0 18 0 0 0 0 1 0 0 2 0 0 3 0 1 0 0 2 1 0 5 0 0 8 0 0 3 2 0 3 2 2 7 0 1 5 0 0 6 0 0 5 0 0 4 1 0 0 1 0 9 0 1 10 2 0
4 1 0 0 0 1023 0 0 1 2 0 18 0 0 0 0 1 0 0 2 0 0 3 0 1 0 0 2 1 0 5 0 0 8 0 0 3 2 0 3 2 2 7 0 1 5 0 0 6 0 0 5 0 0 4 1 0 0 1 0 9 0 1 10 2 0
4 1 0 0 7 341 0 0 1 2 0 18 0 0 0 0 1 0 0 2 0 0 3 0 1 0 0 2 1 0 5 0 0 8 0 0 3 2 0 3 2 2 7 0 1 5 0 0 6 0 0 5 0 0 4 1 0 0 1 0 9 0 1 10 2 0
4 1 0 0 7 1023 0 0 1 2 0 18 0 0 0 0 1 0 0 2 0 0 3 0 1 0 0 2 1 0 5 0 0 8 0 0 3 2 0 3 2 2 7 0 1 5 0 0 6 0 0 5 0 0 4 1 0 0 1 0 9 0 1 10 2 0
4 1 0 1 0 341 0 0 1 2 0 18 0 0 0 0 1 0 0 2 0 0 3 0 1 0 0 2 1 0 5 0 0 8 0 0 3 2 0 3 2 2 7 0 1 5 0 0 6 0 0 5 0 0 4 1 0 0 1 0 9 0 0 10 2 0
4 1 0 1 0 1023 0 0 1 2 0 18 0 0 0 0 1 0 0 2 0 0 3 0 1 0 0 2 1 0 5 0 0 8 0 0 3 2 0 3 2 2 7 0 1 5 0 0 6 0 0 5 0 0 4 1 0 0 1 0 9 0 0 10 2 0
4 1 0 1 7 341 0 0 1 2 0 18 0 0 0 0 1 0 0 2 0 0 3 0 1 0 0 2 1 0 5 0 0 8 0 0 3 2 0 3 2 2 7 0 1 5 0 0 6 0 0 5 0 0 4 1 0 0 1 0 9 0 0 10 2 0
4 1 0 1 7 1023 0 0 1 2 0 18 0 0 0 0 1 0 0 2 0 0 3 0 1 0 0 2 1 0 5 0 0 8 0 0 3 2 0 3 2 2 7 0 1 5 0 0 6 0 0 5 0 0 4 1 0 0 1 0 9 0 0 10 2 0
4 1 1 0 0 341 0 0 1 2 0 18 0 0 0 0 1 0 0 2 0 0 3 0 1 0 0 2 1 0 5 0 0 8 0 0 3 2 0 3 2 2 7 0 0 5 0 0 6 0 0 5 0 0 4 1 0 0 1 0 9 0 1 10 2 0
4 1 1 0 0 1023 0 0 1 2 0 18 0 0 0 0 1 0 0 2 0 0 3 0 1 0 0 2 1 0 5 0 0 8 0 0 3 2 0 3 2 2 7 0 0 5 0 0 6 0 0 5 0 0 4 1 0 0 1 0 9 0 1 10 2 0
4 1 1 0 7 341 0 0 1 2 0 18 0 0 0 0 1 0 0 2 0 0 3 0 1 0 0 2 1 0 5 0 0 8 0 0 3 2 0 3 2 2 7 0 0 5 0 0 6 0 0 5 0 0 4 1 0 0 1 0 9 0 1 10 2 0
4 1 1 0 7 1023 0 0 1 2 0 18 0 0 0 0 1 0 0 2 0 0 3 0 1 0 0 2 1 0 5 0 0 8 0 0 3 2 0 3 2 2 7 0 0 5 0 0 6 0 0 5 0 0 4 1 0 0 1 0 9 0 1 10 2 0
4 1 1 1 0 341 0 0 1 2 0 18 0 0 0 0 1 0 0 2 0 0 3 0 1 0 0 2 1 0 5 0 0 8 0 0 3 2 0 3 2 2 7 0 0 5 0 0 6 0 0 5 0 0 4 1 0 0 1 0 9 0 0 10 2 0
4 1 1 1 0 1023 0 0 1 2 0 18 0 0 0 0 1 0 0 2 0 0 3 0 1 0 0 2 1 0 5 0 0 8 0 0 3 2 0 3 2 2 7 0 0 5 0 0 6 0 0 5 0 0 4 1 0 0 1 0 9 0 0 10 2 0
4 1 1 1 7 341 0 0 1 2 0 18 0 0 0 0 1 0 0 2 0 0 3 0 1 0 0 2 1 0 5 0 0 8 0 0 3 2 0 3 2 2 7 0 0 5 0 0 6 0 0 5 0 0 4 1 0 0 1 0 9 0 0 10 2 0
4 1 1 1 7 1023 0 0 1 2 0 18 0 0 0 0 1 0 0 2 0 0 3 0 1 0 0 2 1 0 5 0 0 8 0 0 3 2 0 3 2 2 7 0 0 5 0 0 6 0 0 5 0 0 4 1 0 0 1 0 9 0 0 10 2 0
4 0 0 0 0 341 1 0 1 2 0 18 0 3 0 0 2 0 0 1 0 0 0 0 1 0 0 2 1 0 5 0 0 8 0 0 3 2 0 3 2 2 7 0 1 5 0 0 6 0 1 5 0 0 4 1 0 0 1 0 9 0 1 10 2 0
4 0 0 0 0 1023 1 0 1 2 0 18 0 3 0 0 2 0 0 1 0 0 0 0 1 0 0 2 1 0 5 0 0 8 0 0 3 2 0 3 2 2 7 0 1 5 0 0 6 0 1 5 0 0 4 1 0 0 1 0 9 0 1 10 2 0
4 0 0 0 7 341 1 0 1 2 0 18 0 3 0 0 2 0 0 1 0 0 0 0 1 0 0 2 1 0 5 0 0 8 0 0 3 2 0 3 2 2 7 0 1 5 0 0 6 0 1 5 0 0 4 1 0 0 1 0 9 0 1 10 2 0
4 0 0 0 7 1023 1 0 1 2 0 18 0 3 0 0 2 0 0 1 0 0 0 0 1 0 0 2 1 0 5 0 0 8 0 0 3 2 0 3 2 2 7 0 1 5 0 0 6 0 1 5 0 0 4 1 0 0 1 0 9 0 1 10 2 0
4 0 0 1 0 341 1 0 1 2 0 18 0 3 0 0 2 0 0 1 0 0 0 0 1 0 0 2 1 0 5 0 0 8 0 0 3 2 0 3 2 2 7 0 1 5 0 0 6 0 1 5 0 0 4 1 0 0 1 0 9 0 0 10 2 0
4 0 0 1 0 1023 1 0 1 2 0 18 0 3 0 0 2 0 0 1 0 0 0 0 1 0 0 2 1 0 5 0 0 8 0 0 3 2 0 3 2 2 7 0 1 5 0 0 6 0 1 5 0 0 4 1 0 0 1 0 9 0 0 10 2 0
4 0 0 1 7 341 1 0 1 2 0 18 0 3 0 0 2 0 0 1 0 0 0 0 1 0 0 2 1 0 5 0 0 8 0 0 3 2 0 3 2 2 7 0 1 5 0 0 6 0 1 5 0 0 4 1 0 0 1 0 9 0 0 10 2 0
4 0 0 1 7 1023 1 0 1 2 0 18 0 3 0 0 2 0 0 1 0 0 0 0 1 0 0 2 1 0 5 0 0 8 0 0 3 2 0 3 2 2 7 0 1 5 0 0 6 0 1 5 0 0 4 1 0 0 1 0 9 0 0 10 2 0
4 0 1 0 0 341 1 0 1 2 0 18 0 3 0 0 2 0 0 1 0 0 0 0 1 0 0 2 1 0 5 0 0 8 0 0 3 2 0 3 2 2 7 0 0 5 0 0 6 0 1 5 0 0 4 1 0 0 1 0 9 0 1 10 2 0
4 0 1 0 0 1023 1 0 1 2 0 18 0 3 0 0 2 0 0 1 0 0 0 0 1 0 0 2 1 0 5 0 0 8 0 0 3 2 0 3 2 2 7 0 0 5 0 0 6 0 1 5 0 0 4 1 0 0 1 0 9 0 1 10 2 0
4 0 1 0 7 341 1 0 1 2 0 18 0 3 0 0 2 0 0 1 0 0 0 0 1 0 0 2 1 0 5 0 0 8 0 0 3 2 0 3 2 2 7 0 0 5 0 0 6 0 1 5 0 0 4 1 0 0 1 0 9 0 1 10 2 0
4 0 1 0 7 1023 1 0 1 2 0 18 0 3 0 0 2 0 0 1 0 0 0 0 1 0 0 2 1 0 5 0 0 8 0 0 3 2 0 3 2 2 7 0 0 5 0 0 6 0 1 5 0 0 4 1 0 0 1 0 9 0 1 10 2 0
4 0 1 1 0 341 1 0 1 2 0 18 0 3 0 0 2 0 0 1 0 0 0 0 1 0 0 2 1 0 5 0 0 8 0 0 3 2 0 3 2 2 7 0 0 5 0 0 6 0 1 5 0 0 4 1 0 0 1 0 9 0 0 10 2 0
4 0 1 1 0 1023 1 0 1 2 0 18 0 3 0 0 2 0 0 1 0 0 0 0 1 0 0 2 1 0 5 0 0 8 0 0 3 2 0 3 2 2 7 0 0 5 0 0 6 0 1 5 0 0 4 1 0 0 1 0 9 0 0 10 2 0
4 0 1 1 7 341 1 0 1 2 0 18 0 3 0 0 2 0 0 1 0 0 0 0 1 0 0 2 1 0 5 0 0 8 0 0 3 2 0 3 2 2 7 0 0 5 0 0 6 0 1 5 0 0 4 1 0 0 1 0 9 0 0 10 2 0
4 0 1 1 7 1023 1 0 1 2 0 18 0 3 0 0 2 0 0 1 0 0 0 0 1 0 0 2 1 0 5 0 0 8 0 0 3 2 0 3 2 2 7 0 0 5 0 0 6 0 1 5 0 0 4 1 0 0 1 0 9 0 0 10 2 0
4 1 0 0 0 341 1 0 1 2 0 18 0 3 0 0 2 0 0 1 0 0 0 0 1 0 0 2 1 0 5 0 0 8 0 0 3 2 0 3 2 2 7 0 1 5 0 0 6 0 0 5 0 0 4 1 0 0 1 0 9 0 1 10 2 0
4 1 0 0 0 1023 1 0 1 2 0 18 0 3 0 0 2 0 0 1 0 0 0 0 1 0 0 2 1 0 5 0 0 8 0 0 3 2 0 3 2 2 7 0 1 5 0 0 6 0 0 5 0 0 4 1 0 0 1 0 9 0 1 10 2 0
4 1 0 0 7 341 1 0 1 2 0 18 0 3 0 0 2 0 0 1 0 0 0 0 1 0 0 2 1 0 5 0 0 8 0 0 3 2 0 3 2 2 7 0 1 5 0 0 6 0 0 5 0 0 4 1 0 0 1 0 9 0 1 10 2 0
4 1 0 0 7 1023 1 0 1 2 0 18 0 3 0 0 2 0 0 1 0 0 0 0 1 0 0 2 1 0 5 0 0 8 0 0 3 2 0 3 2 2 7 0 1 5 0 0 6 0 0 5 0 0 4 1 0 0 1 0 9 0 1 10 2 0
4 1 0 1 0 341 1 0 1 2 0 18 0 3 0 0 2 0 0 1 0 0 0 0 1 0 0 2 1 0 5 0 0 8 0 0 3 2 0 3 2 2 7 0 1 5 0 0 6 0 0 5 0 0 4 1 0 0 1 0 9 0 0 10 2 0
4 1 0 1 0 1023 1 0 1 2 0 18 0 3 0 0 2 0 0 1 0 0 0 0 1 0 0 2 1 0 5 0 0 8 0 0 3 2 0 3 2 2 7 0 1 5 0 0 6 0 0 5 0 0 4 1 0 0 1 0 9 0 0 10 2 0
4 1 0 1 7 341 1 0 1 2 0 18 0 3 0 0 2 0 0 1 0 0 0 0 1 0 0 2 1 0 5 0 0 8 0 0 3 2 0 3 2 2 7 0 1 5 0 0 6 0 0 5 0 0 4 1 0 0 1 0 9 0 0 10 2 0
4 1 0 1 7 1023 1 0 1 2 0 18 0 3 0 0 2 0 0 1 0 0 0 0 1 0 0 2 1 0 5 0 0 8 0 0 3 2 0 3 2 2 7 0 1 5 0 0 6 0 0 5 0 0 4 1 0 0 1 0 9 0 0 10 2 0
4 1 1 0 0 341 1 0 1 2 0 18 0 3 0 0 2 0 0 1 0 0 0 0 1 0 0 2 1 0 5 0 0 8 0 0 3 2 0 3 2 2 7 0 0 5 0 0 6 0 0 5 0 0 4 1 0 0 1 0 9 0 1 10 2 0
4 1 1 0 0 1023 1 0 1 2 0 18 0 3 0 0 2 0 0 1 0 0 0 0 1 0 0 2 1 0 5 0 0 8 0 0 3 2 0 3 2 2 7 0 0 5 0 0 6 0 0 5 0 0 4 1 0 0 1 0 9 0 1 10 2 0
4 1 1 0 7 341 1 0 1 2 0 18 0 3 0 0 2 0 0 1 0 0 0 0 1 0 0 2 1 0 5 0 0 8 0 0 3 2 0 3 2 2 7 0 0 5 0 0 6 0 0 5 0 0 4 1 0 0 1 0 9 0 1 10 2 0
4 1 1 0 7 1023 1 0 1 2 0 18 0 3 0 0 2 0 0 1 0 0 0 0 1 0 0 2 1 0 5 0 0 8 0 0 3 2 0 3 2 2 7 0 0 5 0 0 6 0 0 5 0 0 4 1 0 0 1 0 9 0 1 10 2 0
4 1 1 1 0 341 1 0 1 2 0 18 0 3 0 0 2 0 0 1 0 0 0 0 1 0 0 2 1 0 5 0 0 8 0 0 3 2 0 3 2 2 7 0 0 5 0 0 6 0 0 5 0 0 4 1 0 0 1 0 9 0 0 10 2 0
4 1 1 1 0 1023 1 0 1 2 0 18 0 3 0 0 2 0 0 1 0 0 0 0 1 0 0 2 1 0 5 0 0 8 0 0 3 2 0 3 2 2 7 0 0 5 0 0 6 0 0 5 0 0 4 1 0 0 1 0 9 0 0 10 2 0
4 1 1 1 7 341 1 0 1 2 0 18 0 3 0 0 2 0 0 1 0 0 0 0 1 0 0 2 1 0 5 0 0 8 0 0 3 2 0 3 2 2 7 0 0 5 0 0 6 0 0 5 0 0 4 1 0 0 1 0 9 0 0 10 2 0
4 1 1 1 7 1023 1 0 1 2 0 18 0 3 0 0 2 0 0 1 0 0 0 0 1 0 0 2 1 0 5 0 0 8 0 0 3 2 0 3 2 2 7 0 0 5 0 0 6 0 0 5 0 0 4 1 0 0 1 0 9 0 0 10 2 0
4 0 0 0 0 341 1 0 1 2 0 18 0 2 0 0 0 0 0 3 0 0 1 0 1 0 0 2 1 0 5 0 0 8 0 0 3 2 0 3 2 2 7 0 1 5 0 0 6 0 1 5 0 0 4 1 0 0 1 0 9 0 1 10 2 0
4 0 0 0 0 1023 1 0 1 2 0 18 0 2 0 0 0 0 0 3 0 0 1 0 1 0 0 2 1 0 5 0 0 8 0 0 3 2 0 3 2 2 7 0 1 5 0 0 6 0 1 5 0 0 4 1 0 0 1 0 9 0 1 10 2 0
4 0 0 0 7 341 1 0 1 2 0 18 0 2 0 0 0 0 0 3 0 0 1 0 1 0 0 2 1 0 5 0 0 8 0 0 3 2 0 3 2 2 7 0 1 5 0 0 6 0 1 5 0 0 4 1 0 0 1 0 9 0 1 10 2 0
4 0 0 0 7 1023 1 0 1 2 0 18 0 2 0 0 0 0 0 3 0 0 1 0 1 0 0 2 1 0 5 0 0 8 0 0 3 2 0 3 2 2 7 0 1 5 0 0 6 0 1 5 0 0 4 1 0 0 1 0 9 0 1 10 2 0
4 0 0 1 0 341 1 0 1 2 0 18 0 2 0 0 0 0 0 3 0 0 1 0 1 0 0 2 1 0 5 0 0 8 0 0 3 2 0 3 2 2 7 0 1 5 0 0 6 0 1 5 0 0 4 1 0 0 1 0 9 0 0 10 2 0
4 0 0 1 0 1023 1 0 1 2 0 18 0 2 0 0 0 0 0 3 0 0 1 0 1 0 0 2 1 0 5 0 0 8 0 0 3 2 0 3 2 2 7 0 1 5 0 0 6 0 1 5 0 0 4 1 0 0 1 0 9 0 0 10 2 0
4 0 0 1 7 341 1 0 1 2 0 18 0 2 0 0 0 0 0 3 0 0 1 0 1 0 0 2 1 0 5 0 0 8 0 0 3 2 0 3 2 2 7 0 1 5 0 0 6 0 1 5 0 0 4 1 0 0 1 0 9 0 0 10 2 0
4 0 0 1 7 1023 1 0 1 2 0 18 0 2 0 0 0 0 0 3 0 0 1 0 1 0 0 2 1 0 5 0 0 8 0 0 3 2 0 3 2 2 7 0 1 5 0 0 6 0 1 5 0 0 4 1 0 0 1 0 9 0 0 10 2 0
4 0 1 0 0 341 1 0 1 2 0 18 0 2 0 0 0 0 0 3 0 0 1 0 1 0 0 2 1 0 5 0 0 8 0 0 3 2 0 3 2 2 7 0 0 5 0 0 6 0 1 5 0 0 4 1 0 0 1 0 9 0 1 10 2 0
4 0 1 0 0 1023 1 0 1 2 0 18 0 2 0 0 0 0 0 3 0 0 1 0 1 0 0 2 1 0 5 0 0 8 0 0 3 2 0 3 2 2 7 0 0 5 0 0 6 0 1 5 0 0 4 1 0 0 1 0 9 0 1 10 2 0
4 0 1 0 7 341 1 0 1 2 0 18 0 2 0 0 0 0 0 3 0 0 1 0 1 0 0 2 1 0 5 0 0 8 0 0 3 2 0 3 2 2 7 0 0 5 0 0 6 0 1 5 0 0 4 1 0 0 1 0 9 0 1 10 2 0
4 0 1 0 7 1023 1 0 1 2 0 18 0 2 0 0 0 0 0 3 0 0 1 0 1 0 0 2 1 0 5 0 0 8 0 0 3 2 0 3 2 2 7 0 0 5 0 0 6 0 1 5 0 0 4 1 0 0 1 0 9 0 1 10 2 0
4 0 1 1 0 341 1 0 1 2 0 18 0 2 0 0 0 0 0 3 0 0 1 0 1 0 0 2 1 0 5 0 0 8 0 0 3 2 0 3 2 2 7 0 0 5 0 0 6 0 1 5 0 0 4 1 0 0 1 0 9 0 0 10 2 0
4 0 1 1 0 1023 1 0 1 2 0 18 0 2 0 0 0 0 0 3 0 0 1 0 1 0 0 2 1 0 5 0 0 8 0 0 3 2 0 3 2 2 7 0 0 5 0 0 6 0 1 5 0 0 4 1 0 0 1 0 9 0 0 10 2 0
4 0 1 1 7 341 1 0 1 2 0 18 0 2 0 0 0 0 0 3 0 0 1 0 1 0 0 2 1 0 5 0 0 8 0 0 3 2 0 3 2 2 7 0 0 5 0 0 6 0 1 5 0 0 4 1 0 0 1 0 9 0 0 10 2 0
4 0 1 1 7 1023 1 0 1 2 0 18 0 2 0 0 0 0 0 3 0 0 1 0 1 0 0 2 1 0 5 0 0 8 0 0 3 2 0 3 2 2 7 0 0 5 0 0 6 0 1 5 0 0 4 1 0 0 1 0 9 0 0 10 2 0
4 1 0 0 0 341 1 0 1 2 0 18 0 2 0 0 0 0 0 3 0 0 1 0 1 0 0 2 1 0 5 0 0 8 0 0 3 2 0 3 2 2 7 0 1 5 0 0 6 0 0 5 0 0 4 1 0 0 1 0 9 0 1 10 2 0
4 1 0 0 0 1023 1 0 1 2 0 18 0 2 0 0 0 0 0 3 0 0 1 0 1 0 0 2 1 0 5 0 0 8 0 0 3 2 0 3 2 2 7 0 1 5 0 0 6 0 0 5 0 0 4 1 0 0 1 0 9 0 1 10 2 0
4 1 0 0 7 341 1 0 1 2 0 18 0 2 0 0 0 0 0 3 0 0 1 0 1 0 0 2 1 0 5 0 0 8 0 0 3 2 0 3 2 2 7 0 1 5 0 0 6 0 0 5 0 0 4 1 0 0 1 0 9 0 1 10 2 0
4 1 0 0 7 1023 1 0 1 2 0 18 0 2 0 0 0 0 0 3 0 0 1 0 1 0 0 2 1 0 5 0 0 8 0 0 3 2 0 3 2 2 7 0 1 5 0 0 6 0 0 5 0 0 4 1 0 0 1 0 9 0 1 10 2 0
4 1 0 1 0 341 1 0 1 2 0 18 0 2 0 0 0 0 0 3 0 0 1 0 1 0 0 2 1 0 5 0 0 8 0 0 3 2 0 3 2 2 7 0 1 5 0 0 6 0 0 5 0 0 4 1 0 0 1 0 9 0 0 10 2 0
4 1 0 1 0 1023 1 0 1 2 0 18 0 2 0 0 0 0 0 3 0 0 1 0 1 0 0 2 1 0 5 0 0 8 0 0 3 2 0 3 2 2 7 0 1 5 0 0 6 0 0 5 0 0 4 1 0 0 1 0 9 0 0 10 2 0
4 1 0 1 7 341 1 0 1 2 0 18 0 2 0 0 0 0 0 3 0 0 1 0 1 0 0 2 1 0 5 0 0 8 0 0 3 2 0 3 2 2 7 0 1 5 0 0 6 0 0 5 0 0 4 1 0 0 1 0 9 0 0 10 2 0
4 1 0 1 7 1023 1 0 1 2 0 18 0 2 0 0 0 0 0 3 0 0 1 0 1 0 0 2 1 0 5 0 0 8 0 0 3 2 0 3 2 2 7 0 1 5 0 0 6 0 0 5 0 0 4 1 0 0 1 0 9 0 0 10 2 0
4 1 1 0 0 341 1 0 1 2 0 18 0 2 0 0 0 0 0 3 0 0 1 0 1 0 0 2 1 0 5 0 0 8 0 0 3 2 0 3 2 2 7 0 0 5 0 0 6 0 0 5 0 0 4 1 0 0 1 0 9 0 1 10 2 0
4 1 1 0 0 1023 1 0 1 2 0 18 0 2 0 0 0 0 0 3 0 0 1 0 1 0 0 2 1 0 5 0 0 8 0 0 3 2 0 3 2 2 7 0 0 5 0 0 6 0 0 5 0 0 4 1 0 0 1 0 9 0 1 10 2 0
4 1 1 0 7 341 1 0 1 2 0 18 0 2 0 0 0 0 0 3 0 0 1 0 1 0 0 2 1 0 5 0 0 8 0 0 3 2 0 3 2 2 7 0 0 5 0 0 6 0 0 5 0 0 4 1 0 0 1 0 9 0 1 10 2 0
4 1 1 0 7 1023 1 0 1 2 0 18 0 2 0 0 0 0 0 3 0 0 1 0 1 0 0 2 1 0 5 0 0 8 0 0 3 2 0 3 2 2 7 0 0 5 0 0 6 0 0 5 0 0 4 1 0 0 1 0 9 0 1 10 2 0
4 1 1 1 0 341 1 0 1 2 0 18 0 2 0 0 0 0 0 3 0 0 1 0 1 0 0 2 1 0 5 0 0 8 0 0 3 2 0 3 2 2 7 0 0 5 0 0 6 0 0 5 0 0 4 1 0 0 1 0 9 0 0 10 2 0
4 1 1 1 0 1023 1 0 1 2 0 18 0 2 0 0 0 0 0 3 0 0 1 0 1 0 0 2 1 0 5 0 0 8 0 0 3 2 0 3 2 2 7 0 0 5 0 0 6 0 0 5 0 0 4 1 0 0 1 0 9 0 0 10 2 0
4 1 1 1 7 341 1 0 1 2 0 18 0 2 0 0 0 0 0 3 0 0 1 0 1 0 0 2 1 0 5 0 0 8 0 0 3 2 0 3 2 2 7 0 0 5 0 0 6 0 0 5 0 0 4 1 0 0 1 0 9 0 0 10 2 0
4 1 1 1 7 1023 1 0 1 2 0 18 0 2 0 0 0 0 0 3 0 0 1 0 1 0 0 2 1 0 5 0 0 8 0 0 3 2 0 3 2 2 7 0 0 5 0 0 6 0 0 5 0 0 4 1 0 0 1 0 9 0 0 10 2 0
4 0 0 0 0 341 0 2 2 0 2 18 0 0 0 0 1 0 0 2 0 0 3 0 1 0 0 2 1 0 5 0 0 8 0 0 3 2 0 3 2 0 7 0 1 5 0 0 6 0 1 5 0 0 4 1 0 0 1 0 9 0 1 10 2 0
4 0 0 0 0 1023 0 2 2 0 2 18 0 0 0 0 1 0 0 2 0 0 3 0 1 0 0 2 1 0 5 0 0 8 0 0 3 2 0 3 2 0 7 0 1 5 0 0 6 0 1 5 0 0 4 1 0 0 1 0 9 0 1 10 2 0
4 0 0 0 7 341 0 2 2 0 2 18 0 0 0 0 1 0 0 2 0 0 3 0 1 0 0 2 1 0 5 0 0 8 0 0 3 2 0 3 2 0 7 0 1 5 0 0 6 0 1 5 0 0 4 1 0 0 1 0 9 0 1 10 2 0
4 0 0 0 7 1023 0 2 2 0 2 18 0 0 0 0 1 0 0 2 0 0 3 0 1 0 0 2 1 0 5 0 0 8 0 0 3 2 0 3 2 0 7 0 1 5 0 0 6 0 1 5 0 0 4 1 0 0 1 0 9 0 1 10 2 0
4 0 0 1 0 341 0 2 2 0 2 18 0 0 0 0 1 0 0 2 0 0 3 0 1 0 0 2 1 0 5 0 0 8 0 0 3 2 0 3 2 0 7 0 1 5 0 0 6 0 1 5 0 0 4 1 0 0 1 0 9 0 0 10 2 0
4 0 0 1 0 1023 0 2 2 0 2 18 0 0 0 0 1 0 0 2 0 0 3 0 1 0 0 2 1 0 5 0 0 8 0 0 3 2 0 3 2 0 7 0 1 5 0 0 6 0 1 5 0 0 4 1 0 0 1 0 9 0 0 10 2 0
4 0 0 1 7 341 0 2 2 0 2 18 0 0 0 0 1 0 0 2 0 0 3 0 1 0 0 2 1 0 5 0 0 8 0 0 3 2 0 3 2 0 7 0 1 5 0 0 6 0 1 5 0 0 4 1 0 0 1 0 9 0 0 10 2 0
4 0 0 1 7 1023 0 2 2 0 2 18 0 0 0 0 1 0 0 2 0 0 3 0 1 0 0 2 1 0 5 0 0 8 0 0 3 2 0 3 2 0 7 0 1 5 0 0 6 0 1 5 0 0 4 1 0 0 1 0 9 0 0 10 2 0
4 0 1 0 0 341 0 2 2 0 2 18 0 0 0 0 1 0 0 2 0 0 3 0 1 0 0 2 1 0 5 0 0 8 0 0 3 2 0 3 2 0 7 0 0 5 0 0 6 0 1 5 0 0 4 1 0 0 1 0 9 0 1 10 2 0
4 0 1 0 0 1023 0 2 2 0 2 18 0 0 0 0 1 0 0 2 0 0 3 0 1 0 0 2 1 0 5 0 0 8 0 0 3 2 0 3 2 0 7 0 0 5 0 0 6 0 1 5 0 0 4 1 0 0 1 0 9 0 1 10 2 0
4 0 1 0 7 341 0 2 2 0 2 18 0 0 0 0 1 0 0 2 0 0 3 0 1 0 0 2 1 0 5 0 0 8 0 0 3 2 0 3 2 0 7 0 0 5 0 0 6 0 1 5 0 0 4 1 0 0 1 0 9 0 1 10 2 0
4 0 1 0 7 1023 0 2 2 0 2 18 0 0 0 0 1 0 0 2 0 0 3 0 1 0 0 2 1 0 5 0 0 8 0 0 3 2 0 3 2 0 7 0 0 5 0 0 6 0 1 5 0 0 4 1 0 0 1 0 9 0 1 10 2 0
4 0 1 1 0 341 0 2 2 0 2 18 0 0 0 0 1 0 0 2 0 0 3 0 1 0 0 2 1 0 5 0 0 8 0 0 3 2 0 3 2 0 7 0 0 5 0 0 6 0 1 5 0 0 4 1 0 0 1 0 9 0 0 10 2 0
4 0 1 1 0 1023 0 2 2 0 2 18 0 0 0 0 1 0 0 2 0 0 3 0 1 0 0 2 1 0 5 0 0 8 0 0 3 2 0 3 2 0 7 0 0 5 0 0 6 0 1 5 0 0 4 1 0 0 1 0 9 0 0 10 2 0
4 0 1 1 7 341 0 2 2 0 2 18 0 0 0 0 1 0 0 2 0 0 3 0 1 0 0 2 1 0 5 0 0 8 0 0 3 2 0 3 2 0 7 0 0 5 0 0 6 0 1 5 0 0 4 1 0 0 1 0 9 0 0 10 2 0
4 0 1 1 7 1023 0 2 2 0 2 18 0 0 0 0 1 0 0 2 0 0 3 0 1 0 0 2 1 0 5 0 0 8 0 0 3 2 0 3 2 0 7 0 0 5 0 0 6 0 1 5 0 0 4 1 0 0 1 0 9 0 0 10 2 0
4 1 0 0 0 341 0 2 2 0 2 18 0 0 0 0 1 0 0 2 0 0 3 0 1 0 0 2 1 0 5 0 0 8 0 0 3 2 0 3 2 0 7 0 1 5 0 0 6 0 0 5 0 0 4 1 0 0 1 0 9 0 1 10 2 0
4 1 0 0 0 1023 0 2 2 0 2 18 0 0 0 0 1 0 0 2 0 0 3 0 1 0 0 2 1 0 5 0 0 8 0 0 3 2 0 3 2 0 7 0 1 5 0 0 6 0 0 5 0 0 4 1 0 0 1 0 9 0 1 10 2 0
4 1 0 0 7 341 0 2 2 0 2 18 0 0 0 0 1 0 0 2 0 0 3 0 1 0 0 2 1 0 5 0 0 8 0 0 3 2 0 3 2 0 7 0 1 5 0 0 6 0 0 5 0 0 4 1 0 0 1 0 9 0 1 10 2 0
4 1 0 0 7 1023 0 2 2 0 2 18 0 0 0 0 1 0 0 2 0 0 3 0 1 0 0 2 1 0 5 0 0 8 0 0 3 2 0 3 2 0 7 0 1 5 0 0 6 0 0 5 0 0 4 1 0 0 1 0 9 0 1 10 2 0
4 1 0 1 0 341 0 2 2 0 2 18 0 0 0 0 1 0 0 2 0 0 3 0 1 0 0 2 1 0 5 0 0 8 0 0 3 2 0 3 2 0 7 0 1 5 0 0 6 0 0 5 0 0 4 1 0 0 1 0 9 0 0 10 2 0
4 1 0 1 0 1023 0 2 2 0 2 18 0 0 0 0 1 0 0 2 0 0 3 0 1 0 0 2 1 0 5 0 0 8 0 0 3 2 0 3 2 0 7 0 1 5 0 0 6 0 0 5 0 0 4 1 0 0 1 0 9 0 0 10 2 0
4 1 0 1 7 341 0 2 2 0 2 18 0 0 0 0 1 0 0 2 0 0 3 0 1 0 0 2 1 0 5 0 0 8 0 0 3 2 0 3 2 0 7 0 1 5 0 0 6 0 0 5 0 0 4 1 0 0 1 0 9 0 0 10 2 0
4 1 0 1 7 1023 0 2 2 0 2 18 0 0 0 0 1 0 0 2 0 0 3 0 1 0 0 2 1 0 5 0 0 8 0 0 3 2 0 3 2 0 7 0 1 5 0 0 6 0 0 5 0 0 4 1 0 0 1 0 9 0 0 10 2 0
4 1 1 0 0 341 0 2 2 0 2 18 0 0 0 0 1 0 0 2 0 0 3 0 1 0 0 2 1 0 5 0 0 8 0 0 3 2 0 3 2 0 7 0 0 5 0 0 6 0 0 5 0 0 4 1 0 0 1 0 9 0 1 10 2 0
4 1 1 0 0 1023 0 2 2 0 2 18 0 0 0 0 1 0 0 2 0 0 3 0 1 0 0 2 1 0 5 0 0 8 0 0 3 2 0 3 2 0 7 0 0 5 0 0 6 0 0 5 0 0 4 1 0 0 1 0 9 0 1 10 2 0
4 1 1 0 7 341 0 2 2 0 2 18 0 0 0 0 1 0 0 2 0 0 3 0 1 0 0 2 1 0 5 0 0 8 0 0 3 2 0 3 2 0 7 0 0 5 0 0 6 0 0 5 0 0 4 1 0 0 1 0 9 0 1 10 2 0
4 1 1 0 7 1023 0 2 2 0 2 18 0 0 0 0 1 0 0 2 0 0 3 0 1 0 0 2 1 0 5 0 0 8 0 0 3 2 0 3 2 0 7 0 0 5 0 0 6 0 0 5 0 0 4 1 0 0 1 0 9 0 1 10 2 0
4 1 1 1 0 341 0 2 2 0 2 18 0 0 0 0 1 0 0 2 0 0 3 0 1 0 0 2 1 0 5 0 0 8 0 0 3 2 0 3 2 0 7 0 0 5 0 0 6 0 0 5 0 0 4 1 0 0 1 0 9 0 0 10 2 0
4 1 1 1 0 1023 0 2 2 0 2 18 0 0 0 0 1 0 0 2 0 0 3 0 1 0 0 2 1 0 5 0 0 8 0 0 3 2 0 3 2 0 7 0 0 5 0 0 6 0 0 5 0 0 4 1 0 0 1 0 9 0 0 10 2 0
4 1 1 1 7 341 0 2 2 0 2 18 0 0 0 0 1 0 0 2 0 0 3 0 1 0 0 2 1 0 5 0 0 8 0 0 3 2 0 3 2 0 7 0 0 5 0 0 6 0 0 5 0 0 4 1 0 0 1 0 9 0 0 10 2 0
4 1 1 1 7 1023 0 2 2 0 2 18 0 0 0 0 1 0 0 2 0 0 3 0 1 0 0 2 1 0 5 0 0 8 0 0 3 2 0 3 2 0 7 0 0 5 0 0 6 0 0 5 0 0 4 1 0 0 1 0 9 0 0 10 2 0
4 0 0 0 0 341 1 2 2 0 2 18 0 3 0 0 2 0 0 1 0 0 0 0 1 0 0 2 1 0 5 0 0 8 0 0 3 2 0 3 2 0 7 0 1 5 0 0 6 0 1 5 0 0 4 1 0 0 1 0 9 0 1 10 2 0
4 0 0 0 0 1023 1 2 2 0 2 18 0 3 0 0 2 0 0 1 0 0 0 0 1 0 0 2 1 0 5 0 0 8 0 0 3 2 0 3 2 0 7 0 1 5 0 0 6 0 1 5 0 0 4 1 0 0 1 0 9 0 1 10 2 0
4 0 0 0 7 341 1 2 2 0 2 18 0 3 0 0 2 0 0 1 0 0 0 0 1 0 0 2 1 0 5 0 0 8 0 0 3 2 0 3 2 0 7 0 1 5 0 0 6 0 1 5 0 0 4 1 0 0 1 0 9 0 1 10 2 0
4 0 0 0 7 1023 1 2 2 0 2 18 0 3 0 0 2 0 0 1 0 0 0 0 1 0 0 2 1 0 5 0 0 8 0 0 3 2 0 3 2 0 7 0 1 5 0 0 6 0 1 5 0 0 4 1 0 0 1 0 9 0 1 10 2 0
4 0 0 1 0 341 1 2 2 0 2 18 0 3 0 0 2 0 0 1 0 0 0 0 1 0 0 2 1 0 5 0 0 8 0 0 3 2 0 3 2 0 7 0 1 5 0 0 6 0 1 5 0 0 4 1 0 0 1 0 9 0 0 10 2 0
4 0 0 1 0 1023 1 2 2 0 2 18 0 3 0 0 2 0 0 1 0 0 0 0 1 0 0 2 1 0 5 0 0 8 0 0 3 2 0 3 2 0 7 0 1 5 0 0 6 0 1 5 0 0 4 1 0 0 1 0 9 0 0 10 2 0
4 0 0 1 7 341 1 2 2 0 2 18 0 3 0 0 2 0 0 1 0 0 0 0 1 0 0 2 1 0 5 0 0 8 0 0 3 2 0 3 2 0 7 0 1 5 0 0 6 0 1 5 0 0 4 1 0 0 1 0 9 0 0 10 2 0
4 0 0 1 7 1023 1 2 2 0 2 18 0 3 0 0 2 0 0 1 0 0 0 0 1 0 0 2 1 0 5 0 0 8 0 0 3 2 0 3 2 0 7 0 1 5 0 0 6 0 1 5 0 0 4 1 0 0 1 0 9 0 0 10 2 0
4 0 1 0 0 341 1 2 2 0 2 18 0 3 0 0 2 0 0 1 0 0 0 0 1 0 0 2 1 0 5 0 0 8 0 0 3 2 0 3 2 0 7 0 0 5 0 0 6 0 1 5 0 0 4 1 0 0 1 0 9 0 1 10 2 0
4 0 1 0 0 1023 1 2 2 0 2 18 0 3 0 0 2 0 0 1 0 0 0 0 1 0 0 2 1 0 5 0 0 8 0 0 3 2 0 3 2 0 7 0 0 5 0 0 6 0 1 5 0 0 4 1 0 0 1 0 9 0 1 10 2 0
4 0 1 0 7 341 1 2 2 0 2 18 0 3 0 0 2 0 0 1 0 0 0 0 1 0 0 2 1 0 5 0 0 8 0 0 3 2 0 3 2 0 7 0 0 5 0 0 6 0 1 5 0 0 4 1 0 0 1 0 9 0 1 10 2 0
4 0 1 0 7 1023 1 2 2 0 2 18 0 3 0 0 2 0 0 1 0 0 0 0 1 0 0 2 1 0 5 0 0 8 0 0 3 2 0 3 2 0 7 0 0 5 0 0 6 0 1 5 0 0 4 1 0 0 1 0 9 0 1 10 2 0
4 0 1 1 0 341 1 2 2 0 2 18 0 3 0 0 2 0 0 1 0 0 0 0 1 0 0 2 1 0 5 0 0 8 0 0 3 2 0 3 2 0 7 0 0 5 0 0 6 0 1 5 0 0 4 1 0 0 1 0 9 0 0 10 2 0
4 0 1 1 0 1023 1 2 2 0 2 18 0 3 0 0 2 0 0 1 0 0 0 0 1 0 0 2 1 0 5 0 0 8 0 0 3 2 0 3 2 0 7 0 0 5 0 0 6 0 1 5 0 0 4 1 0 0 1 0 9 0 0 10 2 0
4 0 1 1 7 341 1 2 2 0 2 18 0 3 0 0 2 0 0 1 0 0 0 0 1 0 0 2 1 0 5 0 0 8 0 0 3 2 0 3 2 0 7 0 0 5 0 0 6 0 1 5 0 0 4 1 0 0 1 0 9 0 0 10 2 0
4 0 1 1 7 1023 1 2 2 0 2 18 0 3 0 0 2 0 0 1 0 0 0 0 1 0 0 2 1 0 5 0 0 8 0 0 3 2 0 3 2 0 7 0 0 5 0 0 6 0 1 5 0 0 4 1 0 0 1 0 9 0 0 10 2 0
4 1 0 0 0 341 1 2 2 0 2 18 0 3 0 0 2 0 0 1 0 0 0 0 1 0 0 2 1 0 5 0 0 8 0 0 3 2 0 3 2 0 7 0 1 5 0 0 6 0 0 5 0 0 4 1 0 0 1 0 9 0 1 10 2 0
4 1 0 0 0 1023 1 2 2 0 2 18 0 3 0 0 2 0 0 1 0 0 0 0 1 0 0 2 1 0 5 0 0 8 0 0 3 2 0 3 2 0 7 0 1 5 0 0 6 0 0 5 0 0 4 1 0 0 1 0 9 0 1 10 2 0
4 1 0 0 7 341 1 2 2 0 2 18 0 3 0 0 2 0 0 1 0 0 0 0 1 0 0 2 1 0 5 0 0 8 0 0 3 2 0 3 2 0 7 0 1 5 0 0 6 0 0 5 0 0 4 1 0 0 1 0 9 0 1 10 2 0
4 1 0 0 7 1023 1 2 2 0 2 18 0 3 0 0 2 0 0 1 0 0 0 0 1 0 0 2 1 0 5 0 0 8 0 0 3 2 0 3 2 0 7 0 1 5 0 0 6 0 0 5 0 0 4 1 0 0 1 0 9 0 1 10 2 0
4 1 0 1 0 341 1 2 2 0 2 18 0 3 0 0 2 0 0 1 0 0 0 0 1 0 0 2 1 0 5 0 0 8 0 0 3 2 0 3 2 0 7 0 1 5 0 0 6 0 0 5 0 0 4 1 0 0 1 0 9 0 0 10 2 0
4 1 0 1 0 1023 1 2 2 0 2 18 0 3 0 0 2 0 0 1 0 0 0 0 1 0 0 2 1 0 5 0 0 8 0 0 3 2 0 3 2 0 7 0 1 5 0 0 6 0 0 5 0 0 4 1 0 0 1 0 9 0 0 10 2 0
4 1 0 1 7 341 1 2 2 0 2 18 0 3 0 0 2 0 0 1 0 0 0 0 1 0 0 2 1 0 5 0 0 8 0 0 3 2 0 3 2 0 7 0 1 5 0 0 6 0 0 5 0 0 4 1 0 0 1 0 9 0 0 10 2 0
4 1 0 1 7 1023 1 2 2 0 2 18 0 3 0 0 2 0 0 1 0 0 0 0 1 0 0 2 1 0 5 0 0 8 0 0 3 2 0 3 2 0 7 0 1 5 0 0 6 0 0 5 0 0 4 1 0 0 1 0 9 0 0 10 2 0
4 1 1 0 0 341 1 2 2 0 2 18 0 3 0 0 2 0 0 1 0 0 0 0 1 0 0 2 1 0 5 0 0 8 0 0 3 2 0 3 2 0 7 0 0 5 0 0 6 0 0 5 0 0 4 1 0 0 1 0 9 0 1 10 2 0
4 1 1 0 0 1023 1 2 2 0 2 18 0 3 0 0 2 0 0 1 0 0 0 0 1 0 0 2 1 0 5 0 0 8 0 0 3 2 0 3 2 0 7 0 0 5 0 0 6 0 0 5 0 0 4 1 0 0 1 0 9 0 1 10 2 0
4 1 1 0 7 341 1 2 2 0 2 18 0 3 0 0 2 0 0 1 0 0 0 0 1 0 0 2 1 0 5 0 0 8 0 0 3 2 0 3 2 0 7 0 0 5 0 0 6 0 0 5 0 0 4 1 0 0 1 0 9 0 1 10 2 0
4 1 1 0 7 1023 1 2 2 0 2 18 0 3 0 0 2 0 0 1 0 0 0 0 1 0 0 2 1 0 5 0 0 8 0 0 3 2 0 3 2 0 7 0 0 5 0 0 6 0 0 5 0 0 4 1 0 0 1 0 9 0 1 10 2 0
4 1 1 1 0 341 1 2 2 0 2 18 0 3 0 0 2 0 0 1 0 0 0 0 1 0 0 2 1 0 5 0 0 8 0 0 3 2 0 3 2 0 7 0 0 5 0 0 6 0 0 5 0 0 4 1 0 0 1 0 9 0 0 10 2 0
4 1 1 1 0 1023 1 2 2 0 2 18 0 3 0 0 2 0 0 1 0 0 0 0 1 0 0 2 1 0 5 0 0 8 0 0 3 2 0 3 2 0 7 0 0 5 0 0 6 0 0 5 0 0 4 1 0 0 1 0 9 0 0 10 2 0
4 1 1 1 7 341 1 2 2 0 2 18 0 3 0 0 2 0 0 1 0 0 0 0 1 0 0 2 1 0 5 0 0 8 0 0 3 2 0 3 2 0 7 0 0 5 0 0 6 0 0 5 0 0 4 1 0 0 1 0 9 0 0 10 2 0
4 1 1 1 7 1023 1 2 2 0 2 18 0 3 0 0 2 0 0 1 0 0 0 0 1 0 0 2 1 0 5 0 0 8 0 0 3 2 0 3 2 0 7 0 0 5 0 0 6 0 0 5 0 0 4 1 0 0 1 0 9 0 0 10 2 0
4 0 0 0 0 341 1 2 2 0 2 18 0 2 0 0 0 0 0 3 0 0 1 0 1 0 0 2 1 0 5 0 0 8 0 0 3 2 0 3 2 0 7 0 1 5 0 0 6 0 1 5 0 0 4 1 0 0 1 0 9 0 1 10 2 0
4 0 0 0 0 1023 1 2 2 0 2 18 0 2 0 0 0 0 0 3 0 0 1 0 1 0 0 2 1 0 5 0 0 8 0 0 3 2 0 3 2 0 7 0 1 5 0 0 6 0 1 5 0 0 4 1 0 0 1 0 9 0 1 10 2 0
4 0 0 0 7 341 1 2 2 0 2 18 0 2 0 0 0 0 0 3 0 0 1 0 1 0 0 2 1 0 5 0 0 8 0 0 3 2 0 3 2 0 7 0 1 5 0 0 6 0 1 5 0 0 4 1 0 0 1 0 9 0 1 10 2 0
4 0 0 0 7 1023 1 2 2 0 2 18 0 2 0 0 0 0 0 3 0 0 1 0 1 0 0 2 1 0 5 0 0 8 0 0 3 2 0 3 2 0 7 0 1 5 0 0 6 0 1 5 0 0 4 1 0 0 1 0 9 0 1 10 2 0
4 0 0 1 0 341 1 2 2 0 2 18 0 2 0 0 0 0 0 3 0 0 1 0 1 0 0 2 1 0 5 0 0 8 0 0 3 2 0 3 2 0 7 0 1 5 0 0 6 0 1 5 0 0 4 1 0 0 1 0 9 0 0 10 2 0
4 0 0 1 0 1023 1 2 2 0 2 18 0 2 0 0 0 0 0 3 0 0 1 0 1 0 0 2 1 0 5 0 0 8 0 0 3 2 0 3 2 0 7 0 1 5 0 0 6 0 1 5 0 0 4 1 0 0 1 0 9 0 0 10 2 0
4 0 0 1 7 341 1 2 2 0 2 18 0 2 0 0 0 0 0 3 0 0 1 0 1 0 0 2 1 0 5 0 0 8 0 0 3 2 0 3 2 0 7 0 1 5 0 0 6 0 1 5 0 0 4 1 0 0 1 0 9 0 0 10 2 0
4 0 0 1 7 1023 1 2 2 0 2 18 0 2 0 0 0 0 0 3 0 0 1 0 1 0 0 2 1 0 5 0 0 8 0 0 3 2 0 3 2 0 7 0 1 5 0 0 6 0 1 5 0 0 4 1 0 0 1 0 9 0 0 10 2 0
4 0 1 0 0 341 1 2 2 0 2 18 0 2 0 0 0 0 0 3 0 0 1 0 1 0 0 2 1 0 5 0 0 8 0 0 3 2 0 3 2 0 7 0 0 5 0 0 6 0 1 5 0 0 4 1 0 0 1 0 9 0 1 10 2 0
4 0 1 0 0 1023 1 2 2 0 2 18 0 2 0 0 0 0 0 3 0 0 1 0 1 0 0 2 1 0 5 0 0 8 0 0 3 2 0 3 2 0 7 0 0 5 0 0 6 0 1 5 0 0 4 1 0 0 1 0 9 0 1 10 2 0
4 0 1 0 7 341 1 2 2 0 2 18 0 2 0 0 0 0 0 3 0 0 1 0 1 0 0 2 1 0 5 0 0 8 0 0 3 2 0 3 2 0 7 0 0 5 0 0 6 0 1 5 0 0 4 1 0 0 1 0 9 0 1 10 2 0
4 0 1 0 7 1023 1 2 2 0 2 18 0 2 0 0 0 0 0 3 0 0 1 0 1 0 0 2 1 0 5 0 0 8 0 0 3 2 0 3 2 0 7 0 0 5 0 0 6 0 1 5 0 0 4 1 0 0 1 0 9 0 1 10 2 0
4 0 1 1 0 341 1 2 2 0 2 18 0 2 0 0 0 0 0 3 0 0 1 0 1 0 0 2 1 0 5 0 0 8 0 0 3 2 0 3 2 0 7 0 0 5 0 0 6 0 1 5 0 0 4 1 0 0 1 0 9 0 0 10 2 0
4 0 1 1 0 1023 1 2 2 0 2 18 0 2 0 0 0 0 0 3 0 0 1 0 1 0 0 2 1 0 5 0 0 8 0 0 3 2 0 3 2 0 7 0 0 5 0 0 6 0 1 5 0 0 4 1 0 0 1 0 9 0 0 10 2 0
4 0 1 1 7 341 1 2 2 0 2 18 0 2 0 0 0 0 0 3 0 0 1 0 1 0 0 2 1 0 5 0 0 8 0 0 3 2 0 3 2 0 7 0 0 5 0 0 6 0 1 5 0 0 4 1 0 0 1 0 9 0 0 10 2 0
4 0 1 1 7 1023 1 2 2 0 2 18 0 2 0 0 0 0 0 3 0 0 1 0 1 0 0 2 1 0 5 0 0 8 0 0 3 2 0 3 2 0 7 0 0 5 0 0 6 0 1 5 0 0 4 1 0 0 1 0 9 0 0 10 2 0
4 1 0 0 0 341 1 2 2 0 2 18 0 2 0 0 0 0 0 3 0 0 1 0 1 0 0 2 1 0 5 0 0 8 0 0 3 2 0 3 2 0 7 0 1 5 0 0 6 0 0 5 0 0 4 1 0 0 1 0 9 0 1 10 2 0
4 1 0 0 0 1023 1 2 2 0 2 18 0 2 0 0 0 0 0 3 0 0 1 0 1 0 0 2 1 0 5 0 0 8 0 0 3 2 0 3 2 0 7 0 1 5 0 0 6 0 0 5 0 0 4 1 0 0 1 0 9 0 1 10 2 0
4 1 0 0 7 341 1 2 2 0 2 18 0 2 0 0 0 0 0 3 0 0 1 0 1 0 0 2 1 0 5 0 0 8 0 0 3 2 0 3 2 0 7 0 1 5 0 0 6 0 0 5 0 0 4 1 0 0 1 0 9 0 1 10 2 0
4 1 0 0 7 1023 1 2 2 0 2 18 0 2 0 0 0 0 0 3 0 0 1 0 1 0 0 2 1 0 5 0 0 8 0 0 3 2 0 3 2 0 7 0 1 5 0 0 6 0 0 5 0 0 4 1 0 0 1 0 9 0 1 10 2 0
4 1 0 1 0 341 1 2 2 0 2 18 0 2 0 0 0 0 0 3 0 0 1 0 1 0 0 2 1 0 5 0 0 8 0 0 3 2 0 3 2 0 7 0 1 5 0 0 6 0 0 5 0 0 4 1 0 0 1 0 9 0 0 10 2 0
4 1 0 1 0 1023 1 2 2 0 2 18 0 2 0 0 0 0 0 3 0 0 1 0 1 0 0 2 1 0 5 0 0 8 0 0 3 2 0 3 2 0 7 0 1 5 0 0 6 0 0 5 0 0 4 1 0 0 1 0 9 0 0 10 2 0
4 1 0 1 7 341 1 2 2 0 2 18 0 2 0 0 0 0 0 3 0 0 1 0 1 0 0 2 1 0 5 0 0 8 0 0 3 2 0 3 2 0 7 0 1 5 0 0 6 0 0 5 0 0 4 1 0 0 1 0 9 0 0 10 2 0
4 1 0 1 7 1023 1 2 2 0 2 18 0 2 0 0 0 0 0 3 0 0 1 0 1 0 0 2 1 0 5 0 0 8 0 0 3 2 0 3 2 0 7 0 1 5 0 0 6 0 0 5 0 0 4 1 0 0 1 0 9 0 0 10 2 0
4 1 1 0 0 341 1 2 2 0 2 18 0 2 0 0 0 0 0 3 0 0 1 0 1 0 0 2 1 0 5 0 0 8 0 0 3 2 0 3 2 0 7 0 0 5 0 0 6 0 0 5 0 0 4 1 0 0 1 0 9 0 1 10 2 0
4 1 1 0 0 1023 1 2 2 0 2 18 0 2 0 0 0 0 0 3 0 0 1 0 1 0 0 2 1 0 5 0 0 8 0 0 3 2 0 3 2 0 7 0 0 5 0 0 6 0 0 5 0 0 4 1 0 0 1 0 9 0 1 10 2 0
4 1 1 0 7 341 1 2 2 0 2 18 0 2 0 0 0 0 0 3 0 0 1 0 1 0 0 2 1 0 5 0 0 8 0 0 3 2 0 3 2 0 7 0 0 5 0 0 6 0 0 5 0 0 4 1 0 0 1 0 9 0 1 10 2 0
4 1 1 0 7 1023 1 2 2 0 2 18 0 2 0 0 0 0 0 3 0 0 1 0 1 0 0 2 1 0 5 0 0 8 0 0 3 2 0 3 2 0 7 0 0 5 0 0 6 0 0 5 0 0 4 1 0 0 1 0 9 0 1 10 2 0
4 1 1 1 0 341 1 2 2 0 2 18 0 2 0 0 0 0 0 3 0 0 1 0 1 0 0 2 1 0 5 0 0 8 0 0 3 2 0 3 2 0 7 0 0 5 0 0 6 0 0 5 0 0 4 1 0 0 1 0 9 0 0 10 2 0
4 1 1 1 0 1023 1 2 2 0 2 18 0 2 0 0 0 0 0 3 0 0 1 0 1 0 0 2 1 0 5 0 0 8 0 0 3 2 0 3 2 0 7 0 0 5 0 0 6 0 0 5 0 0 4 1 0 0 1 0 9 0 0 10 2 0
4 1 1 1 7 341 1 2 2 0 2 18 0 2 0 0 0 0 0 3 0 0 1 0 1 0 0 2 1 0 5 0 0 8 0 0 3 2 0 3 2 0 7 0 0 5 0 0 6 0 0 5 0 0 4 1 0 0 1 0 9 0 0 10 2 0
4 1 1 1 7 1023 1 2 2 0 2 18 0 2 0 0 0 0 0 3 0 0 1 0 1 0 0 2 1 0 5 0 0 8 0 0 3 2 0 3 2 0 7 0 0 5 0 0 6 0 0 5 0 0 4 1 0 0 1 0 9 0 0 10 2 0
4 0 0 0 0 341 0 0 3 1 3 18 0 0 0 0 1 0 0 2 0 0 3 0 1 0 0 2 1 0 5 0 0 8 0 0 3 2 0 3 2 1 7 0 1 5 0 0 6 0 1 5 0 0 4 1 0 0 1 0 9 0 1 10 2 0
4 0 0 0 0 1023 0 0 3 1 3 18 0 0 0 0 1 0 0 2 0 0 3 0 1 0 0 2 1 0 5 0 0 8 0 0 3 2 0 3 2 1 7 0 1 5 0 0 6 0 1 5 0 0 4 1 0 0 1 0 9 0 1 10 2 0
4 0 0 0 7 341 0 0 3 1 3 18 0 0 0 0 1 0 0 2 0 0 3 0 1 0 0 2 1 0 5 0 0 8 0 0 3 2 0 3 2 1 7 0 1 5 0 0 6 0 1 5 0 0 4 1 0 0 1 0 9 0 1 10 2 0
4 0 0 0 7 1023 0 0 3 1 3 18 0 0 0 0 1 0 0 2 0 0 3 0 1 0 0 2 1 0 5 0 0 8 0 0 3 2 0 3 2 1 7 0 1 5 0 0 6 0 1 5 0 0 4 1 0 0 1 0 9 0 1 10 2 0
4 0 0 1 0 341 0 0 3 1 3 18 0 0 0 0 1 0 0 2 0 0 3 0 1 0 0 2 1 0 5 0 0 8 0 0 3 2 0 3 2 1 7 0 1 5 0 0 6 0 1 5 0 0 4 1 0 0 1 0 9 0 0 10 2 0
4 0 0 1 0 1023 0 0 3 1 3 18 0 0 0 0 1 0 0 2 0 0 3 0 1 0 0 2 1 0 5 0 0 8 0 0 3 2 0 3 2 1 7 0 1 5 0 0 6 0 1 5 0 0 4 1 0 0 1 0 9 0 0 10 2 0
4 0 0 1 7 341 0 0 3 1 3 18 0 0 0 0 1 0 0 2 0 0 3 0 1 0 0 2 1 0 5 0 0 8 0 0 3 2 0 3 2 1 7 0 1 5 0 0 6 0 1 5 0 0 4 1 0 0 1 0 9 0 0 10 2 0
4 0 0 1 7 1023 0 0 3 1 3 18 0 0 0 0 1 0 0 2 0 0 3 0 1 0 0 2 1 0 5 0 0 8 0 0 3 2 0 3 2 1 7 0 1 5 0 0 6 0 1 5 0 0 4 1 0 0 1 0 9 0 0 10 2 0
4 0 1 0 0 341 0 0 3 1 3 18 0 0 0 0 1 0 0 2 0 0 3 0 1 0 0 2 1 0 5 0 0 8 0 0 3 2 0 3 2 1 7 0 0 5 0 0 6 0 1 5 0 0 4 1 0 0 1 0 9 0 1 10 2 0
4 0 1 0 0 1023 0 0 3 1 3 18 0 0 0 0 1 0 0 2 0 0 3 0 1 0 0 2 1 0 5 0 0 8 0 0 3 2 0 3 2 1 7 0 0 5 0 0 6 0 1 5 0 0 4 1 0 0 1 0 9 0 1 10 2 0
4 0 1 0 7 341 0 0 3 1 3 18 0 0 0 0 1 0 0 2 0 0 3 0 1 0 0 2 1 0 5 0 0 8 0 0 3 2 0 3 2 1 7 0 0 5 0 0 6 0 1 5 0 0 4 1 0 0 1 0 9 0 1 10 2 0
4 0 1 0 7 1023 0 0 3 1 3 18 0 0 0 0 1 0 0 2 0 0 3 0 1 0 0 2 1 0 5 0 0 8 0 0 3 2 0 3 2 1 7 0 0 5 0 0 6 0 1 5 0 0 4 1 0 0 1 0 9 0 1 10 2 0
4 0 1 1 0 341 0 0 3 1 3 18 0 0 0 0 1 0 0 2 0 0 3 0 1 0 0 2 1 0 5 0 0 8 0 0 3 2 0 3 2 1 7 0 0 5 0 0 6 0 1 5 0 0 4 1 0 0 1 0 9 0 0 10 2 0
4 0 1 1 0 1023 0 0 3 1 3 18 0 0 0 0 1 0 0 2 0 0 3 0 1 0 0 2 1 0 5 0 0 8 0 0 3 2 0 3 2 1 7 0 0 5 0 0 6 0 1 5 0 0 4 1 0 0 1 0 9 0 0 10 2 0
4 0 1 1 7 341 0 0 3 1 3 18 0 0 0 0 1 0 0 2 0 0 3 0 1 0 0 2 1 0 5 0 0 8 0 0 3 2 0 3 2 1 7 0 0 5 0 0 6 0 1 5 0 0 4 1 0 0 1 0 9 0 0 10 2 0
4 0 1 1 7 1023 0 0 3 1 3 18 0 0 0 0 1 0 0 2 0 0 3 0 1 0 0 2 1 0 5 0 0 8 0 0 3 2 0 3 2 1 7 0 0 5 0 0 6 0 1 5 0 0 4 1 0 0 1 0 9 0 0 10 2 0
4 1 0 0 0 341 0 0 3 1 3 18 0 0 0 0 1 0 0 2 0 0 3 0 1 0 0 2 1 0 5 0 0 8 0 0 3 2 0 3 2 1 7 0 1 5 0 0 6 0 0 5 0 0 4 1 0 0 1 0 9 0 1 10 2 0
4 1 0 0 0 1023 0 0 3 1 3 18 0 0 0 0 1 0 0 2 0 0 3 0 1 0 0 2 1 0 5 0 0 8 0 0 3 2 0 3 2 1 7 0 1 5 0 0 6 0 0 5 0 0 4 1 0 0 1 0 9 0 1 10 2 0
4 1 0 0 7 341 0 0 3 1 3 18 0 0 0 0 1 0 0 2 0 0 3 0 1 0 0 2 1 0 5 0 0 8 0 0 3 2 0 3 2 1 7 0 1 5 0 0 6 0 0 5 0 0 4 1 0 0 1 0 9 0 1 10 2 0
4 1 0 0 7 1023 0 0 3 1 3 18 0 0 0 0 1 0 0 2 0 0 3 0 1 0 0 2 1 0 5 0 0 8 0 0 3 2 0 3 2 1 7 0 1 5 0 0 6 0 0 5 0 0 4 1 0 0 1 0 9 0 1 10 2 0
4 1 0 1 0 341 0 0 3 1 3 18 0 0 0 0 1 0 0 2 0 0 3 0 1 0 0 2 1 0 5 0 0 8 0 0 3 2 0 3 2 1 7 0 1 5 0 0 6 0 0 5 0 0 4 1 0 0 1 0 9 0 0 10 2 0
4 1 0 1 0 1023 0 0 3 1 3 18 0 0 0 0 1 0 0 2 0 0 3 0 1 0 0 2 1 0 5 0 0 8 0 0 3 2 0 3 2 1 7 0 1 5 0 0 6 0 0 5 0 0 4 1 0 0 1 0 9 0 0 10 2 0
4 1 0 1 7 341 0 0 3 1 3 18 0 0 0 0 1 0 0 2 0 0 3 0 1 0 0 2 1 0 5 0 0 8 0 0 3 2 0 3 2 1 7 0 1 5 0 0 6 0 0 5 0 0 4 1 0 0 1 0 9 0 0 10 2 0
4 1 0 1 7 1023 0 0 3 1 3 18 0 0 0 0 1 0 0 2 0 0 3 0 1 0 0 2 1 0 5 0 0 8 0 0 3 2 0 3 2 1 7 0 1 5 0 0 6 0 0 5 0 0 4 1 0 0 1 0 9 0 0 10 2 0
4 1 1 0 0 341 0 0 3 1 3 18 0 0 0 0 1 0 0 2 0 0 3 0 1 0 0 2 1 0 5 0 0 8 0 0 3 2 0 3 2 1 7 0 0 5 0 0 6 0 0 5 0 0 4 1 0 0 1 0 9 0 1 10 2 0
4 1 1 0 0 1023 0 0 3 1 3 18 0 0 0 0 1 0 0 2 0 0 3 0 1 0 0 2 1 0 5 0 0 8 0 0 3 2 0 3 2 1 7 0 0 5 0 0 6 0 0 5 0 0 4 1 0 0 1 0 9 0 1 10 2 0
4 1 1 0 7 341 0 0 3 1 3 18 0 0 0 0 1 0 0 2 0 0 3 0 1 0 0 2 1 0 5 0 0 8 0 0 3 2 0 3 2 1 7 0 0 5 0 0 6 0 0 5 0 0 4 1 0 0 1 0 9 0 1 10 2 0
4 1 1 0 7 1023 0 0 3 1 3 18 0 0 0 0 1 0 0 2 0 0 3 0 1 0 0 2 1 0 5 0 0 8 0 0 3 2 0 3 2 1 7 0 0 5 0 0 6 0 0 5 0 0 4 1 0 0 1 0 9 0 1 10 2 0
4 1 1 1 0 341 0 0 3 1 3 18 0 0 0 0 1 0 0 2 0 0 3 0 1 0 0 2 1 0 5 0 0 8 0 0 3 2 0 3 2 1 7 0 0 5 0 0 6 0 0 5 0 0 4 1 0 0 1 0 9 0 0 10 2 0
4 1 1 1 0 1023 0 0 3 1 3 18 0 0 0 0 1 0 0 2 0 0 3 0 1 0 0 2 1 0 5 0 0 8 0 0 3 2 0 3 2 1 7 0 0 5 0 0 6 0 0 5 0 0 4 1 0 0 1 0 9 0 0 10 2 0
4 1 1 1 7 341 0 0 3 1 3 18 0 0 0 0 1 0 0 2 0 0 3 0 1 0 0 2 1 0 5 0 0 8 0 0 3 2 0 3 2 1 7 0 0 5 0 0 6 0 0 5 0 0 4 1 0 0 1 0 9 0 0 10 2 0
4 1 1 1 7 1023 0 0 3 1 3 18 0 0 0 0 1 0 0 2 0 0 3 0 1 0 0 2 1 0 5 0 0 8 0 0 3 2 0 3 2 1 7 0 0 5 0 0 6 0 0 5 0 0 4 1 0 0 1 0 9 0 0 10 2 0
4 0 0 0 0 341 1 0 3 1 3 18 0 3 0 0 2 0 0 1 0 0 0 0 1 0 0 2 1 0 5 0 0 8 0 0 3 2 0 3 2 1 7 0 1 5 0 0 6 0 1 5 0 0 4 1 0 0 1 0 9 0 1 10 2 0
4 0 0 0 0 1023 1 0 3 1 3 18 0 3 0 0 2 0 0 1 0 0 0 0 1 0 0 2 1 0 5 0 0 8 0 0 3 2 0 3 2 1 7 0 1 5 0 0 6 0 1 5 0 0 4 1 0 0 1 0 9 0 1 10 2 0
4 0 0 0 7 341 1 0 3 1 3 18 0 3 0 0 2 0 0 1 0 0 0 0 1 0 0 2 1 0 5 0 0 8 0 0 3 2 0 3 2 1 7 0 1 5 0 0 6 0 1 5 0 0 4 1 0 0 1 0 9 0 1 10 2 0
4 0 0 0 7 1023 1 0 3 1 3 18 0 3 0 0 2 0 0 1 0 0 0 0 1 0 0 2 1 0 5 0 0 8 0 0 3 2 0 3 2 1 7 0 1 5 0 0 6 0 1 5 0 0 4 1 0 0 1 0 9 0 1 10 2 0
4 0 0 1 0 341 1 0 3 1 3 18 0 3 0 0 2 0 0 1 0 0 0 0 1 0 0 2 1 0 5 0 0 8 0 0 3 2 0 3 2 1 7 0 1 5 0 0 6 0 1 5 0 0 4 1 0 0 1 0 9 0 0 10 2 0
4 0 0 1 0 1023 1 0 3 1 3 18 0 3 0 0 2 0 0 1 0 0 0 0 1 0 0 2 1 0 5 0 0 8 0 0 3 2 0 3 2 1 7 0 1 5 0 0 6 0 1 5 0 0 4 1 0 0 1 0 9 0 0 10 2 0
4 0 0 1 7 341 1 0 3 1 3 18 0 3 0 0 2 0 0 1 0 0 0 0 1 0 0 2 1 0 5 0 0 8 0 0 3 2 0 3 2 1 7 0 1 5 0 0 6 0 1 5 0 0 4 1 0 0 1 0 9 0 0 10 2 0
4 0 0 1 7 1023 1 0 3 1 3 18 0 3 0 0 2 0 0 1 0 0 0 0 1 0 0 2 1 0 5 0 0 8 0 0 3 2 0 3 2 1 7 0 1 5 0 0 6 0 1 5 0 0 4 1 0 0 1 0 9 0 0 10 2 0
4 0 1 0 0 341 1 0 3 1 3 18 0 3 0 0 2 0 0 1 0 0 0 0 1 0 0 2 1 0 5 0 0 8 0 0 3 2 0 3 2 1 7 0 0 5 0 0 6 0 1 5 0 0 4 1 0 0 1 0 9 0 1 10 2 0
4 0 1 0 0 1023 1 0 3 1 3 18 0 3 0 0 2 0 0 1 0 0 0 0 1 0 0 2 1 0 5 0 0 8 0 0 3 2 0 3 2 1 7 0 0 5 0 0 6 0 1 5 0 0 4 1 0 0 1 0 9 0 1 10 2 0
4 0 1 0 7 341 1 0 3 1 3 18 0 3 0 0 2 0 0 1 0 0 0 0 1 0 0 2 1 0 5 0 0 8 0 0 3 2 0 3 2 1 7 0 0 5 0 0 6 0 1 5 0 0 4 1 0 0 1 0 9 0 1 10 2 0
4 0 1 0 7 1023 1 0 3 1 3 18 0 3 0 0 2 0 0 1 0 0 0 0 1 0 0 2 1 0 5 0 0 8 0 0 3 2 0 3 2 1 7 0 0 5 0 0 6 0 1 5 0 0 4 1 0 0 1 0 9 0 1 10 2 0
4 0 1 1 0 341 1 0 3 1 3 18 0 3 0 0 2 0 0 1 0 0 0 0 1 0 0 2 1 0 5 0 0 8 0 0 3 2 0 3 2 1 7 0 0 5 0 0 6 0 1 5 0 0 4 1 0 0 1 0 9 0 0 10 2 0
4 0 1 1 0 1023 1 0 3 1 3 18 0 3 0 0 2 0 0 1 0 0 0 0 1 0 0 2 1 0 5 0 0 8 0 0 3 2 0 3 2 1 7 0 0 5 0 0 6 0 1 5 0 0 4 1 0 0 1 0 9 0 0 10 2 0
4 0 1 1 7 341 1 0 3 1 3 18 0 3 0 0 2 0 0 1 0 0 0 0 1 0 0 2 1 0 5 0 0 8 0 0 3 2 0 3 2 1 7 0 0 5 0 0 6 0 1 5 0 0 4 1 0 0 1 0 9 0 0 10 2 0
4 0 1 1 7 1023 1 0 3 1 3 18 0 3 0 0 2 0 0 1 0 0 0 0 1 0 0 2 1 0 5 0 0 8 0 0 3 2 0 3 2 1 7 0 0 5 0 0 6 0 1 5 0 0 4 1 0 0 1 0 9 0 0 10 2 0
4 1 0 0 0 341 1 0 3 1 3 18 0 3 0 0 2 0 0 1 0 0 0 0 1 0 0 2 1 0 5 0 0 8 0 0 3 2 0 3 2 1 7 0 1 5 0 0 6 0 0 5 0 0 4 1 0 0 1 0 9 0 1 10 2 0
4 1 0 0 0 1023 1 0 3 1 3 18 0 3 0 0 2 0 0 1 0 0 0 0 1 0 0 2 1 0 5 0 0 8 0 0 3 2 0 3 2 1 7 0 1 5 0 0 6 0 0 5 0 0 4 1 0 0 1 0 9 0 1 10 2 0
4 1 0 0 7 341 1 0 3 1 3 18 0 3 0 0 2 0 0 1 0 0 0 0 1 0 0 2 1 0 5 0 0 8 0 0 3 2 0 3 2 1 7 0 1 5 0 0 6 0 0 5 0 0 4 1 0 0 1 0 9 0 1 10 2 0
4 1 0 0 7 1023 1 0 3 1 3 18 0 3 0 0 2 0 0 1 0 0 0 0 1 0 0 2 1 0 5 0 0 8 0 0 3 2 0 3 2 1 7 0 1 5 0 0 6 0 0 5 0 0 4 1 0 0 1 0 9 0 1 10 2 0
4 1 0 1 0 341 1 0 3 1 3 18 0 3 0 0 2 0 0 1 0 0 0 0 1 0 0 2 1 0 5 0 0 8 0 0 3 2 0 3 2 1 7 0 1 5 0 0 6 0 0 5 0 0 4 1 0 0 1 0 9 0 0 10 2 0
4 1 0 1 0 1023 1 0 3 1 3 18 0 3 0 0 2 0 0 1 0 0 0 0 1 0 0 2 1 0 5 0 0 8 0 0 3 2 0 3 2 1 7 0 1 5 0 0 6 0 0 5 0 0 4 1 0 0 1 0 9 0 0 10 2 0
4 1 0 1 7 341 1 0 3 1 3 18 0 3 0 0 2 0 0 1 0 0 0 0 1 0 0 2 1 0 5 0 0 8 0 0 3 2 0 3 2 1 7 0 1 5 0 0 6 0 0 5 0 0 4 1 0 0 1 0 9 0 0 10 2 0
4 1 0 1 7 1023 1 0 3 1 3 18 0 3 0 0 2 0 0 1 0 0 0 0 1 0 0 2 1 0 5 0 0 8 0 0 3 2 0 3 2 1 7 0 1 5 0 0 6 0 0 5 0 0 4 1 0 0 1 0 9 0 0 10 2 0
4 1 1 0 0 341 1 0 3 1 3 18 0 3 0 0 2 0 0 1 0 0 0 0 1 0 0 2 1 0 5 0 0 8 0 0 3 2 0 3 2 1 7 0 0 5 0 0 6 0 0 5 0 0 4 1 0 0 1 0 9 0 1 10 2 0
4 1 1 0 0 1023 1 0 3 1 3 18 0 3 0 0 2 0 0 1 0 0 0 0 1 0 0 2 1 0 5 0 0 8 0 0 3 2 0 3 2 1 7 0 0 5 0 0 6 0 0 5 0 0 4 1 0 0 1 0 9 0 1 10 2 0
4 1 1 0 7 341 1 0 3 1 3 18 0 3 0 0 2 0 0 1 0 0 0 0 1 0 0 2 1 0 5 0 0 8 0 0 3 2 0 3 2 1 7 0 0 5 0 0 6 0 0 5 0 0 4 1 0 0 1 0 9 0 1 10 2 0
4 1 1 0 7 1023 1 0 3 1 3 18 0 3 0 0 2 0 0 1 0 0 0 0 1 0 0 2 1 0 5 0 0 8 0 0 3 2 0 3 2 1 7 0 0 5 0 0 6 0 0 5 0 0 4 1 0 0 1 0 9 0 1 10 2 0
4 1 1 1 0 341 1 0 3 1 3 18 0 3 0 0 2 0 0 1 0 0 0 0 1 0 0 2 1 0 5 0 0 8 0 0 3 2 0 3 2 1 7 0 0 5 0 0 6 0 0 5 0 0 4 1 0 0 1 0 9 0 0 10 2 0
4 1 1 1 0 1023 1 0 3 1 3 18 0 3 0 0 2 0 0 1 0 0 0 0 1 0 0 2 1 0 5 0 0 8 0 0 3 2 0 3 2 1 7 0 0 5 0 0 6 0 0 5 0 0 4 1 0 0 1 0 9 0 0 10 2 0
4 1 1 1 7 341 1 0 3 1 3 18 0 3 0 0 2 0 0 1 0 0 0 0 1 0 0 2 1 0 5 0 0 8 0 0 3 2 0 3 2 1 7 0 0 5 0 0 6 0 0 5 0 0 4 1 0 0 1 0 9 0 0 10 2 0
4 1 1 1 7 1023 1 0 3 1 3 18 0 3 0 0 2 0 0 1 0 0 0 0 1 0 0 2 1 0 5 0 0 8 0 0 3 2 0 3 2 1 7 0 0 5 0 0 6 0 0 5 0 0 4 1 0 0 1 0 9 0 0 10 2 0
4 0 0 0 0 341 1 0 3 1 3 18 0 2 0 0 0 0 0 3 0 0 1 0 1 0 0 2 1 0 5 0 0 8 0 0 3 2 0 3 2 1 7 0 1 5 0 0 6 0 1 5 0 0 4 1 0 0 1 0 9 0 1 10 2 0
4 0 0 0 0 1023 1 0 3 1 3 18 0 2 0 0 0 0 0 3 0 0 1 0 1 0 0 2 1 0 5 0 0 8 0 0 3 2 0 3 2 1 7 0 1 5 0 0 6 0 1 5 0 0 4 1 0 0 1 0 9 0 1 10 2 0
4 0 0 0 7 341 1 0 3 1 3 18 0 2 0 0 0 0 0 3 0 0 1 0 1 0 0 2 1 0 5 0 0 8 0 0 3 2 0 3 2 1 7 0 1 5 0 0 6 0 1 5 0 0 4 1 0 0 1 0 9 0 1 10 2 0
4 0 0 0 7 1023 1 0 3 1 3 18 0 2 0 0 0 0 0 3 0 0 1 0 1 0 0 2 1 0 5 0 0 8 0 0 3 2 0 3 2 1 7 0 1 5 0 0 6 0 1 5 0 0 4 1 0 0 1 0 9 0 1 10 2 0
4 0 0 1 0 341 1 0 3 1 3 18 0 2 0 0 0 0 0 3 0 0 1 0 1 0 0 2 1 0 5 0 0 8 0 0 3 2 0 3 2 1 7 0 1 5 0 0 6 0 1 5 0 0 4 1 0 0 1 0 9 0 0 10 2 0
4 0 0 1 0 1023 1 0 3 1 3 18 0 2 0 0 0 0 0 3 0 0 1 0 1 0 0 2 1 0 5 0 0 8 0 0 3 2 0 3 2 1 7 0 1 5 0 0 6 0 1 5 0 0 4 1 0 0 1 0 9 0 0 10 2 0
4 0 0 1 7 341 1 0 3 1 3 18 0 2 0 0 0 0 0 3 0 0 1 0 1 0 0 2 1 0 5 0 0 8 0 0 3 2 0 3 2 1 7 0 1 5 0 0 6 0 1 5 0 0 4 1 0 0 1 0 9 0 0 10 2 0
4 0 0 1 7 1023 1 0 3 1 3 18 0 2 0 0 0 0 0 3 0 0 1 0 1 0 0 2 1 0 5 0 0 8 0 0 3 2 0 3 2 1 7 0 1 5 0 0 6 0 1 5 0 0 4 1 0 0 1 0 9 0 0 10 2 0
4 0 1 0 0 341 1 0 3 1 3 18 0 2 0 0 0 0 0 3 0 0 1 0 1 0 0 2 1 0 5 0 0 8 0 0 3 2 0 3 2 1 7 0 0 5 0 0 6 0 1 5 0 0 4 1 0 0 1 0 9 0 1 10 2 0
4 0 1 0 0 1023 1 0 3 1 3 18 0 2 0 0 0 0 0 3 0 0 1 0 1 0 0 2 1 0 5 0 0 8 0 0 3 2 0 3 2 1 7 0 0 5 0 0 6 0 1 5 0 0 4 1 0 0 1 0 9 0 1 10 2 0
4 0 1 0 7 341 1 0 3 1 3 18 0 2 0 0 0 0 0 3 0 0 1 0 1 0 0 2 1 0 5 0 0 8 0 0 3 2 0 3 2 1 7 0 0 5 0 0 6 0 1 5 0 0 4 1 0 0 1 0 9 0 1 10 2 0
4 0 1 0 7 1023 1 0 3 1 3 18 0 2 0 0 0 0 0 3 0 0 1 0 1 0 0 2 1 0 5 0 0 8 0 0 3 2 0 3 2 1 7 0 0 5 0 0 6 0 1 5 0 0 4 1 0 0 1 0 9 0 1 10 2 0
4 0 1 1 0 341 1 0 3 1 3 18 0 2 0 0 0 0 0 3 0 0 1 0 1 0 0 2 1 0 5 0 0 8 0 0 3 2 0 3 2 1 7 0 0 5 0 0 6 0 1 5 0 0 4 1 0 0 1 0 9 0 0 10 2 0
4 0 1 1 0 1023 1 0 3 1 3 18 0 2 0 0 0 0 0 3 0 0 1 0 1 0 0 2 1 0 5 0 0 8 0 0 3 2 0 3 2 1 7 0 0 5 0 0 6 0 1 5 0 0 4 1 0 0 1 0 9 0 0 10 2 0
4 0 1 1 7 341 1 0 3 1 3 18 0 2 0 0 0 0 0 3 0 0 1 0 1 0 0 2 1 0 5 0 0 8 0 0 3 2 0 3 2 1 7 0 0 5 0 0 6 0 1 5 0 0 4 1 0 0 1 0 9 0 0 10 2 0
4 0 1 1 7 1023 1 0 3 1 3 18 0 2 0 0 0 0 0 3 0 0 1 0 1 0 0 2 1 0 5 0 0 8 0 0 3 2 0 3 2 1 7 0 0 5 0 0 6 0 1 5 0 0 4 1 0 0 1 0 9 0 0 10 2 0
4 1 0 0 0 341 1 0 3 1 3 18 0 2 0 0 0 0 0 3 0 0 1 0 1 0 0 2 1 0 5 0 0 8 0 0 3 2 0 3 2 1 7 0 1 5 0 0 6 0 0 5 0 0 4 1 0 0 1 0 9 0 1 10 2 0
4 1 0 0 0 1023 1 0 3 1 3 18 0 2 0 0 0 0 0 3 0 0 1 0 1 0 0 2 1 0 5 0 0 8 0 0 3 2 0 3 2 1 7 0 1 5 0 0 6 0 0 5 0 0 4 1 0 0 1 0 9 0 1 10 2 0
4 1 0 0 7 341 1 0 3 1 3 18 0 2 0 0 0 0 0 3 0 0 1 0 1 0 0 2 1 0 5 0 0 8 0 0 3 2 0 3 2 1 7 0 1 5 0 0 6 0 0 5 0 0 4 1 0 0 1 0 9 0 1 10 2 0
4 1 0 0 7 1023 1 0 3 1 3 18 0 2 0 0 0 0 0 3 0 0 1 0 1 0 0 2 1 0 5 0 0 8 0 0 3 2 0 3 2 1 7 0 1 5 0 0 6 0 0 5 0 0 4 1 0 0 1 0 9 0 1 10 2 0
4 1 0 1 0 341 1 0 3 1 3 18 0 2 0 0 0 0 0 3 0 0 1 0 1 0 0 2 1 0 5 0 0 8 0 0 3 2 0 3 2 1 7 0 1 5 0 0 6 0 0 5 0 0 4 1 0 0 1 0 9 0 0 10 2 0
4 1 0 1 0 1023 1 0 3 1 3 18 0 2 0 0 0 0 0 3 0 0 1 0 1 0 0 2 1 0 5 0 0 8 0 0 3 2 0 3 2 1 7 0 1 5 0 0 6 0 0 5 0 0 4 1 0 0 1 0 9 0 0 10 2 0
4 1 0 1 7 341 1 0 3 1 3 18 0 2 0 0 0 0 0 3 0 0 1 0 1 0 0 2 1 0 5 0 0 8 0 0 3 2 0 3 2 1 7 0 1 5 0 0 6 0 0 5 0 0 4 1 0 0 1 0 9 0 0 10 2 0
4 1 0 1 7 1023 1 0 3 1 3 18 0 2 0 0 0 0 0 3 0 0 1 0 1 0 0 2 1 0 5 0 0 8 0 0 3 2 0 3 2 1 7 0 1 5 0 0 6 0 0 5 0 0 4 1 0 0 1 0 9 0 0 10 2 0
4 1 1 0 0 341 1 0 3 1 3 18 0 2 0 0 0 0 0 3 0 0 1 0 1 0 0 2 1 0 5 0 0 8 0 0 3 2 0 3 2 1 7 0 0 5 0 0 6 0 0 5 0 0 4 1 0 0 1 0 9 0 1 10 2 0
4 1 1 0 0 1023 1 0 3 1 3 18 0 2 0 0 0 0 0 3 0 0 1 0 1 0 0 2 1 0 5 0 0 8 0 0 3 2 0 3 2 1 7 0 0 5 0 0 6 0 0 5 0 0 4 1 0 0 1 0 9 0 1 10 2 0
4 1 1 0 7 341 1 0 3 1 3 18 0 2 0 0 0 0 0 3 0 0 1 0 1 0 0 2 1 0 5 0 0 8 0 0 3 2 0 3 2 1 7 0 0 5 0 0 6 0 0 5 0 0 4 1 0 0 1 0 9 0 1 10 2 0
4 1 1 0 7 1023 1 0 3 1 3 18 0 2 0 0 0 0 0 3 0 0 1 0 1 0 0 2 1 0 5 0 0 8 0 0 3 2 0 3 2 1 7 0 0 5 0 0 6 0 0 5 0 0 4 1 0 0 1 0 9 0 1 10 2 0
4 1 1 1 0 341 1 0 3 1 3 18 0 2 0 0 0 0 0 3 0 0 1 0 1 0 0 2 1 0 5 0 0 8 0 0 3 2 0 3 2 1 7 0 0 5 0 0 6 0 0 5 0 0 4 1 0 0 1 0 9 0 0 10 2 0
4 1 1 1 0 1023 1 0 3 1 3 18 0 2 0 0 0 0 0 3 0 0 1 0 1 0 0 2 1 0 5 0 0 8 0 0 3 2 0 3 2 1 7 0 0 5 0 0 6 0 0 5 0 0 4 1 0 0 1 0 9 0 0 10 2 0
4 1 1 1 7 341 1 0 3 1 3 18 0 2 0 0 0 0 0 3 0 0 1 0 1 0 0 2 1 0 5 0 0 8 0 0 3 2 0 3 2 1 7 0 0 5 0 0 6 0 0 5 0 0 4 1 0 0 1 0 9 0 0 10 2 0
4 1 1 1 7 1023 1 0 3 1 3 18 0 2 0 0 0 0 0 3 0 0 1 0 1 0 0 2 1 0 5 0 0 8 0 0 3 2 0 3 2 1 7 0 0 5 0 0 6 0 0 5 0 0 4 1 0 0 1 0 9 0 0 10 2 0
4 0 0 0 0 341 0 9 9 0 9 18 0 0 0 0 1 0 0 2 0 0 3 0 1 0 0 2 1 0 5 0 0 8 0 0 3 2 0 3 2 0 7 0 1 5 0 0 6 0 1 5 0 0 4 1 0 0 1 0 9 0 1 10 2 0
4 0 0 0 0 1023 0 9 9 0 9 18 0 0 0 0 1 0 0 2 0 0 3 0 1 0 0 2 1 0 5 0 0 8 0 0 3 2 0 3 2 0 7 0 1 5 0 0 6 0 1 5 0 0 4 1 0 0 1 0 9 0 1 10 2 0
4 0 0 0 7 341 0 9 9 0 9 18 0 0 0 0 1 0 0 2 0 0 3 0 1 0 0 2 1 0 5 0 0 8 0 0 3 2 0 3 2 0 7 0 1 5 0 0 6 0 1 5 0 0 4 1 0 0 1 0 9 0 1 10 2 0
4 0 0 0 7 1023 0 9 9 0 9 18 0 0 0 0 1 0 0 2 0 0 3 0 1 0 0 2 1 0 5 0 0 8 0 0 3 2 0 3 2 0 7 0 1 5 0 0 6 0 1 5 0 0 4 1 0 0 1 0 9 0 1 10 2 0
4 0 0 1 0 341 0 9 9 0 9 18 0 0 0 0 1 0 0 2 0 0 3 0 1 0 0 2 1 0 5 0 0 8 0 0 3 2 0 3 2 0 7 0 1 5 0 0 6 0 1 5 0 0 4 1 0 0 1 0 9 0 0 10 2 0
4 0 0 1 0 1023 0 9 9 0 9 18 0 0 0 0 1 0 0 2 0 0 3 0 1 0 0 2 1 0 5 0 0 8 0 0 3 2 0 3 2 0 7 0 1 5 0 0 6 0 1 5 0 0 4 1 0 0 1 0 9 0 0 10 2 0
4 0 0 1 7 341 0 9 9 0 9 18 0 0 0 0 1 0 0 2 0 0 3 0 1 0 0 2 1 0 5 0 0 8 0 0 3 2 0 3 2 0 7 0 1 5 0 0 6 0 1 5 0 0 4 1 0 0 1 0 9 0 0 10 2 0
4 0 0 1 7 1023 0 9 9 0 9 18 0 0 0 0 1 0 0 2 0 0 3 0 1 0 0 2 1 0 5 0 0 8 0 0 3 2 0 3 2 0 7 0 1 5 0 0 6 0 1 5 0 0 4 1 0 0 1 0 9 0 0 10 2 0
4 0 1 0 0 341 0 9 9 0 9 18 0 0 0 0 1 0 0 2 0 0 3 0 1 0 0 2 1 0 5 0 0 8 0 0 3 2 0 3 2 0 7 0 0 5 0 0 6 0 1 5 0 0 4 1 0 0 1 0 9 0 1 10 2 0
4 0 1 0 0 1023 0 9 9 0 9 18 0 0 0 0 1 0 0 2 0 0 3 0 1 0 0 2 1 0 5 0 0 8 0 0 3 2 0 3 2 0 7 0 0 5 0 0 6 0 1 5 0 0 4 1 0 0 1 0 9 0 1 10 2 0
4 0 1 0 7 341 0 9 9 0 9 18 0 0 0 0 1 0 0 2 0 0 3 0 1 0 0 2 1 0 5 0 0 8 0 0 3 2 0 3 2 0 7 0 0 5 0 0 6 0 1 5 0 0 4 1 0 0 1 0 9 0 1 10 2 0
4 0 1 0 7 1023 0 9 9 0 9 18 0 0 0 0 1 0 0 2 0 0 3 0 1 0 0 2 1 0 5 0 0 8 0 0 3 2 0 3 2 0 7 0 0 5 0 0 6 0 1 5 0 0 4 1 0 0 1 0 9 0 1 10 2 0
4 0 1 1 0 341 0 9 9 0 9 18 0 0 0 0 1 0 0 2 0 0 3 0 1 0 0 2 1 0 5 0 0 8 0 0 3 2 0 3 2 0 7 0 0 5 0 0 6 0 1 5 0 0 4 1 0 0 1 0 9 0 0 10 2 0
4 0 1 1 0 1023 0 9 9 0 9 18 0 0 0 0 1 0 0 2 0 0 3 0 1 0 0 2 1 0 5 0 0 8 0 0 3 2 0 3 2 0 7 0 0 5 0 0 6 0 1 5 0 0 4 1 0 0 1 0 9 0 0 10 2 0
4 0 1 1 7 341 0 9 9 0 9 18 0 0 0 0 1 0 0 2 0 0 3 0 1 0 0 2 1 0 5 0 0 8 0 0 3 2 0 3 2 0 7 0 0 5 0 0 6 0 1 5 0 0 4 1 0 0 1 0 9 0 0 10 2 0
4 0 1 1 7 1023 0 9 9 0 9 18 0 0 0 0 1 0 0 2 0 0 3 0 1 0 0 2 1 0 5 0 0 8 0 0 3 2 0 3 2 0 7 0 0 5 0 0 6 0 1 5 0 0 4 1 0 0 1 0 9 0 0 10 2 0
4 1 0 0 0 341 0 9 9 0 9 18 0 0 0 0 1 0 0 2 0 0 3 0 1 0 0 2 1 0 5 0 0 8 0 0 3 2 0 3 2 0 7 0 1 5 0 0 6 0 0 5 0 0 4 1 0 0 1 0 9 0 1 10 2 0
4 1 0 0 0 1023 0 9 9 0 9 18 0 0 0 0 1 0 0 2 0 0 3 0 1 0 0 2 1 0 5 0 0 8 0 0 3 2 0 3 2 0 7 0 1 5 0 0 6 0 0 5 0 0 4 1 0 0 1 0 9 0 1 10 2 0
4 1 0 0 7 341 0 9 9 0 9 18 0 0 0 0 1 0 0 2 0 0 3 0 1 0 0 2 1 0 5 0 0 8 0 0 3 2 0 3 2 0 7 0 1 5 0 0 6 0 0 5 0 0 4 1 0 0 1 0 9 0 1 10 2 0
4 1 0 0 7 1023 0 9 9 0 9 18 0 0 0 0 1 0 0 2 0 0 3 0 1 0 0 2 1 0 5 0 0 8 0 0 3 2 0 3 2 0 7 0 1 5 0 0 6 0 0 5 0 0 4 1 0 0 1 0 9 0 1 10 2 0
4 1 0 1 0 341 0 9 9 0 9 18 0 0 0 0 1 0 0 2 0 0 3 0 1 0 0 2 1 0 5 0 0 8 0 0 3 2 0 3 2 0 7 0 1 5 0 0 6 0 0 5 0 0 4 1 0 0 1 0 9 0 0 10 2 0
4 1 0 1 0 1023 0 9 9 0 9 18 0 0 0 0 1 0 0 2 0 0 3 0 1 0 0 2 1 0 5 0 0 8 0 0 3 2 0 3 2 0 7 0 1 5 0 0 6 0 0 5 0 0 4 1 0 0 1 0 9 0 0 10 2 0
4 1 0 1 7 341 0 9 9 0 9 18 0 0 0 0 1 0 0 2 0 0 3 0 1 0 0 2 1 0 5 0 0 8 0 0 3 2 0 3 2 0 7 0 1 5 0 0 6 0 0 5 0 0 4 1 0 0 1 0 9 0 0 10 2 0
4 1 0 1 7 1023 0 9 9 0 9 18 0 0 0 0 1 0 0 2 0 0 3 0 1 0 0 2 1 0 5 0 0 8 0 0 3 2 0 3 2 0 7 0 1 5 0 0 6 0 0 5 0 0 4 1 0 0 1 0 9 0 0 10 2 0
4 1 1 0 0 341 0 9 9 0 9 18 0 0 0 0 1 0 0 2 0 0 3 0 1 0 0 2 1 0 5 0 0 8 0 0 3 2 0 3 2 0 7 0 0 5 0 0 6 0 0 5 0 0 4 1 0 0 1 0 9 0 1 10 2 0
4 1 1 0 0 1023 0 9 9 0 9 18 0 0 0 0 1 0 0 2 0 0 3 0 1 0 0 2 1 0 5 0 0 8 0 0 3 2 0 3 2 0 7 0 0 5 0 0 6 0 0 5 0 0 4 1 0 0 1 0 9 0 1 10 2 0
4 1 1 0 7 341 0 9 9 0 9 18 0 0 0 0 1 0 0 2 0 0 3 0 1 0 0 2 1 0 5 0 0 8 0 0 3 2 0 3 2 0 7 0 0 5 0 0 6 0 0 5 0 0 4 1 0 0 1 0 9 0 1 10 2 0
4 1 1 0 7 1023 0 9 9 0 9 18 0 0 0 0 1 0 0 2 0 0 3 0 1 0 0 2 1 0 5 0 0 8 0 0 3 2 0 3 2 0 7 0 0 5 0 0 6 0 0 5 0 0 4 1 0 0 1 0 9 0 1 10 2 0
4 1 1 1 0 341 0 9 9 0 9 18 0 0 0 0 1 0 0 2 0 0 3 0 1 0 0 2 1 0 5 0 0 8 0 0 3 2 0 3 2 0 7 0 0 5 0 0 6 0 0 5 0 0 4 1 0 0 1 0 9 0 0 10 2 0
4 1 1 1 0 1023 0 9 9 0 9 18 0 0 0 0 1 0 0 2 0 0 3 0 1 0 0 2 1 0 5 0 0 8 0 0 3 2 0 3 2 0 7 0 0 5 0 0 6 0 0 5 0 0 4 1 0 0 1 0 9 0 0 10 2 0
4 1 1 1 7 341 0 9 9 0 9 18 0 0 0 0 1 0 0 2 0 0 3 0 1 0 0 2 1 0 5 0 0 8 0 0 3 2 0 3 2 0 7 0 0 5 0 0 6 0 0 5 0 0 4 1 0 0 1 0 9 0 0 10 2 0
4 1 1 1 7 1023 0 9 9 0 9 18 0 0 0 0 1 0 0 2 0 0 3 0 1 0 0 2 1 0 5 0 0 8 0 0 3 2 0 3 2 0 7 0 0 5 0 0 6 0 0 5 0 0 4 1 0 0 1 0 9 0 0 10 2 0
4 0 0 0 0 341 1 9 9 0 9 18 0 3 0 0 2 0 0 1 0 0 0 0 1 0 0 2 1 0 5 0 0 8 0 0 3 2 0 3 2 0 7 0 1 5 0 0 6 0 1 5 0 0 4 1 0 0 1 0 9 0 1 10 2 0
4 0 0 0 0 1023 1 9 9 0 9 18 0 3 0 0 2 0 0 1 0 0 0 0 1 0 0 2 1 0 5 0 0 8 0 0 3 2 0 3 2 0 7 0 1 5 0 0 6 0 1 5 0 0 4 1 0 0 1 0 9 0 1 10 2 0
4 0 0 0 7 341 1 9 9 0 9 18 0 3 0 0 2 0 0 1 0 0 0 0 1 0 0 2 1 0 5 0 0 8 0 0 3 2 0 3 2 0 7 0 1 5 0 0 6 0 1 5 0 0 4 1 0 0 1 0 9 0 1 10 2 0
4 0 0 0 7 1023 1 9 9 0 9 18 0 3 0 0 2 0 0 1 0 0 0 0 1 0 0 2 1 0 5 0 0 8 0 0 3 2 0 3 2 0 7 0 1 5 0 0 6 0 1 5 0 0 4 1 0 0 1 0 9 0 1 10 2 0
4 0 0 1 0 341 1 9 9 0 9 18 0 3 0 0 2 0 0 1 0 0 0 0 1 0 0 2 1 0 5 0 0 8 0 0 3 2 0 3 2 0 7 0 1 5 0 0 6 0 1 5 0 0 4 1 0 0 1 0 9 0 0 10 2 0
4 0 0 1 0 1023 1 9 9 0 9 18 0 3 0 0 2 0 0 1 0 0 0 0 1 0 0 2 1 0 5 0 0 8 0 0 3 2 0 3 2 0 7 0 1 5 0 0 6 0 1 5 0 0 4 1 0 0 1 0 9 0 0 10 2 0
4 0 0 1 7 341 1 9 9 0 9 18 0 3 0 0 2 0 0 1 0 0 0 0 1 0 0 2 1 0 5 0 0 8 0 0 3 2 0 3 2 0 7 0 1 5 0 0 6 0 1 5 0 0 4 1 0 0 1 0 9 0 0 10 2 0
4 0 0 1 7 1023 1 9 9 0 9 18 0 3 0 0 2 0 0 1 0 0 0 0 1 0 0 2 1 0 5 0 0 8 0 0 3 2 0 3 2 0 7 0 1 5 0 0 6 0 1 5 0 0 4 1 0 0 1 0 9 0 0 10 2 0
4 0 1 0 0 341 1 9 9 0 9 18 0 3 0 0 2 0 0 1 0 0 0 0 1 0 0 2 1 0 5 0 0 8 0 0 3 2 0 3 2 0 7 0 0 5 0 0 6 0 1 5 0 0 4 1 0 0 1 0 9 0 1 10 2 0
4 0 1 0 0 1023 1 9 9 0 9 18 0 3 0 0 2 0 0 1 0 0 0 0 1 0 0 2 1 0 5 0 0 8 0 0 3 2 0 3 2 0 7 0 0 5 0 0 6 0 1 5 0 0 4 1 0 0 1 0 9 0 1 10 2 0
4 0 1 0 7 341 1 9 9 0 9 18 0 3 0 0 2 0 0 1 0 0 0 0 1 0 0 2 1 0 5 0 0 8 0 0 3 2 0 3 2 0 7 0 0 5 0 0 6 0 1 5 0 0 4 1 0 0 1 0 9 0 1 10 2 0
4 0 1 0 7 1023 1 9 9 0 9 18 0 3 0 0 2 0 0 1 0 0 0 0 1 0 0 2 1 0 5 0 0 8 0 0 3 2 0 3 2 0 7 0 0 5 0 0 6 0 1 5 0 0 4 1 0 0 1 0 9 0 1 10 2 0
4 0 1 1 0 341 1 9 9 0 9 18 0 3 0 0 2 0 0 1 0 0 0 0 1 0 0 2 1 0 5 0 0 8 0 0 3 2 0 3 2 0 7 0 0 5 0 0 6 0 1 5 0 0 4 1 0 0 1 0 9 0 0 10 2 0
4 0 1 1 0 1023 1 9 9 0 9 18 0 3 0 0 2 0 0 1 0 0 0 0 1 0 0 2 1 0 5 0 0 8 0 0 3 2 0 3 2 0 7 0 0 5 0 0 6 0 1 5 0 0 4 1 0 0 1 0 9 0 0 10 2 0
4 0 1 1 7 341 1 9 9 0 9 18 0 3 0 0 2 0 0 1 0 0 0 0 1 0 0 2 1 0 5 0 0 8 0 0 3 2 0 3 2 0 7 0 0 5 0 0 6 0 1 5 0 0 4 1 0 0 1 0 9 0 0 10 2 0
4 0 1 1 7 1023 1 9 9 0 9 18 0 3 0 0 2 0 0 1 0 0 0 0 1 0 0 2 1 0 5 0 0 8 0 0 3 2 0 3 2 0 7 0 0 5 0 0 6 0 1 5 0 0 4 1 0 0 1 0 9 0 0 10 2 0
4 1 0 0 0 341 1 9 9 0 9 18 0 3 0 0 2 0 0 1 0 0 0 0 1 0 0 2 1 0 5 0 0 8 0 0 3 2 0 3 2 0 7 0 1 5 0 0 6 0 0 5 0 0 4 1 0 0 1 0 9 0 1 10 2 0
4 1 0 0 0 1023 1 9 9 0 9 18 0 3 0 0 2 0 0 1 0 0 0 0 1 0 0 2 1 0 5 0 0 8 0 0 3 2 0 3 2 0 7 0 1 5 0 0 6 0 0 5 0 0 4 1 0 0 1 0 9 0 1 10 2 0
4 1 0 0 7 341 1 9 9 0 9 18 0 3 0 0 2 0 0 1 0 0 0 0 1 0 0 2 1 0 5 0 0 8 0 0 3 2 0 3 2 0 7 0 1 5 0 0 6 0 0 5 0 0 4 1 0 0 1 0 9 0 1 10 2 0
4 1 0 0 7 1023 1 9 9 0 9 18 0 3 0 0 2 0 0 1 0 0 0 0 1 0 0 2 1 0 5 0 0 8 0 0 3 2 0 3 2 0 7 0 1 5 0 0 6 0 0 5 0 0 4 1 0 0 1 0 9 0 1 10 2 0
4 1 0 1 0 341 1 9 9 0 9 18 0 3 0 0 2 0 0 1 0 0 0 0 1 0 0 2 1 0 5 0 0 8 0 0 3 2 0 3 2 0 7 0 1 5 0 0 6 0 0 5 0 0 4 1 0 0 1 0 9 0 0 10 2 0
4 1 0 1 0 1023 1 9 9 0 9 18 0 3 0 0 2 0 0 1 0 0 0 0 1 0 0 2 1 0 5 0 0 8 0 0 3 2 0 3 2 0 7 0 1 5 0 0 6 0 0 5 0 0 4 1 0 0 1 0 9 0 0 10 2 0
4 1 0 1 7 341 1 9 9 0 9 18 0 3 0 0 2 0 0 1 0 0 0 0 1 0 0 2 1 0 5 0 0 8 0 0 3 2 0 3 2 0 7 0 1 5 0 0 6 0 0 5 0 0 4 1 0 0 1 0 9 0 0 10 2 0
4 1 0 1 7 1023 1 9 9 0 9 18 0 3 0 0 2 0 0 1 0 0 0 0 1 0 0 2 1 0 5 0 0 8 0 0 3 2 0 3 2 0 7 0 1 5 0 0 6 0 0 5 0 0 4 1 0 0 1 0 9 0 0 10 2 0
4 1 1 0 0 341 1 9 9 0 9 18 0 3 0 0 2 0 0 1 0 0 0 0 1 0 0 2 1 0 5 0 0 8 0 0 3 2 0 3 2 0 7 0 0 5 0 0 6 0 0 5 0 0 4 1 0 0 1 0 9 0 1 10 2 0
4 1 1 0 0 1023 1 9 9 0 9 18 0 3 0 0 2 0 0 1 0 0 0 0 1 0 0 2 1 0 5 0 0 8 0 0 3 2 0 3 2 0 7 0 0 5 0 0 6 0 0 5 0 0 4 1 0 0 1 0 9 0 1 10 2 0
4 1 1 0 7 341 1 9 9 0 9 18 0 3 0 0 2 0 0 1 0 0 0 0 1 0 0 2 1 0 5 0 0 8 0 0 3 2 0 3 2 0 7 0 0 5 0 0 6 0 0 5 0 0 4 1 0 0 1 0 9 0 1 10 2 0
4 1 1 0 7 1023 1 9 9 0 9 18 0 3 0 0 2 0 0 1 0 0 0 0 1 0 0 2 1 0 5 0 0 8 0 0 3 2 0 3 2 0 7 0 0 5 0 0 6 0 0 5 0 0 4 1 0 0 1 0 9 0 1 10 2 0
4 1 1 1 0 341 1 9 9 0 9 18 0 3 0 0 2 0 0 1 0 0 0 0 1 0 0 2 1 0 5 0 0 8 0 0 3 2 0 3 2 0 7 0 0 5 0 0 6 0 0 5 0 0 4 1 0 0 1 0 9 0 0 10 2 0
4 1 1 1 0 1023 1 9 9 0 9 18 0 3 0 0 2 0 0 1 0 0 0 0 1 0 0 2 1 0 5 0 0 8 0 0 3 2 0 3 2 0 7 0 0 5 0 0 6 0 0 5 0 0 4 1 0 0 1 0 9 0 0 10 2 0
4 1 1 1 7 341 1 9 9 0 9 18 0 3 0 0 2 0 0 1 0 0 0 0 1 0 0 2 1 0 5 0 0 8 0 0 3 2 0 3 2 0 7 0 0 5 0 0 6 0 0 5 0 0 4 1 0 0 1 0 9 0 0 10 2 0
4 1 1 1 7 1023 1 9 9 0 9 18 0 3 0 0 2 0 0 1 0 0 0 0 1 0 0 2 1 0 5 0 0 8 0 0 3 2 0 3 2 0 7 0 0 5 0 0 6 0 0 5 0 0 4 1 0 0 1 0 9 0 0 10 2 0
4 0 0 0 0 341 1 9 9 0 9 18 0 2 0 0 0 0 0 3 0 0 1 0 1 0 0 2 1 0 5 0 0 8 0 0 3 2 0 3 2 0 7 0 1 5 0 0 6 0 1 5 0 0 4 1 0 0 1 0 9 0 1 10 2 0
4 0 0 0 0 1023 1 9 9 0 9 18 0 2 0 0 0 0 0 3 0 0 1 0 1 0 0 2 1 0 5 0 0 8 0 0 3 2 0 3 2 0 7 0 1 5 0 0 6 0 1 5 0 0 4 1 0 0 1 0 9 0 1 10 2 0
4 0 0 0 7 341 1 9 9 0 9 18 0 2 0 0 0 0 0 3 0 0 1 0 1 0 0 2 1 0 5 0 0 8 0 0 3 2 0 3 2 0 7 0 1 5 0 0 6 0 1 5 0 0 4 1 0 0 1 0 9 0 1 10 2 0
4 0 0 0 7 1023 1 9 9 0 9 18 0 2 0 0 0 0 0 3 0 0 1 0 1 0 0 2 1 0 5 0 0 8 0 0 3 2 0 3 2 0 7 0 1 5 0 0 6 0 1 5 0 0 4 1 0 0 1 0 9 0 1 10 2 0
4 0 0 1 0 341 1 9 9 0 9 18 0 2 0 0 0 0 0 3 0 0 1 0 1 0 0 2 1 0 5 0 0 8 0 0 3 2 0 3 2 0 7 0 1 5 0 0 6 0 1 5 0 0 4 1 0 0 1 0 9 0 0 10 2 0
4 0 0 1 0 1023 1 9 9 0 9 18 0 2 0 0 0 0 0 3 0 0 1 0 1 0 0 2 1 0 5 0 0 8 0 0 3 2 0 3 2 0 7 0 1 5 0 0 6 0 1 5 0 0 4 1 0 0 1 0 9 0 0 10 2 0
4 0 0 1 7 341 1 9 9 0 9 18 0 2 0 0 0 0 0 3 0 0 1 0 1 0 0 2 1 0 5 0 0 8 0 0 3 2 0 3 2 0 7 0 1 5 0 0 6 0 1 5 0 0 4 1 0 0 1 0 9 0 0 10 2 0
4 0 0 1 7 1023 1 9 9 0 9 18 0 2 0 0 0 0 0 3 0 0 1 0 1 0 0 2 1 0 5 0 0 8 0 0 3 2 0 3 2 0 7 0 1 5 0 0 6 0 1 5 0 0 4 1 0 0 1 0 9 0 0 10 2 0
4 0 1 0 0 341 1 9 9 0 9 18 0 2 0 0 0 0 0 3 0 0 1 0 1 0 0 2 1 0 5 0 0 8 0 0 3 2 0 3 2 0 7 0 0 5 0 0 6 0 1 5 0 0 4 1 0 0 1 0 9 0 1 10 2 0
4 0 1 0 0 1023 1 9 9 0 9 18 0 2 0 0 0 0 0 3 0 0 1 0 1 0 0 2 1 0 5 0 0 8 0 0 3 2 0 3 2 0 7 0 0 5 0 0 6 0 1 5 0 0 4 1 0 0 1 0 9 0 1 10 2 0
4 0 1 0 7 341 1 9 9 0 9 18 0 2 0 0 0 0 0 3 0 0 1 0 1 0 0 2 1 0 5 0 0 8 0 0 3 2 0 3 2 0 7 0 0 5 0 0 6 0 1 5 0 0 4 1 0 0 1 0 9 0 1 10 2 0
4 0 1 0 7 1023 1 9 9 0 9 18 0 2 0 0 0 0 0 3 0 0 1 0 1 0 0 2 1 0 5 0 0 8 0 0 3 2 0 3 2 0 7 0 0 5 0 0 6 0 1 5 0 0 4 1 0 0 1 0 9 0 1 10 2 0
4 0 1 1 0 341 1 9 9 0 9 18 0 2 0 0 0 0 0 3 0 0 1 0 1 0 0 2 1 0 5 0 0 8 0 0 3 2 0 3 2 0 7 0 0 5 0 0 6 0 1 5 0 0 4 1 0 0 1 0 9 0 0 10 2 0
4 0 1 1 0 1023 1 9 9 0 9 18 0 2 0 0 0 0 0 3 0 0 1 0 1 0 0 2 1 0 5 0 0 8 0 0 3 2 0 3 2 0 7 0 0 5 0 0 6 0 1 5 0 0 4 1 0 0 1 0 9 0 0 10 2 0
4 0 1 1 7 341 1 9 9 0 9 18 0 2 0 0 0 0 0 3 0 0 1 0 1 0 0 2 1 0 5 0 0 8 0 0 3 2 0 3 2 0 7 0 0 5 0 0 6 0 1 5 0 0 4 1 0 0 1 0 9 0 0 10 2 0
4 0 1 1 7 1023 1 9 9 0 9 18 0 2 0 0 0 0 0 3 0 0 1 0 1 0 0 2 1 0 5 0 0 8 0 0 3 2 0 3 2 0 7 0 0 5 0 0 6 0 1 5 0 0 4 1 0 0 1 0 9 0 0 10 2 0
4 1 0 0 0 341 1 9 9 0 9 18 0 2 0 0 0 0 0 3 0 0 1 0 1 0 0 2 1 0 5 0 0 8 0 0 3 2 0 3 2 0 7 0 1 5 0 0 6 0 0 5 0 0 4 1 0 0 1 0 9 0 1 10 2 0
4 1 0 0 0 1023 1 9 9 0 9 18 0 2 0 0 0 0 0 3 0 0 1 0 1 0 0 2 1 0 5 0 0 8 0 0 3 2 0 3 2 0 7 0 1 5 0 0 6 0 0 5 0 0 4 1 0 0 1 0 9 0 1 10 2 0
4 1 0 0 7 341 1 9 9 0 9 18 0 2 0 0 0 0 0 3 0 0 1 0 1 0 0 2 1 0 5 0 0 8 0 0 3 2 0 3 2 0 7 0 1 5 0 0 6 0 0 5 0 0 4 1 0 0 1 0 9 0 1 10 2 0
4 1 0 0 7 1023 1 9 9 0 9 18 0 2 0 0 0 0 0 3 0 0 1 0 1 0 0 2 1 0 5 0 0 8 0 0 3 2 0 3 2 0 7 0 1 5 0 0 6 0 0 5 0 0 4 1 0 0 1 0 9 0 1 10 2 0
4 1 0 1 0 341 1 9 9 0 9 18 0 2 0 0 0 0 0 3 0 0 1 0 1 0 0 2 1 0 5 0 0 8 0 0 3 2 0 3 2 0 7 0 1 5 0 0 6 0 0 5 0 0 4 1 0 0 1 0 9 0 0 10 2 0
4 1 0 1 0 1023 1 9 9 0 9 18 0 2 0 0 0 0 0 3 0 0 1 0 1 0 0 2 1 0 5 0 0 8 0 0 3 2 0 3 2 0 7 0 1 5 0 0 6 0 0 5 0 0 4 1 0 0 1 0 9 0 0 10 2 0
4 1 0 1 7 341 1 9 9 0 9 18 0 2 0 0 0 0 0 3 0 0 1 0 1 0 0 2 1 0 5 0 0 8 0 0 3 2 0 3 2 0 7 0 1 5 0 0 6 0 0 5 0 0 4 1 0 0 1 0 9 0 0 10 2 0
4 1 0 1 7 1023 1 9 9 0 9 18 0 2 0 0 0 0 0 3 0 0 1 0 1 0 0 2 1 0 5 0 0 8 0 0 3 2 0 3 2 0 7 0 1 5 0 0 6 0 0 5 0 0 4 1 0 0 1 0 9 0 0 10 2 0
4 1 1 0 0 341 1 9 9 0 9 18 0 2 0 0 0 0 0 3 0 0 1 0 1 0 0 2 1 0 5 0 0 8 0 0 3 2 0 3 2 0 7 0 0 5 0 0 6 0 0 5 0 0 4 1 0 0 1 0 9 0 1 10 2 0
4 1 1 0 0 1023 1 9 9 0 9 18 0 2 0 0 0 0 0 3 0 0 1 0 1 0 0 2 1 0 5 0 0 8 0 0 3 2 0 3 2 0 7 0 0 5 0 0 6 0 0 5 0 0 4 1 0 0 1 0 9 0 1 10 2 0
4 1 1 0 7 341 1 9 9 0 9 18 0 2 0 0 0 0 0 3 0 0 1 0 1 0 0 2 1 0 5 0 0 8 0 0 3 2 0 3 2 0 7 0 0 5 0 0 6 0 0 5 0 0 4 1 0 0 1 0 9 0 1 10 2 0
4 1 1 0 7 1023 1 9 9 0 9 18 0 2 0 0 0 0 0 3 0 0 1 0 1 0 0 2 1 0 5 0 0 8 0 0 3 2 0 3 2 0 7 0 0 5 0 0 6 0 0 5 0 0 4 1 0 0 1 0 9 0 1 10 2 0
4 1 1 1 0 341 1 9 9 0 9 18 0 2 0 0 0 0 0 3 0 0 1 0 1 0 0 2 1 0 5 0 0 8 0 0 3 2 0 3 2 0 7 0 0 5 0 0 6 0 0 5 0 0 4 1 0 0 1 0 9 0 0 10 2 0
4 1 1 1 0 1023 1 9 9 0 9 18 0 2 0 0 0 0 0 3 0 0 1 0 1 0 0 2 1 0 5 0 0 8 0 0 3 2 0 3 2 0 7 0 0 5 0 0 6 0 0 5 0 0 4 1 0 0 1 0 9 0 0 10 2 0
4 1 1 1 7 341 1 9 9 0 9 18 0 2 0 0 0 0 0 3 0 0 1 0 1 0 0 2 1 0 5 0 0 8 0 0 3 2 0 3 2 0 7 0 0 5 0 0 6 0 0 5 0 0 4 1 0 0 1 0 9 0 0 10 2 0
4 1 1 1 7 1023 1 9 9 0 9 18 0 2 0 0 0 0 0 3 0 0 1 0 1 0 0 2 1 0 5 0 0 8 0 0 3 2 0 3 2 0 7 0 0 5 0 0 6 0 0 5 0 0 4 1 0 0 1 0 9 0 0 10 2 0
4 0 0 0 0 341 0 0 1 1 0 18 0 0 0 0 1 0 0 2 0 0 3 0 1 0 0 2 1 0 5 0 0 8 0 0 3 2 0 3 2 1 7 0 1 5 0 0 6 0 1 5 0 0 4 1 0 0 1 0 9 0 1 10 2 0
4 0 0 0 0 1023 0 0 1 1 0 18 0 0 0 0 1 0 0 2 0 0 3 0 1 0 0 2 1 0 5 0 0 8 0 0 3 2 0 3 2 1 7 0 1 5 0 0 6 0 1 5 0 0 4 1 0 0 1 0 9 0 1 10 2 0
4 0 0 0 7 341 0 0 1 1 0 18 0 0 0 0 1 0 0 2 0 0 3 0 1 0 0 2 1 0 5 0 0 8 0 0 3 2 0 3 2 1 7 0 1 5 0 0 6 0 1 5 0 0 4 1 0 0 1 0 9 0 1 10 2 0
4 0 0 0 7 1023 0 0 1 1 0 18 0 0 0 0 1 0 0 2 0 0 3 0 1 0 0 2 1 0 5 0 0 8 0 0 3 2 0 3 2 1 7 0 1 5 0 0 6 0 1 5 0 0 4 1 0 0 1 0 9 0 1 10 2 0
4 0 0 1 0 341 0 0 1 1 0 18 0 0 0 0 1 0 0 2 0 0 3 0 1 0 0 2 1 0 5 0 0 8 0 0 3 2 0 3 2 1 7 0 1 5 0 0 6 0 1 5 0 0 4 1 0 0 1 0 9 0 0 10 2 0
4 0 0 1 0 1023 0 0 1 1 0 18 0 0 0 0 1 0 0 2 0 0 3 0 1 0 0 2 1 0 5 0 0 8 0 0 3 2 0 3 2 1 7 0 1 5 0 0 6 0 1 5 0 0 4 1 0 0 1 0 9 0 0 10 2 0
4 0 0 1 7 341 0 0 1 1 0 18 0 0 0 0 1 0 0 2 0 0 3 0 1 0 0 2 1 0 5 0 0 8 0 0 3 2 0 3 2 1 7 0 1 5 0 0 6 0 1 5 0 0 4 1 0 0 1 0 9 0 0 10 2 0
4 0 0 1 7 1023 0 0 1 1 0 18 0 0 0 0 1 0 0 2 0 0 3 0 1 0 0 2 1 0 5 0 0 8 0 0 3 2 0 3 2 1 7 0 1 5 0 0 6 0 1 5 0 0 4 1 0 0 1 0 9 0 0 10 2 0
4 0 1 0 0 341 0 0 1 1 0 18 0 0 0 0 1 0 0 2 0 0 3 0 1 0 0 2 1 0 5 0 0 8 0 0 3 2 0 3 2 1 7 0 0 5 0 0 6 0 1 5 0 0 4 1 0 0 1 0 9 0 1 10 2 0
4 0 1 0 0 1023 0 0 1 1 0 18 0 0 0 0 1 0 0 2 0 0 3 0 1 0 0 2 1 0 5 0 0 8 0 0 3 2 0 3 2 1 7 0 0 5 0 0 6 0 1 5 0 0 4 1 0 0 1 0 9 0 1 10 2 0
4 0 1 0 7 341 0 0 1 1 0 18 0 0 0 0 1 0 0 2 0 0 3 0 1 0 0 2 1 0 5 0 0 8 0 0 3 2 0 3 2 1 7 0 0 5 0 0 6 0 1 5 0 0 4 1 0 0 1 0 9 0 1 10 2 0
4 0 1 0 7 1023 0 0 1 1 0 18 0 0 0 0 1 0 0 2 0 0 3 0 1 0 0 2 1 0 5 0 0 8 0 0 3 2 0 3 2 1 7 0 0 5 0 0 6 0 1 5 0 0 4 1 0 0 1 0 9 0 1 10 2 0
4 0 1 1 0 341 0 0 1 1 0 18 0 0 0 0 1 0 0 2 0 0 3 0 1 0 0 2 1 0 5 0 0 8 0 0 3 2 0 3 2 1 7 0 0 5 0 0 6 0 1 5 0 0 4 1 0 0 1 0 9 0 0 10 2 0
4 0 1 1 0 1023 0 0 1 1 0 18 0 0 0 0 1 0 0 2 0 0 3 0 1 0 0 2 1 0 5 0 0 8 0 0 3 2 0 3 2 1 7 0 0 5 0 0 6 0 1 5 0 0 4 1 0 0 1 0 9 0 0 10 2 0
4 0 1 1 7 341 0 0 1 1 0 18 0 0 0 0 1 0 0 2 0 0 3 0 1 0 0 2 1 0 5 0 0 8 0 0 3 2 0 3 2 1 7 0 0 5 0 0 6 0 1 5 0 0 4 1 0 0 1 0 9 0 0 10 2 0
4 0 1 1 7 1023 0 0 1 1 0 18 0 0 0 0 1 0 0 2 0 0 3 0 1 0 0 2 1 0 5 0 0 8 0 0 3 2 0 3 2 1 7 0 0 5 0 0 6 0 1 5 0 0 4 1 0 0 1 0 9 0 0 10 2 0
4 1 0 0 0 341 0 0 1 1 0 18 0 0 0 0 1 0 0 2 0 0 3 0 1 0 0 2 1 0 5 0 0 8 0 0 3 2 0 3 2 1 7 0 1 5 0 0 6 0 0 5 0 0 4 1 0 0 1 0 9 0 1 10 2 0
4 1 0 0 0 1023 0 0 1 1 0 18 0 0 0 0 1 0 0 2 0 0 3 0 1 0 0 2 1 0 5 0 0 8 0 0 3 2 0 3 2 1 7 0 1 5 0 0 6 0 0 5 0 0 4 1 0 0 1 0 9 0 1 10 2 0
4 1 0 0 7 341 0 0 1 1 0 18 0 0 0 0 1 0 0 2 0 0 3 0 1 0 0 2 1 0 5 0 0 8 0 0 3 2 0 3 2 1 7 0 1 5 0 0 6 0 0 5 0 0 4 1 0 0 1 0 9 0 1 10 2 0
4 1 0 0 7 1023 0 0 1 1 0 18 0 0 0 0 1 0 0 2 0 0 3 0 1 0 0 2 1 0 5 0 0 8 0 0 3 2 0 3 2 1 7 0 1 5 0 0 6 0 0 5 0 0 4 1 0 0 1 0 9 0 1 10 2 0
4 1 0 1 0 341 0 0 1 1 0 18 0 0 0 0 1 0 0 2 0 0 3 0 1 0 0 2 1 0 5 0 0 8 0 0 3 2 0 3 2 1 7 0 1 5 0 0 6 0 0 5 0 0 4 1 0 0 1 0 9 0 0 10 2 0
4 1 0 1 0 1023 0 0 1 1 0 18 0 0 0 0 1 0 0 2 0 0 3 0 1 0 0 2 1 0 5 0 0 8 0 0 3 2 0 3 2 1 7 0 1 5 0 0 6 0 0 5 0 0 4 1 0 0 1 0 9 0 0 10 2 0
4 1 0 1 7 341 0 0 1 1 0 18 0 0 0 0 1 0 0 2 0 0 3 0 1 0 0 2 1 0 5 0 0 8 0 0 3 2 0 3 2 1 7 0 1 5 0 0 6 0 0 5 0 0 4 1 0 0 1 0 9 0 0 10 2 0
4 1 0 1 7 1023 0 0 1 1 0 18 0 0 0 0 1 0 0 2 0 0 3 0 1 0 0 2 1 0 5 0 0 8 0 0 3 2 0 3 2 1 7 0 1 5 0 0 6 0 0 5 0 0 4 1 0 0 1 0 9 0 0 10 2 0
4 1 1 0 0 341 0 0 1 1 0 18 0 0 0 0 1 0 0 2 0 0 3 0 1 0 0 2 1 0 5 0 0 8 0 0 3 2 0 3 2 1 7 0 0 5 0 0 6 0 0 5 0 0 4 1 0 0 1 0 9 0 1 10 2 0
4 1 1 0 0 1023 0 0 1 1 0 18 0 0 0 0 1 0 0 2 0 0 3 0 1 0 0 2 1 0 5 0 0 8 0 0 3 2 0 3 2 1 7 0 0 5 0 0 6 0 0 5 0 0 4 1 0 0 1 0 9 0 1 10 2 0
4 1 1 0 7 341 0 0 1 1 0 18 0 0 0 0 1 0 0 2 0 0 3 0 1 0 0 2 1 0 5 0 0 8 0 0 3 2 0 3 2 1 7 0 0 5 0 0 6 0 0 5 0 0 4 1 0 0 1 0 9 0 1 10 2 0
4 1 1 0 7 1023 0 0 1 1 0 18 0 0 0 0 1 0 0 2 0 0 3 0 1 0 0 2 1 0 5 0 0 8 0 0 3 2 0 3 2 1 7 0 0 5 0 0 6 0 0 5 0 0 4 1 0 0 1 0 9 0 1 10 2 0
4 1 1 1 0 341 0 0 1 1 0 18 0 0 0 0 1 0 0 2 0 0 3 0 1 0 0 2 1 0 5 0 0 8 0 0 3 2 0 3 2 1 7 0 0 5 0 0 6 0 0 5 0 0 4 1 0 0 1 0 9 0 0 10 2 0
4 1 1 1 0 1023 0 0 1 1 0 18 0 0 0 0 1 0 0 2 0 0 3 0 1 0 0 2 1 0 5 0 0 8 0 0 3 2 0 3 2 1 7 0 0 5 0 0 6 0 0 5 0 0 4 1 0 0 1 0 9 0 0 10 2 0
4 1 1 1 7 341 0 0 1 1 0 18 0 0 0 0 1 0 0 2 0 0 3 0 1 0 0 2 1 0 5 0 0 8 0 0 3 2 0 3 2 1 7 0 0 5 0 0 6 0 0 5 0 0 4 1 0 0 1 0 9 0 0 10 2 0
4 1 1 1 7 1023 0 0 1 1 0 18 0 0 0 0 1 0 0 2 0 0 3 0 1 0 0 2 1 0 5 0 0 8 0 0 3 2 0 3 2 1 7 0 0 5 0 0 6 0 0 5 0 0 4 1 0 0 1 0 9 0 0 10 2 0
4 0 0 0 0 341 1 0 1 1 0 18 0 3 0 0 2 0 0 1 0 0 0 0 1 0 0 2 1 0 5 0 0 8 0 0 3 2 0 3 2 1 7 0 1 5 0 0 6 0 1 5 0 0 4 1 0 0 1 0 9 0 1 10 2 0
4 0 0 0 0 1023 1 0 1 1 0 18 0 3 0 0 2 0 0 1 0 0 0 0 1 0 0 2 1 0 5 0 0 8 0 0 3 2 0 3 2 1 7 0 1 5 0 0 6 0 1 5 0 0 4 1 0 0 1 0 9 0 1 10 2 0
4 0 0 0 7 341 1 0 1 1 0 18 0 3 0 0 2 0 0 1 0 0 0 0 1 0 0 2 1 0 5 0 0 8 0 0 3 2 0 3 2 1 7 0 1 5 0 0 6 0 1 5 0 0 4 1 0 0 1 0 9 0 1 10 2 0
4 0 0 0 7 1023 1 0 1 1 0 18 0 3 0 0 2 0 0 1 0 0 0 0 1 0 0 2 1 0 5 0 0 8 0 0 3 2 0 3 2 1 7 0 1 5 0 0 6 0 1 5 0 0 4 1 0 0 1 0 9 0 1 10 2 0
4 0 0 1 0 341 1 0 1 1 0 18 0 3 0 0 2 0 0 1 0 0 0 0 1 0 0 2 1 0 5 0 0 8 0 0 3 2 0 3 2 1 7 0 1 5 0 0 6 0 1 5 0 0 4 1 0 0 1 0 9 0 0 10 2 0
4 0 0 1 0 1023 1 0 1 1 0 18 0 3 0 0 2 0 0 1 0 0 0 0 1 0 0 2 1 0 5 0 0 8 0 0 3 2 0 3 2 1 7 0 1 5 0 0 6 0 1 5 0 0 4 1 0 0 1 0 9 0 0 10 2 0
4 0 0 1 7 341 1 0 1 1 0 18 0 3 0 0 2 0 0 1 0 0 0 0 1 0 0 2 1 0 5 0 0 8 0 0 3 2 0 3 2 1 7 0 1 5 0 0 6 0 1 5 0 0 4 1 0 0 1 0 9 0 0 10 2 0
4 0 0 1 7 1023 1 0 1 1 0 18 0 3 0 0 2 0 0 1 0 0 0 0 1 0 0 2 1 0 5 0 0 8 0 0 3 2 0 3 2 1 7 0 1 5 0 0 6 0 1 5 0 0 4 1 0 0 1 0 9 0 0 10 2 0
4 0 1 0 0 341 1 0 1 1 0 18 0 3 0 0 2 0 0 1 0 0 0 0 1 0 0 2 1 0 5 0 0 8 0 0 3 2 0 3 2 1 7 0 0 5 0 0 6 0 1 5 0 0 4 1 0 0 1 0 9 0 1 10 2 0
4 0 1 0 0 1023 1 0 1 1 0 18 0 3 0 0 2 0 0 1 0 0 0 0 1 0 0 2 1 0 5 0 0 8 0 0 3 2 0 3 2 1 7 0 0 5 0 0 6 0 1 5 0 0 4 1 0 0 1 0 9 0 1 10 2 0
4 0 1 0 7 341 1 0 1 1 0 18 0 3 0 0 2 0 0 1 0 0 0 0 1 0 0 2 1 0 5 0 0 8 0 0 3 2 0 3 2 1 7 0 0 5 0 0 6 0 1 5 0 0 4 1 0 0 1 0 9 0 1 10 2 0
4 0 1 0 7 1023 1 0 1 1 0 18 0 3 0 0 2 0 0 1 0 0 0 0 1 0 0 2 1 0 5 0 0 8 0 0 3 2 0 3 2 1 7 0 0 5 0 0 6 0 1 5 0 0 4 1 0 0 1 0 9 0 1 10 2 0
4 0 1 1 0 341 1 0 1 1 0 18 0 3 0 0 2 0 0 1 0 0 0 0 1 0 0 2 1 0 5 0 0 8 0 0 3 2 0 3 2 1 7 0 0 5 0 0 6 0 1 5 0 0 4 1 0 0 1 0 9 0 0 10 2 0
4 0 1 1 0 1023 1 0 1 1 0 18 0 3 0 0 2 0 0 1 0 0 0 0 1 0 0 2 1 0 5 0 0 8 0 0 3 2 0 3 2 1 7 0 0 5 0 0 6 0 1 5 0 0 4 1 0 0 1 0 9 0 0 10 2 0
4 0 1 1 7 341 1 0 1 1 0 18 0 3 0 0 2 0 0 1 0 0 0 0 1 0 0 2 1 0 5 0 0 8 0 0 3 2 0 3 2 1 7 0 0 5 0 0 6 0 1 5 0 0 4 1 0 0 1 0 9 0 0 10 2 0
4 0 1 1 7 1023 1 0 1 1 0 18 0 3 0 0 2 0 0 1 0 0 0 0 1 0 0 2 1 0 5 0 0 8 0 0 3 2 0 3 2 1 7 0 0 5 0 0 6 0 1 5 0 0 4 1 0 0 1 0 9 0 0 10 2 0
4 1 0 0 0 341 1 0 1 1 0 18 0 3 0 0 2 0 0 1 0 0 0 0 1 0 0 2 1 0 5 0 0 8 0 0 3 2 0 3 2 1 7 0 1 5 0 0 6 0 0 5 0 0 4 1 0 0 1 0 9 0 1 10 2 0
4 1 0 0 0 1023 1 0 1 1 0 18 0 3 0 0 2 0 0 1 0 0 0 0 1 0 0 2 1 0 5 0 0 8 0 0 3 2 0 3 2 1 7 0 1 5 0 0 6 0 0 5 0 0 4 1 0 0 1 0 9 0 1 10 2 0
4 1 0 0 7 341 1 0 1 1 0 18 0 3 0 0 2 0 0 1 0 0 0 0 1 0 0 2 1 0 5 0 0 8 0 0 3 2 0 3 2 1 7 0 1 5 0 0 6 0 0 5 0 0 4 1 0 0 1 0 9 0 1 10 2 0
4 1 0 0 7 1023 1 0 1 1 0 18 0 3 0 0 2 0 0 1 0 0 0 0 1 0 0 2 1 0 5 0 0 8 0 0 3 2 0 3 2 1 7 0 1 5 0 0 6 0 0 5 0 0 4 1 0 0 1 0 9 0 1 10 2 0
4 1 0 1 0 341 1 0 1 1 0 18 0 3 0 0 2 0 0 1 0 0 0 0 1 0 0 2 1 0 5 0 0 8 0 0 3 2 0 3 2 1 7 0 1 5 0 0 6 0 0 5 0 0 4 1 0 0 1 0 9 0 0 10 2 0
4 1 0 1 0 1023 1 0 1 1 0 18 0 3 0 0 2 0 0 1 0 0 0 0 1 0 0 2 1 0 5 0 0 8 0 0 3 2 0 3 2 1 7 0 1 5 0 0 6 0 0 5 0 0 4 1 0 0 1 0 9 0 0 10 2 0
4 1 0 1 7 341 1 0 1 1 0 18 0 3 0 0 2 0 0 1 0 0 0 0 1 0 0 2 1 0 5 0 0 8 0 0 3 2 0 3 2 1 7 0 1 5 0 0 6 0 0 5 0 0 4 1 0 0 1 0 9 0 0 10 2 0
4 1 0 1 7 1023 1 0 1 1 0 18 0 3 0 0 2 0 0 1 0 0 0 0 1 0 0 2 1 0 5 0 0 8 0 0 3 2 0 3 2 1 7 0 1 5 0 0 6 0 0 5 0 0 4 1 0 0 1 0 9 0 0 10 2 0
4 1 1 0 0 341 1 0 1 1 0 18 0 3 0 0 2 0 0 1 0 0 0 0 1 0 0 2 1 0 5 0 0 8 0 0 3 2 0 3 2 1 7 0 0 5 0 0 6 0 0 5 0 0 4 1 0 0 1 0 9 0 1 10 2 0
4 1 1 0 0 1023 1 0 1 1 0 18 0 3 0 0 2 0 0 1 0 0 0 0 1 0 0 2 1 0 5 0 0 8 0 0 3 2 0 3 2 1 7 0 0 5 0 0 6 0 0 5 0 0 4 1 0 0 1 0 9 0 1 10 2 0
4 1 1 0 7 341 1 0 1 1 0 18 0 3 0 0 2 0 0 1 0 0 0 0 1 0 0 2 1 0 5 0 0 8 0 0 3 2 0 3 2 1 7 0 0 5 0 0 6 0 0 5 0 0 4 1 0 0 1 0 9 0 1 10 2 0
4 1 1 0 7 1023 1 0 1 1 0 18 0 3 0 0 2 0 0 1 0 0 0 0 1 0 0 2 1 0 5 0 0 8 0 0 3 2 0 3 2 1 7 0 0 5 0 0 6 0 0 5 0 0 4 1 0 0 1 0 9 0 1 10 2 0
4 1 1 1 0 341 1 0 1 1 0 18 0 3 0 0 2 0 0 1 0 0 0 0 1 0 0 2 1 0 5 0 0 8 0 0 3 2 0 3 2 1 7 0 0 5 0 0 6 0 0 5 0 0 4 1 0 0 1 0 9 0 0 10 2 0
4 1 1 1 0 1023 1 0 1 1 0 18 0 3 0 0 2 0 0 1 0 0 0 0 1 0 0 2 1 0 5 0 0 8 0 0 3 2 0 3 2 1 7 0 0 5 0 0 6 0 0 5 0 0 4 1 0 0 1 0 9 0 0 10 2 0
4 1 1 1 7 341 1 0 1 1 0 18 0 3 0 0 2 0 0 1 0 0 0 0 1 0 0 2 1 0 5 0 0 8 0 0 3 2 0 3 2 1 7 0 0 5 0 0 6 0 0 5 0 0 4 1 0 0 1 0 9 0 0 10 2 0
4 1 1 1 7 1023 1 0 1 1 0 18 0 3 0 0 2 0 0 1 0 0 0 0 1 0 0 2 1 0 5 0 0 8 0 0 3 2 0 3 2 1 7 0 0 5 0 0 6 0 0 5 0 0 4 1 0 0 1 0 9 0 0 10 2 0
4 0 0 0 0 341 1 0 1 1 0 18 0 2 0 0 0 0 0 3 0 0 1 0 1 0 0 2 1 0 5 0 0 8 0 0 3 2 0 3 2 1 7 0 1 5 0 0 6 0 1 5 0 0 4 1 0 0 1 0 9 0 1 10 2 0
4 0 0 0 0 1023 1 0 1 1 0 18 0 2 0 0 0 0 0 3 0 0 1 0 1 0 0 2 1 0 5 0 0 8 0 0 3 2 0 3 2 1 7 0 1 5 0 0 6 0 1 5 0 0 4 1 0 0 1 0 9 0 1 10 2 0
4 0 0 0 7 341 1 0 1 1 0 18 0 2 0 0 0 0 0 3 0 0 1 0 1 0 0 2 1 0 5 0 0 8 0 0 3 2 0 3 2 1 7 0 1 5 0 0 6 0 1 5 0 0 4 1 0 0 1 0 9 0 1 10 2 0
4 0 0 0 7 1023 1 0 1 1 0 18 0 2 0 0 0 0 0 3 0 0 1 0 1 0 0 2 1 0 5 0 0 8 0 0 3 2 0 3 2 1 7 0 1 5 0 0 6 0 1 5 0 0 4 1 0 0 1 0 9 0 1 10 2 0
4 0 0 1 0 341 1 0 1 1 0 18 0 2 0 0 0 0 0 3 0 0 1 0 1 0 0 2 1 0 5 0 0 8 0 0 3 2 0 3 2 1 7 0 1 5 0 0 6 0 1 5 0 0 4 1 0 0 1 0 9 0 0 10 2 0
4 0 0 1 0 1023 1 0 1 1 0 18 0 2 0 0 0 0 0 3 0 0 1 0 1 0 0 2 1 0 5 0 0 8 0 0 3 2 0 3 2 1 7 0 1 5 0 0 6 0 1 5 0 0 4 1 0 0 1 0 9 0 0 10 2 0
4 0 0 1 7 341 1 0 1 1 0 18 0 2 0 0 0 0 0 3 0 0 1 0 1 0 0 2 1 0 5 0 0 8 0 0 3 2 0 3 2 1 7 0 1 5 0 0 6 0 1 5 0 0 4 1 0 0 1 0 9 0 0 10 2 0
4 0 0 1 7 1023 1 0 1 1 0 18 0 2 0 0 0 0 0 3 0 0 1 0 1 0 0 2 1 0 5 0 0 8 0 0 3 2 0 3 2 1 7 0 1 5 0 0 6 0 1 5 0 0 4 1 0 0 1 0 9 0 0 10 2 0
4 0 1 0 0 341 1 0 1 1 0 18 0 2 0 0 0 0 0 3 0 0 1 0 1 0 0 2 1 0 5 0 0 8 0 0 3 2 0 3 2 1 7 0 0 5 0 0 6 0 1 5 0 0 4 1 0 0 1 0 9 0 1 10 2 0
4 0 1 0 0 1023 1 0 1 1 0 18 0 2 0 0 0 0 0 3 0 0 1 0 1 0 0 2 1 0 5 0 0 8 0 0 3 2 0 3 2 1 7 0 0 5 0 0 6 0 1 5 0 0 4 1 0 0 1 0 9 0 1 10 2 0
4 0 1 0 7 341 1 0 1 1 0 18 0 2 0 0 0 0 0 3 0 0 1 0 1 0 0 2 1 0 5 0 0 8 0 0 3 2 0 3 2 1 7 0 0 5 0 0 6 0 1 5 0 0 4 1 0 0 1 0 9 0 1 10 2 0
4 0 1 0 7 1023 1 0 1 1 0 18 0 2 0 0 0 0 0 3 0 0 1 0 1 0 0 2 1 0 5 0 0 8 0 0 3 2 0 3 2 1 7 0 0 5 0 0 6 0 1 5 0 0 4 1 0 0 1 0 9 0 1 10 2 0
4 0 1 1 0 341 1 0 1 1 0 18 0 2 0 0 0 0 0 3 0 0 1 0 1 0 0 2 1 0 5 0 0 8 0 0 3 2 0 3 2 1 7 0 0 5 0 0 6 0 1 5 0 0 4 1 0 0 1 0 9 0 0 10 2 0
4 0 1 1 0 1023 1 0 1 1 0 18 0 2 0 0 0 0 0 3 0 0 1 0 1 0 0 2 1 0 5 0 0 8 0 0 3 2 0 3 2 1 7 0 0 5 0 0 6 0 1 5 0 0 4 1 0 0 1 0 9 0 0 10 2 0
4 0 1 1 7 341 1 0 1 1 0 18 0 2 0 0 0 0 0 3 0 0 1 0 1 0 0 2 1 0 5 0 0 8 0 0 3 2 0 3 2 1 7 0 0 5 0 0 6 0 1 5 0 0 4 1 0 0 1 0 9 0 0 10 2 0
4 0 1 1 7 1023 1 0 1 1 0 18 0 2 0 0 0 0 0 3 0 0 1 0 1 0 0 2 1 0 5 0 0 8 0 0 3 2 0 3 2 1 7 0 0 5 0 0 6 0 1 5 0 0 4 1 0 0 1 0 9 0 0 10 2 0
4 1 0 0 0 341 1 0 1 1 0 18 0 2 0 0 0 0 0 3 0 0 1 0 1 0 0 2 1 0 5 0 0 8 0 0 3 2 0 3 2 1 7 0 1 5 0 0 6 0 0 5 0 0 4 1 0 0 1 0 9 0 1 10 2 0
4 1 0 0 0 1023 1 0 1 1 0 18 0 2 0 0 0 0 0 3 0 0 1 0 1 0 0 2 1 0 5 0 0 8 0 0 3 2 0 3 2 1 7 0 1 5 0 0 6 0 0 5 0 0 4 1 0 0 1 0 9 0 1 10 2 0
4 1 0 0 7 341 1 0 1 1 0 18 0 2 0 0 0 0 0 3 0 0 1 0 1 0 0 2 1 0 5 0 0 8 0 0 3 2 0 3 2 1 7 0 1 5 0 0 6 0 0 5 0 0 4 1 0 0 1 0 9 0 1 10 2 0
4 1 0 0 7 1023 1 0 1 1 0 18 0 2 0 0 0 0 0 3 0 0 1 0 1 0 0 2 1 0 5 0 0 8 0 0 3 2 0 3 2 1 7 0 1 5 0 0 6 0 0 5 0 0 4 1 0 0 1 0 9 0 1 10 2 0
4 1 0 1 0 341 1 0 1 1 0 18 0 2 0 0 0 0 0 3 0 0 1 0 1 0 0 2 1 0 5 0 0 8 0 0 3 2 0 3 2 1 7 0 1 5 0 0 6 0 0 5 0 0 4 1 0 0 1 0 9 0 0 10 2 0
4 1 0 1 0 1023 1 0 1 1 0 18 0 2 0 0 0 0 0 3 0 0 1 0 1 0 0 2 1 0 5 0 0 8 0 0 3 2 0 3 2 1 7 0 1 5 0 0 6 0 0 5 0 0 4 1 0 0 1 0 9 0 0 10 2 0
4 1 0 1 7 341 1 0 1 1 0 18 0 2 0 0 0 0 0 3 0 0 1 0 1 0 0 2 1 0 5 0 0 8 0 0 3 2 0 3 2 1 7 0 1 5 0 0 6 0 0 5 0 0 4 1 0 0 1 0 9 0 0 10 2 0
4 1 0 1 7 1023 1 0 1 1 0 18 0 2 0 0 0 0 0 3 0 0 1 0 1 0 0 2 1 0 5 0 0 8 0 0 3 2 0 3 2 1 7 0 1 5 0 0 6 0 0 5 0 0 4 1 0 0 1 0 9 0 0 10 2 0
4 1 1 0 0 341 1 0 1 1 0 18 0 2 0 0 0 0 0 3 0 0 1 0 1 0 0 2 1 0 5 0 0 8 0 0 3 2 0 3 2 1 7 0 0 5 0 0 6 0 0 5 0 0 4 1 0 0 1 0 9 0 1 10 2 0
4 1 1 0 0 1023 1 0 1 1 0 18 0 2 0 0 0 0 0 3 0 0 1 0 1 0 0 2 1 0 5 0 0 8 0 0 3 2 0 3 2 1 7 0 0 5 0 0 6 0 0 5 0 0 4 1 0 0 1 0 9 0 1 10 2 0
4 1 1 0 7 341 1 0 1 1 0 18 0 2 0 0 0 0 0 3 0 0 1 0 1 0 0 2 1 0 5 0 0 8 0 0 3 2 0 3 2 1 7 0 0 5 0 0 6 0 0 5 0 0 4 1 0 0 1 0 9 0 1 10 2 0
4 1 1 0 7 1023 1 0 1 1 0 18 0 2 0 0 0 0 0 3 0 0 1 0 1 0 0 2 1 0 5 0 0 8 0 0 3 2 0 3 2 1 7 0 0 5 0 0 6 0 0 5 0 0 4 1 0 0 1 0 9 0 1 10 2 0
4 1 1 1 0 341 1 0 1 1 0 18 0 2 0 0 0 0 0 3 0 0 1 0 1 0 0 2 1 0 5 0 0 8 0 0 3 2 0 3 2 1 7 0 0 5 0 0 6 0 0 5 0 0 4 1 0 0 1 0 9 0 0 10 2 0
4 1 1 1 0 1023 1 0 1 1 0 18 0 2 0 0 0 0 0 3 0 0 1 0 1 0 0 2 1 0 5 0 0 8 0 0 3 2 0 3 2 1 7 0 0 5 0 0 6 0 0 5 0 0 4 1 0 0 1 0 9 0 0 10 2 0
4 1 1 1 7 341 1 0 1 1 0 18 0 2 0 0 0 0 0 3 0 0 1 0 1 0 0 2 1 0 5 0 0 8 0 0 3 2 0 3 2 1 7 0 0 5 0 0 6 0 0 5 0 0 4 1 0 0 1 0 9 0 0 10 2 0
4 1 1 1 7 1023 1 0 1 1 0 18 0 2 0 0 0 0 0 3 0 0 1 0 1 0 0 2 1 0 5 0 0 8 0 0 3 2 0 3 2 1 7 0 0 5 0 0 6 0 0 5 0 0 4 1 0 0 1 0 9 0 0 10 2 0
4 0 0 0 0 341 0 0 4 4 0 18 0 0 0 0 1 0 0 2 0 0 3 0 1 0 0 2 1 0 5 0 0 8 0 0 3 2 0 3 2 4 7 0 1 5 0 0 6 0 1 5 0 0 4 1 0 0 1 0 9 0 1 10 2 0
4 0 0 0 0 1023 0 0 4 4 0 18 0 0 0 0 1 0 0 2 0 0 3 0 1 0 0 2 1 0 5 0 0 8 0 0 3 2 0 3 2 4 7 0 1 5 0 0 6 0 1 5 0 0 4 1 0 0 1 0 9 0 1 10 2 0
4 0 0 0 7 341 0 0 4 4 0 18 0 0 0 0 1 0 0 2 0 0 3 0 1 0 0 2 1 0 5 0 0 8 0 0 3 2 0 3 2 4 7 0 1 5 0 0 6 0 1 5 0 0 4 1 0 0 1 0 9 0 1 10 2 0
4 0 0 0 7 1023 0 0 4 4 0 18 0 0 0 0 1 0 0 2 0 0 3 0 1 0 0 2 1 0 5 0 0 8 0 0 3 2 0 3 2 4 7 0 1 5 0 0 6 0 1 5 0 0 4 1 0 0 1 0 9 0 1 10 2 0
4 0 0 1 0 341 0 0 4 4 0 18 0 0 0 0 1 0 0 2 0 0 3 0 1 0 0 2 1 0 5 0 0 8 0 0 3 2 0 3 2 4 7 0 1 5 0 0 6 0 1 5 0 0 4 1 0 0 1 0 9 0 0 10 2 0
4 0 0 1 0 1023 0 0 4 4 0 18 0 0 0 0 1 0 0 2 0 0 3 0 1 0 0 2 1 0 5 0 0 8 0 0 3 2 0 3 2 4 7 0 1 5 0 0 6 0 1 5 0 0 4 1 0 0 1 0 9 0 0 10 2 0
4 0 0 1 7 341 0 0 4 4 0 18 0 0 0 0 1 0 0 2 0 0 3 0 1 0 0 2 1 0 5 0 0 8 0 0 3 2 0 3 2 4 7 0 1 5 0 0 6 0 1 5 0 0 4 1 0 0 1 0 9 0 0 10 2 0
4 0 0 1 7 1023 0 0 4 4 0 18 0 0 0 0 1 0 0 2 0 0 3 0 1 0 0 2 1 0 5 0 0 8 0 0 3 2 0 3 2 4 7 0 1 5 0 0 6 0 1 5 0 0 4 1 0 0 1 0 9 0 0 10 2 0
4 0 1 0 0 341 0 0 4 4 0 18 0 0 0 0 1 0 0 2 0 0 3 0 1 0 0 2 1 0 5 0 0 8 0 0 3 2 0 3 2 4 7 0 0 5 0 0 6 0 1 5 0 0 4 1 0 0 1 0 9 0 1 10 2 0
4 0 1 0 0 1023 0 0 4 4 0 18 0 0 0 0 1 0 0 2 0 0 3 0 1 0 0 2 1 0 5 0 0 8 0 0 3 2 0 3 2 4 7 0 0 5 0 0 6 0 1 5 0 0 4 1 0 0 1 0 9 0 1 10 2 0
4 0 1 0 7 341 0 0 4 4 0 18 0 0 0 0 1 0 0 2 0 0 3 0 1 0 0 2 1 0 5 0 0 8 0 0 3 2 0 3 2 4 7 0 0 5 0 0 6 0 1 5 0 0 4 1 0 0 1 0 9 0 1 10 2 0
4 0 1 0 7 1023 0 0 4 4 0 18 0 0 0 0 1 0 0 2 0 0 3 0 1 0 0 2 1 0 5 0 0 8 0 0 3 2 0 3 2 4 7 0 0 5 0 0 6 0 1 5 0 0 4 1 0 0 1 0 9 0 1 10 2 0
4 0 1 1 0 341 0 0 4 4 0 18 0 0 0 0 1 0 0 2 0 0 3 0 1 0 0 2 1 0 5 0 0 8 0 0 3 2 0 3 2 4 7 0 0 5 0 0 6 0 1 5 0 0 4 1 0 0 1 0 9 0 0 10 2 0
4 0 1 1 0 1023 0 0 4 4 0 18 0 0 0 0 1 0 0 2 0 0 3 0 1 0 0 2 1 0 5 0 0 8 0 0 3 2 0 3 2 4 7 0 0 5 0 0 6 0 1 5 0 0 4 1 0 0 1 0 9 0 0 10 2 0
4 0 1 1 7 341 0 0 4 4 0 18 0 0 0 0 1 0 0 2 0 0 3 0 1 0 0 2 1 0 5 0 0 8 0 0 3 2 0 3 2 4 7 0 0 5 0 0 6 0 1 5 0 0 4 1 0 0 1 0 9 0 0 10 2 0
4 0 1 1 7 1023 0 0 4 4 0 18 0 0 0 0 1 0 0 2 0 0 3 0 1 0 0 2 1 0 5 0 0 8 0 0 3 2 0 3 2 4 7 0 0 5 0 0 6 0 1 5 0 0 4 1 0 0 1 0 9 0 0 10 2 0
4 1 0 0 0 341 0 0 4 4 0 18 0 0 0 0 1 0 0 2 0 0 3 0 1 0 0 2 1 0 5 0 0 8 0 0 3 2 0 3 2 4 7 0 1 5 0 0 6 0 0 5 0 0 4 1 0 0 1 0 9 0 1 10 2 0
4 1 0 0 0 1023 0 0 4 4 0 18 0 0 0 0 1 0 0 2 0 0 3 0 1 0 0 2 1 0 5 0 0 8 0 0 3 2 0 3 2 4 7 0 1 5 0 0 6 0 0 5 0 0 4 1 0 0 1 0 9 0 1 10 2 0
4 1 0 0 7 341 0 0 4 4 0 18 0 0 0 0 1 0 0 2 0 0 3 0 1 0 0 2 1 0 5 0 0 8 0 0 3 2 0 3 2 4 7 0 1 5 0 0 6 0 0 5 0 0 4 1 0 0 1 0 9 0 1 10 2 0
4 1 0 0 7 1023 0 0 4 4 0 18 0 0 0 0 1 0 0 2 0 0 3 0 1 0 0 2 1 0 5 0 0 8 0 0 3 2 0 3 2 4 7 0 1 5 0 0 6 0 0 5 0 0 4 1 0 0 1 0 9 0 1 10 2 0
4 1 0 1 0 341 0 0 4 4 0 18 0 0 0 0 1 0 0 2 0 0 3 0 1 0 0 2 1 0 5 0 0 8 0 0 3 2 0 3 2 4 7 0 1 5 0 0 6 0 0 5 0 0 4 1 0 0 1 0 9 0 0 10 2 0
4 1 0 1 0 1023 0 0 4 4 0 18 0 0 0 0 1 0 0 2 0 0 3 0 1 0 0 2 1 0 5 0 0 8 0 0 3 2 0 3 2 4 7 0 1 5 0 0 6 0 0 5 0 0 4 1 0 0 1 0 9 0 0 10 2 0
4 1 0 1 7 341 0 0 4 4 0 18 0 0 0 0 1 0 0 2 0 0 3 0 1 0 0 2 1 0 5 0 0 8 0 0 3 2 0 3 2 4 7 0 1 5 0 0 6 0 0 5 0 0 4 1 0 0 1 0 9 0 0 10 2 0
4 1 0 1 7 1023 0 0 4 4 0 18 0 0 0 0 1 0 0 2 0 0 3 0 1 0 0 2 1 0 5 0 0 8 0 0 3 2 0 3 2 4 7 0 1 5 0 0 6 0 0 5 0 0 4 1 0 0 1 0 9 0 0 10 2 0
4 1 1 0 0 341 0 0 4 4 0 18 0 0 0 0 1 0 0 2 0 0 3 0 1 0 0 2 1 0 5 0 0 8 0 0 3 2 0 3 2 4 7 0 0 5 0 0 6 0 0 5 0 0 4 1 0 0 1 0 9 0 1 10 2 0
4 1 1 0 0 1023 0 0 4 4 0 18 0 0 0 0 1 0 0 2 0 0 3 0 1 0 0 2 1 0 5 0 0 8 0 0 3 2 0 3 2 4 7 0 0 5 0 0 6 0 0 5 0 0 4 1 0 0 1 0 9 0 1 10 2 0
4 1 1 0 7 341 0 0 4 4 0 18 0 0 0 0 1 0 0 2 0 0 3 0 1 0 0 2 1 0 5 0 0 8 0 0 3 2 0 3 2 4 7 0 0 5 0 0 6 0 0 5 0 0 4 1 0 0 1 0 9 0 1 10 2 0
4 1 1 0 7 1023 0 0 4 4 0 18 0 0 0 0 1 0 0 2 0 0 3 0 1 0 0 2 1 0 5 0 0 8 0 0 3 2 0 3 2 4 7 0 0 5 0 0 6 0 0 5 0 0 4 1 0 0 1 0 9 0 1 10 2 0
4 1 1 1 0 341 0 0 4 4 0 18 0 0 0 0 1 0 0 2 0 0 3 0 1 0 0 2 1 0 5 0 0 8 0 0 3 2 0 3 2 4 7 0 0 5 0 0 6 0 0 5 0 0 4 1 0 0 1 0 9 0 0 10 2 0
4 1 1 1 0 1023 0 0 4 4 0 18 0 0 0 0 1 0 0 2 0 0 3 0 1 0 0 2 1 0 5 0 0 8 0 0 3 2 0 3 2 4 7 0 0 5 0 0 6 0 0 5 0 0 4 1 0 0 1 0 9 0 0 10 2 0
4 1 1 1 7 341 0 0 4 4 0 18 0 0 0 0 1 0 0 2 0 0 3 0 1 0 0 2 1 0 5 0 0 8 0 0 3 2 0 3 2 4 7 0 0 5 0 0 6 0 0 5 0 0 4 1 0 0 1 0 9 0 0 10 2 0
4 1 1 1 7 1023 0 0 4 4 0 18 0 0 0 0 1 0 0 2 0 0 3 0 1 0 0 2 1 0 5 0 0 8 0 0 3 2 0 3 2 4 7 0 0 5 0 0 6 0 0 5 0 0 4 1 0 0 1 0 9 0 0 10 2 0
4 0 0 0 0 341 1 0 4 4 0 18 0 3 0 0 2 0 0 1 0 0 0 0 1 0 0 2 1 0 5 0 0 8 0 0 3 2 0 3 2 4 7 0 1 5 0 0 6 0 1 5 0 0 4 1 0 0 1 0 9 0 1 10 2 0
4 0 0 0 0 1023 1 0 4 4 0 18 0 3 0 0 2 0 0 1 0 0 0 0 1 0 0 2 1 0 5 0 0 8 0 0 3 2 0 3 2 4 7 0 1 5 0 0 6 0 1 5 0 0 4 1 0 0 1 0 9 0 1 10 2 0
4 0 0 0 7 341 1 0 4 4 0 18 0 3 0 0 2 0 0 1 0 0 0 0 1 0 0 2 1 0 5 0 0 8 0 0 3 2 0 3 2 4 7 0 1 5 0 0 6 0 1 5 0 0 4 1 0 0 1 0 9 0 1 10 2 0
4 0 0 0 7 1023 1 0 4 4 0 18 0 3 0 0 2 0 0 1 0 0 0 0 1 0 0 2 1 0 5 0 0 8 0 0 3 2 0 3 2 4 7 0 1 5 0 0 6 0 1 5 0 0 4 1 0 0 1 0 9 0 1 10 2 0
4 0 0 1 0 341 1 0 4 4 0 18 0 3 0 0 2 0 0 1 0 0 0 0 1 0 0 2 1 0 5 0 0 8 0 0 3 2 0 3 2 4 7 0 1 5 0 0 6 0 1 5 0 0 4 1 0 0 1 0 9 0 0 10 2 0
4 0 0 1 0 1023 1 0 4 4 0 18 0 3 0 0 2 0 0 1 0 0 0 0 1 0 0 2 1 0 5 0 0 8 0 0 3 2 0 3 2 4 7 0 1 5 0 0 6 0 1 5 0 0 4 1 0 0 1 0 9 0 0 10 2 0
4 0 0 1 7 341 1 0 4 4 0 18 0 3 0 0 2 0 0 1 0 0 0 0 1 0 0 2 1 0 5 0 0 8 0 0 3 2 0 3 2 4 7 0 1 5 0 0 6 0 1 5 0 0 4 1 0 0 1 0 9 0 0 10 2 0
4 0 0 1 7 1023 1 0 4 4 0 18 0 3 0 0 2 0 0 1 0 0 0 0 1 0 0 2 1 0 5 0 0 8 0 0 3 2 0 3 2 4 7 0 1 5 0 0 6 0 1 5 0 0 4 1 0 0 1 0 9 0 0 10 2 0
4 0 1 0 0 341 1 0 4 4 0 18 0 3 0 0 2 0 0 1 0 0 0 0 1 0 0 2 1 0 5 0 0 8 0 0 3 2 0 3 2 4 7 0 0 5 0 0 6 0 1 5 0 0 4 1 0 0 1 0 9 0 1 10 2 0
4 0 1 0 0 1023 1 0 4 4 0 18 0 3 0 0 2 0 0 1 0 0 0 0 1 0 0 2 1 0 5 0 0 8 0 0 3 2 0 3 2 4 7 0 0 5 0 0 6 0 1 5 0 0 4 1 0 0 1 0 9 0 1 10 2 0
4 0 1 0 7 341 1 0 4 4 0 18 0 3 0 0 2 0 0 1 0 0 0 0 1 0 0 2 1 0 5 0 0 8 0 0 3 2 0 3 2 4 7 0 0 5 0 0 6 0 1 5 0 0 4 1 0 0 1 0 9 0 1 10 2 0
4 0 1 0 7 1023 1 0 4 4 0 18 0 3 0 0 2 0 0 1 0 0 0 0 1 0 0 2 1 0 5 0 0 8 0 0 3 2 0 3 2 4 7 0 0 5 0 0 6 0 1 5 0 0 4 1 0 0 1 0 9 0 1 10 2 0
4 0 1 1 0 341 1 0 4 4 0 18 0 3 0 0 2 0 0 1 0 0 0 0 1 0 0 2 1 0 5 0 0 8 0 0 3 2 0 3 2 4 7 0 0 5 0 0 6 0 1 5 0 0 4 1 0 0 1 0 9 0 0 10 2 0
4 0 1 1 0 1023 1 0 4 4 0 18 0 3 0 0 2 0 0 1 0 0 0 0 1 0 0 2 1 0 5 0 0 8 0 0 3 2 0 3 2 4 7 0 0 5 0 0 6 0 1 5 0 0 4 1 0 0 1 0 9 0 0 10 2 0
4 0 1 1 7 341 1 0 4 4 0 18 0 3 0 0 2 0 0 1 0 0 0 0 1 0 0 2 1 0 5 0 0 8 0 0 3 2 0 3 2 4 7 0 0 5 0 0 6 0 1 5 0 0 4 1 0 0 1 0 9 0 0 10 2 0
4 0 1 1 7 1023 1 0 4 4 0 18 0 3 0 0 2 0 0 1 0 0 0 0 1 0 0 2 1 0 5 0 0 8 0 0 3 2 0 3 2 4 7 0 0 5 0 0 6 0 1 5 0 0 4 1 0 0 1 0 9 0 0 10 2 0
4 1 0 0 0 341 1 0 4 4 0 18 0 3 0 0 2 0 0 1 0 0 0 0 1 0 0 2 1 0 5 0 0 8 0 0 3 2 0 3 2 4 7 0 1 5 0 0 6 0 0 5 0 0 4 1 0 0 1 0 9 0 1 10 2 0
4 1 0 0 0 1023 1 0 4 4 0 18 0 3 0 0 2 0 0 1 0 0 0 0 1 0 0 2 1 0 5 0 0 8 0 0 3 2 0 3 2 4 7 0 1 5 0 0 6 0 0 5 0 0 4 1 0 0 1 0 9 0 1 10 2 0
4 1 0 0 7 341 1 0 4 4 0 18 0 3 0 0 2 0 0 1 0 0 0 0 1 0 0 2 1 0 5 0 0 8 0 0 3 2 0 3 2 4 7 0 1 5 0 0 6 0 0 5 0 0 4 1 0 0 1 0 9 0 1 10 2 0
4 1 0 0 7 1023 1 0 4 4 0 18 0 3 0 0 2 0 0 1 0 0 0 0 1 0 0 2 1 0 5 0 0 8 0 0 3 2 0 3 2 4 7 0 1 5 0 0 6 0 0 5 0 0 4 1 0 0 1 0 9 0 1 10 2 0
4 1 0 1 0 341 1 0 4 4 0 18 0 3 0 0 2 0 0 1 0 0 0 0 1 0 0 2 1 0 5 0 0 8 0 0 3 2 0 3 2 4 7 0 1 5 0 0 6 0 0 5 0 0 4 1 0 0 1 0 9 0 0 10 2 0
4 1 0 1 0 1023 1 0 4 4 0 18 0 3 0 0 2 0 0 1 0 0 0 0 1 0 0 2 1 0 5 0 0 8 0 0 3 2 0 3 2 4 7 0 1 5 0 0 6 0 0 5 0 0 4 1 0 0 1 0 9 0 0 10 2 0
4 1 0 1 7 341 1 0 4 4 0 18 0 3 0 0 2 0 0 1 0 0 0 0 1 0 0 2 1 0 5 0 0 8 0 0 3 2 0 3 2 4 7 0 1 5 0 0 6 0 0 5 0 0 4 1 0 0 1 0 9 0 0 10 2 0
4 1 0 1 7 1023 1 0 4 4 0 18 0 3 0 0 2 0 0 1 0 0 0 0 1 0 0 2 1 0 5 0 0 8 0 0 3 2 0 3 2 4 7 0 1 5 0 0 6 0 0 5 0 0 4 1 0 0 1 0 9 0 0 10 2 0
4 1 1 0 0 341 1 0 4 4 0 18 0 3 0 0 2 0 0 1 0 0 0 0 1 0 0 2 1 0 5 0 0 8 0 0 3 2 0 3 2 4 7 0 0 5 0 0 6 0 0 5 0 0 4 1 0 0 1 0 9 0 1 10 2 0
4 1 1 0 0 1023 1 0 4 4 0 18 0 3 0 0 2 0 0 1 0 0 0 0 1 0 0 2 1 0 5 0 0 8 0 0 3 2 0 3 2 4 7 0 0 5 0 0 6 0 0 5 0 0 4 1 0 0 1 0 9 0 1 10 2 0
4 1 1 0 7 341 1 0 4 4 0 18 0 3 0 0 2 0 0 1 0 0 0 0 1 0 0 2 1 0 5 0 0 8 0 0 3 2 0 3 2 4 7 0 0 5 0 0 6 0 0 5 0 0 4 1 0 0 1 0 9 0 1 10 2 0
4 1 1 0 7 1023 1 0 4 4 0 18 0 3 0 0 2 0 0 1 0 0 0 0 1 0 0 2 1 0 5 0 0 8 0 0 3 2 0 3 2 4 7 0 0 5 0 0 6 0 0 5 0 0 4 1 0 0 1 0 9 0 1 10 2 0
4 1 1 1 0 341 1 0 4 4 0 18 0 3 0 0 2 0 0 1 0 0 0 0 1 0 0 2 1 0 5 0 0 8 0 0 3 2 0 3 2 4 7 0 0 5 0 0 6 0 0 5 0 0 4 1 0 0 1 0 9 0 0 10 2 0
4 1 1 1 0 1023 1 0 4 4 0 18 0 3 0 0 2 0 0 1 0 0 0 0 1 0 0 2 1 0 5 0 0 8 0 0 3 2 0 3 2 4 7 0 0 5 0 0 6 0 0 5 0 0 4 1 0 0 1 0 9 0 0 10 2 0
4 1 1 1 7 341 1 0 4 4 0 18 0 3 0 0 2 0 0 1 0 0 0 0 1 0 0 2 1 0 5 0 0 8 0 0 3 2 0 3 2 4 7 0 0 5 0 0 6 0 0 5 0 0 4 1 0 0 1 0 9 0 0 10 2 0
4 1 1 1 7 1023 1 0 4 4 0 18 0 3 0 0 2 0 0 1 0 0 0 0 1 0 0 2 1 0 5 0 0 8 0 0 3 2 0 3 2 4 7 0 0 5 0 0 6 0 0 5 0 0 4 1 0 0 1 0 9 0 0 10 2 0
4 0 0 0 0 341 1 0 4 4 0 18 0 2 0 0 0 0 0 3 0 0 1 0 1 0 0 2 1 0 5 0 0 8 0 0 3 2 0 3 2 4 7 0 1 5 0 0 6 0 1 5 0 0 4 1 0 0 1 0 9 0 1 10 2 0
4 0 0 0 0 1023 1 0 4 4 0 18 0 2 0 0 0 0 0 3 0 0 1 0 1 0 0 2 1 0 5 0 0 8 0 0 3 2 0 3 2 4 7 0 1 5 0 0 6 0 1 5 0 0 4 1 0 0 1 0 9 0 1 10 2 0
4 0 0 0 7 341 1 0 4 4 0 18 0 2 0 0 0 0 0 3 0 0 1 0 1 0 0 2 1 0 5 0 0 8 0 0 3 2 0 3 2 4 7 0 1 5 0 0 6 0 1 5 0 0 4 1 0 0 1 0 9 0 1 10 2 0
4 0 0 0 7 1023 1 0 4 4 0 18 0 2 0 0 0 0 0 3 0 0 1 0 1 0 0 2 1 0 5 0 0 8 0 0 3 2 0 3 2 4 7 0 1 5 0 0 6 0 1 5 0 0 4 1 0 0 1 0 9 0 1 10 2 0
4 0 0 1 0 341 1 0 4 4 0 18 0 2 0 0 0 0 0 3 0 0 1 0 1 0 0 2 1 0 5 0 0 8 0 0 3 2 0 3 2 4 7 0 1 5 0 0 6 0 1 5 0 0 4 1 0 0 1 0 9 0 0 10 2 0
4 0 0 1 0 1023 1 0 4 4 0 18 0 2 0 0 0 0 0 3 0 0 1 0 1 0 0 2 1 0 5 0 0 8 0 0 3 2 0 3 2 4 7 0 1 5 0 0 6 0 1 5 0 0 4 1 0 0 1 0 9 0 0 10 2 0
4 0 0 1 7 341 1 0 4 4 0 18 0 2 0 0 0 0 0 3 0 0 1 0 1 0 0 2 1 0 5 0 0 8 0 0 3 2 0 3 2 4 7 0 1 5 0 0 6 0 1 5 0 0 4 1 0 0 1 0 9 0 0 10 2 0
4 0 0 1 7 1023 1 0 4 4 0 18 0 2 0 0 0 0 0 3 0 0 1 0 1 0 0 2 1 0 5 0 0 8 0 0 3 2 0 3 2 4 7 0 1 5 0 0 6 0 1 5 0 0 4 1 0 0 1 0 9 0 0 10 2 0
4 0 1 0 0 341 1 0 4 4 0 18 0 2 0 0 0 0 0 3 0 0 1 0 1 0 0 2 1 0 5 0 0 8 0 0 3 2 0 3 2 4 7 0 0 5 0 0 6 0 1 5 0 0 4 1 0 0 1 0 9 0 1 10 2 0
4 0 1 0 0 1023 1 0 4 4 0 18 0 2 0 0 0 0 0 3 0 0 1 0 1 0 0 2 1 0 5 0 0 8 0 0 3 2 0 3 2 4 7 0 0 5 0 0 6 0 1 5 0 0 4 1 0 0 1 0 9 0 1 10 2 0
4 0 1 0 7 341 1 0 4 4 0 18 0 2 0 0 0 0 0 3 0 0 1 0 1 0 0 2 1 0 5 0 0 8 0 0 3 2 0 3 2 4 7 0 0 5 0 0 6 0 1 5 0 0 4 1 0 0 1 0 9 0 1 10 2 0
4 0 1 0 7 1023 1 0 4 4 0 18 0 2 0 0 0 0 0 3 0 0 1 0 1 0 0 2 1 0 5 0 0 8 0 0 3 2 0 3 2 4 7 0 0 5 0 0 6 0 1 5 0 0 4 1 0 0 1 0 9 0 1 10 2 0
4 0 1 1 0 341 1 0 4 4 0 18 0 2 0 0 0 0 0 3 0 0 1 0 1 0 0 2 1 0 5 0 0 8 0 0 3 2 0 3 2 4 7 0 0 5 0 0 6 0 1 5 0 0 4 1 0 0 1 0 9 0 0 10 2 0
4 0 1 1 0 1023 1 0 4 4 0 18 0 2 0 0 0 0 0 3 0 0 1 0 1 0 0 2 1 0 5 0 0 8 0 0 3 2 0 3 2 4 7 0 0 5 0 0 6 0 1 5 0 0 4 1 0 0 1 0 9 0 0 10 2 0
4 0 1 1 7 341 1 0 4 4 0 18 0 2 0 0 0 0 0 3 0 0 1 0 1 0 0 2 1 0 5 0 0 8 0 0 3 2 0 3 2 4 7 0 0 5 0 0 6 0 1 5 0 0 4 1 0 0 1 0 9 0 0 10 2 0
4 0 1 1 7 1023 1 0 4 4 0 18 0 2 0 0 0 0 0 3 0 0 1 0 1 0 0 2 1 0 5 0 0 8 0 0 3 2 0 3 2 4 7 0 0 5 0 0 6 0 1 5 0 0 4 1 0 0 1 0 9 0 0 10 2 0
4 1 0 0 0 341 1 0 4 4 0 18 0 2 0 0 0 0 0 3 0 0 1 0 1 0 0 2 1 0 5 0 0 8 0 0 3 2 0 3 2 4 7 0 1 5 0 0 6 0 0 5 0 0 4 1 0 0 1 0 9 0 1 10 2 0
4 1 0 0 0 1023 1 0 4 4 0 18 0 2 0 0 0 0 0 3 0 0 1 0 1 0 0 2 1 0 5 0 0 8 0 0 3 2 0 3 2 4 7 0 1 5 0 0 6 0 0 5 0 0 4 1 0 0 1 0 9 0 1 10 2 0
4 1 0 0 7 341 1 0 4 4 0 18 0 2 0 0 0 0 0 3 0 0 1 0 1 0 0 2 1 0 5 0 0 8 0 0 3 2 0 3 2 4 7 0 1 5 0 0 6 0 0 5 0 0 4 1 0 0 1 0 9 0 1 10 2 0
4 1 0 0 7 1023 1 0 4 4 0 18 0 2 0 0 0 0 0 3 0 0 1 0 1 0 0 2 1 0 5 0 0 8 0 0 3 2 0 3 2 4 7 0 1 5 0 0 6 0 0 5 0 0 4 1 0 0 1 0 9 0 1 10 2 0
4 1 0 1 0 341 1 0 4 4 0 18 0 2 0 0 0 0 0 3 0 0 1 0 1 0 0 2 1 0 5 0 0 8 0 0 3 2 0 3 2 4 7 0 1 5 0 0 6 0 0 5 0 0 4 1 0 0 1 0 9 0 0 10 2 0
4 1 0 1 0 1023 1 0 4 4 0 18 0 2 0 0 0 0 0 3 0 0 1 0 1 0 0 2 1 0 5 0 0 8 0 0 3 2 0 3 2 4 7 0 1 5 0 0 6 0 0 5 0 0 4 1 0 0 1 0 9 0 0 10 2 0
4 1 0 1 7 341 1 0 4 4 0 18 0 2 0 0 0 0 0 3 0 0 1 0 1 0 0 2 1 0 5 0 0 8 0 0 3 2 0 3 2 4 7 0 1 5 0 0 6 0 0 5 0 0 4 1 0 0 1 0 9 0 0 10 2 0
4 1 0 1 7 1023 1 0 4 4 0 18 0 2 0 0 0 0 0 3 0 0 1 0 1 0 0 2 1 0 5 0 0 8 0 0 3 2 0 3 2 4 7 0 1 5 0 0 6 0 0 5 0 0 4 1 0 0 1 0 9 0 0 10 2 0
4 1 1 0 0 341 1 0 4 4 0 18 0 2 0 0 0 0 0 3 0 0 1 0 1 0 0 2 1 0 5 0 0 8 0 0 3 2 0 3 2 4 7 0 0 5 0 0 6 0 0 5 0 0 4 1 0 0 1 0 9 0 1 10 2 0
4 1 1 0 0 1023 1 0 4 4 0 18 0 2 0 0 0 0 0 3 0 0 1 0 1 0 0 2 1 0 5 0 0 8 0 0 3 2 0 3 2 4 7 0 0 5 0 0 6 0 0 5 0 0 4 1 0 0 1 0 9 0 1 10 2 0
4 1 1 0 7 341 1 0 4 4 0 18 0 2 0 0 0 0 0 3 0 0 1 0 1 0 0 2 1 0 5 0 0 8 0 0 3 2 0 3 2 4 7 0 0 5 0 0 6 0 0 5 0 0 4 1 0 0 1 0 9 0 1 10 2 0
4 1 1 0 7 1023 1 0 4 4 0 18 0 2 0 0 0 0 0 3 0 0 1 0 1 0 0 2 1 0 5 0 0 8 0 0 3 2 0 3 2 4 7 0 0 5 0 0 6 0 0 5 0 0 4 1 0 0 1 0 9 0 1 10 2 0
4 1 1 1 0 341 1 0 4 4 0 18 0 2 0 0 0 0 0 3 0 0 1 0 1 0 0 2 1 0 5 0 0 8 0 0 3 2 0 3 2 4 7 0 0 5 0 0 6 0 0 5 0 0 4 1 0 0 1 0 9 0 0 10 2 0
4 1 1 1 0 1023 1 0 4 4 0 18 0 2 0 0 0 0 0 3 0 0 1 0 1 0 0 2 1 0 5 0 0 8 0 0 3 2 0 3 2 4 7 0 0 5 0 0 6 0 0 5 0 0 4 1 0 0 1 0 9 0 0 10 2 0
4 1 1 1 7 341 1 0 4 4 0 18 0 2 0 0 0 0 0 3 0 0 1 0 1 0 0 2 1 0 5 0 0 8 0 0 3 2 0 3 2 4 7 0 0 5 0 0 6 0 0 5 0 0 4 1 0 0 1 0 9 0 0 10 2 0
4 1 1 1 7 1023 1 0 4 4 0 18 0 2 0 0 0 0 0 3 0 0 1 0 1 0 0 2 1 0 5 0 0 8 0 0 3 2 0 3 2 4 7 0 0 5 0 0 6 0 0 5 0 0 4 1 0 0 1 0 9 0 0 10 2 0
4 0 0 0 0 341 0 0 5 5 0 18 0 0 0 0 1 0 0 2 0 0 3 0 1 0 0 2 1 0 5 0 0 8 0 0 3 2 0 3 2 5 7 0 1 5 0 0 6 0 1 5 0 0 4 1 0 0 1 0 9 0 1 10 2 0
4 0 0 0 0 1023 0 0 5 5 0 18 0 0 0 0 1 0 0 2 0 0 3 0 1 0 0 2 1 0 5 0 0 8 0 0 3 2 0 3 2 5 7 0 1 5 0 0 6 0 1 5 0 0 4 1 0 0 1 0 9 0 1 10 2 0
4 0 0 0 7 341 0 0 5 5 0 18 0 0 0 0 1 0 0 2 0 0 3 0 1 0 0 2 1 0 5 0 0 8 0 0 3 2 0 3 2 5 7 0 1 5 0 0 6 0 1 5 0 0 4 1 0 0 1 0 9 0 1 10 2 0
4 0 0 0 7 1023 0 0 5 5 0 18 0 0 0 0 1 0 0 2 0 0 3 0 1 0 0 2 1 0 5 0 0 8 0 0 3 2 0 3 2 5 7 0 1 5 0 0 6 0 1 5 0 0 4 1 0 0 1 0 9 0 1 10 2 0
4 0 0 1 0 341 0 0 5 5 0 18 0 0 0 0 1 0 0 2 0 0 3 0 1 0 0 2 1 0 5 0 0 8 0 0 3 2 0 3 2 5 7 0 1 5 0 0 6 0 1 5 0 0 4 1 0 0 1 0 9 0 0 10 2 0
4 0 0 1 0 1023 0 0 5 5 0 18 0 0 0 0 1 0 0 2 0 0 3 0 1 0 0 2 1 0 5 0 0 8 0 0 3 2 0 3 2 5 7 0 1 5 0 0 6 0 1 5 0 0 4 1 0 0 1 0 9 0 0 10 2 0
4 0 0 1 7 341 0 0 5 5 0 18 0 0 0 0 1 0 0 2 0 0 3 0 1 0 0 2 1 0 5 0 0 8 0 0 3 2 0 3 2 5 7 0 1 5 0 0 6 0 1 5 0 0 4 1 0 0 1 0 9 0 0 10 2 0
4 0 0 1 7 1023 0 0 5 5 0 18 0 0 0 0 1 0 0 2 0 0 3 0 1 0 0 2 1 0 5 0 0 8 0 0 3 2 0 3 2 5 7 0 1 5 0 0 6 0 1 5 0 0 4 1 0 0 1 0 9 0 0 10 2 0
4 0 1 0 0 341 0 0 5 5 0 18 0 0 0 0 1 0 0 2 0 0 3 0 1 0 0 2 1 0 5 0 0 8 0 0 3 2 0 3 2 5 7 0 0 5 0 0 6 0 1 5 0 0 4 1 0 0 1 0 9 0 1 10 2 0
4 0 1 0 0 1023 0 0 5 5 0 18 0 0 0 0 1 0 0 2 0 0 3 0 1 0 0 2 1 0 5 0 0 8 0 0 3 2 0 3 2 5 7 0 0 5 0 0 6 0 1 5 0 0 4 1 0 0 1 0 9 0 1 10 2 0
4 0 1 0 7 341 0 0 5 5 0 18 0 0 0 0 1 0 0 2 0 0 3 0 1 0 0 2 1 0 5 0 0 8 0 0 3 2 0 3 2 5 7 0 0 5 0 0 6 0 1 5 0 0 4 1 0 0 1 0 9 0 1 10 2 0
4 0 1 0 7 1023 0 0 5 5 0 18 0 0 0 0 1 0 0 2 0 0 3 0 1 0 0 2 1 0 5 0 0 8 0 0 3 2 0 3 2 5 7 0 0 5 0 0 6 0 1 5 0 0 4 1 0 0 1 0 9 0 1 10 2 0
4 0 1 1 0 341 0 0 5 5 0 18 0 0 0 0 1 0 0 2 0 0 3 0 1 0 0 2 1 0 5 0 0 8 0 0 3 2 0 3 2 5 7 0 0 5 0 0 6 0 1 5 0 0 4 1 0 0 1 0 9 0 0 10 2 0
4 0 1 1 0 1023 0 0 5 5 0 18 0 0 0 0 1 0 0 2 0 0 3 0 1 0 0 2 1 0 5 0 0 8 0 0 3 2 0 3 2 5 7 0 0 5 0 0 6 0 1 5 0 0 4 1 0 0 1 0 9 0 0 10 2 0
4 0 1 1 7 341 0 0 5 5 0 18 0 0 0 0 1 0 0 2 0 0 3 0 1 0 0 2 1 0 5 0 0 8 0 0 3 2 0 3 2 5 7 0 0 5 0 0 6 0 1 5 0 0 4 1 0 0 1 0 9 0 0 10 2 0
4 0 1 1 7 1023 0 0 5 5 0 18 0 0 0 0 1 0 0 2 0 0 3 0 1 0 0 2 1 0 5 0 0 8 0 0 3 2 0 3 2 5 7 0 0 5 0 0 6 0 1 5 0 0 4 1 0 0 1 0 9 0 0 10 2 0
4 1 0 0 0 341 0 0 5 5 0 18 0 0 0 0 1 0 0 2 0 0 3 0 1 0 0 2 1 0 5 0 0 8 0 0 3 2 0 3 2 5 7 0 1 5 0 0 6 0 0 5 0 0 4 1 0 0 1 0 9 0 1 10 2 0
4 1 0 0 0 1023 0 0 5 5 0 18 0 0 0 0 1 0 0 2 0 0 3 0 1 0 0 2 1 0 5 0 0 8 0 0 3 2 0 3 2 5 7 0 1 5 0 0 6 0 0 5 0 0 4 1 0 0 1 0 9 0 1 10 2 0
4 1 0 0 7 341 0 0 5 5 0 18 0 0 0 0 1 0 0 2 0 0 3 0 1 0 0 2 1 0 5 0 0 8 0 0 3 2 0 3 2 5 7 0 1 5 0 0 6 0 0 5 0 0 4 1 0 0 1 0 9 0 1 10 2 0
4 1 0 0 7 1023 0 0 5 5 0 18 0 0 0 0 1 0 0 2 0 0 3 0 1 0 0 2 1 0 5 0 0 8 0 0 3 2 0 3 2 5 7 0 1 5 0 0 6 0 0 5 0 0 4 1 0 0 1 0 9 0 1 10 2 0
4 1 0 1 0 341 0 0 5 5 0 18 0 0 0 0 1 0 0 2 0 0 3 0 1 0 0 2 1 0 5 0 0 8 0 0 3 2 0 3 2 5 7 0 1 5 0 0 6 0 0 5 0 0 4 1 0 0 1 0 9 0 0 10 2 0
4 1 0 1 0 1023 0 0 5 5 0 18 0 0 0 0 1 0 0 2 0 0 3 0 1 0 0 2 1 0 5 0 0 8 0 0 3 2 0 3 2 5 7 0 1 5 0 0 6 0 0 5 0 0 4 1 0 0 1 0 9 0 0 10 2 0
4 1 0 1 7 341 0 0 5 5 0 18 0 0 0 0 1 0 0 2 0 0 3 0 1 0 0 2 1 0 5 0 0 8 0 0 3 2 0 3 2 5 7 0 1 5 0 0 6 0 0 5 0 0 4 1 0 0 1 0 9 0 0 10 2 0
4 1 0 1 7 1023 0 0 5 5 0 18 0 0 0 0 1 0 0 2 0 0 3 0 1 0 0 2 1 0 5 0 0 8 0 0 3 2 0 3 2 5 7 0 1 5 0 0 6 0 0 5 0 0 4 1 0 0 1 0 9 0 0 10 2 0
4 1 1 0 0 341 0 0 5 5 0 18 0 0 0 0 1 0 0 2 0 0 3 0 1 0 0 2 1 0 5 0 0 8 0 0 3 2 0 3 2 5 7 0 0 5 0 0 6 0 0 5 0 0 4 1 0 0 1 0 9 0 1 10 2 0
4 1 1 0 0 1023 0 0 5 5 0 18 0 0 0 0 1 0 0 2 0 0 3 0 1 0 0 2 1 0 5 0 0 8 0 0 3 2 0 3 2 5 7 0 0 5 0 0 6 0 0 5 0 0 4 1 0 0 1 0 9 0 1 10 2 0
4 1 1 0 7 341 0 0 5 5 0 18 0 0 0 0 1 0 0 2 0 0 3 0 1 0 0 2 1 0 5 0 0 8 0 0 3 2 0 3 2 5 7 0 0 5 0 0 6 0 0 5 0 0 4 1 0 0 1 0 9 0 1 10 2 0
4 1 1 0 7 1023 0 0 5 5 0 18 0 0 0 0 1 0 0 2 0 0 3 0 1 0 0 2 1 0 5 0 0 8 0 0 3 2 0 3 2 5 7 0 0 5 0 0 6 0 0 5 0 0 4 1 0 0 1 0 9 0 1 10 2 0
4 1 1 1 0 341 0 0 5 5 0 18 0 0 0 0 1 0 0 2 0 0 3 0 1 0 0 2 1 0 5 0 0 8 0 0 3 2 0 3 2 5 7 0 0 5 0 0 6 0 0 5 0 0 4 1 0 0 1 0 9 0 0 10 2 0
4 1 1 1 0 1023 0 0 5 5 0 18 0 0 0 0 1 0 0 2 0 0 3 0 1 0 0 2 1 0 5 0 0 8 0 0 3 2 0 3 2 5 7 0 0 5 0 0 6 0 0 5 0 0 4 1 0 0 1 0 9 0 0 10 2 0
4 1 1 1 7 341 0 0 5 5 0 18 0 0 0 0 1 0 0 2 0 0 3 0 1 0 0 2 1 0 5 0 0 8 0 0 3 2 0 3 2 5 7 0 0 5 0 0 6 0 0 5 0 0 4 1 0 0 1 0 9 0 0 10 2 0
4 1 1 1 7 1023 0 0 5 5 0 18 0 0 0 0 1 0 0 2 0 0 3 0 1 0 0 2 1 0 5 0 0 8 0 0 3 2 0 3 2 5 7 0 0 5 0 0 6 0 0 5 0 0 4 1 0 0 1 0 9 0 0 10 2 0
4 0 0 0 0 341 1 0 5 5 0 18 0 3 0 0 2 0 0 1 0 0 0 0 1 0 0 2 1 0 5 0 0 8 0 0 3 2 0 3 2 5 7 0 1 5 0 0 6 0 1 5 0 0 4 1 0 0 1 0 9 0 1 10 2 0
4 0 0 0 0 1023 1 0 5 5 0 18 0 3 0 0 2 0 0 1 0 0 0 0 1 0 0 2 1 0 5 0 0 8 0 0 3 2 0 3 2 5 7 0 1 5 0 0 6 0 1 5 0 0 4 1 0 0 1 0 9 0 1 10 2 0
4 0 0 0 7 341 1 0 5 5 0 18 0 3 0 0 2 0 0 1 0 0 0 0 1 0 0 2 1 0 5 0 0 8 0 0 3 2 0 3 2 5 7 0 1 5 0 0 6 0 1 5 0 0 4 1 0 0 1 0 9 0 1 10 2 0
4 0 0 0 7 1023 1 0 5 5 0 18 0 3 0 0 2 0 0 1 0 0 0 0 1 0 0 2 1 0 5 0 0 8 0 0 3 2 0 3 2 5 7 0 1 5 0 0 6 0 1 5 0 0 4 1 0 0 1 0 9 0 1 10 2 0
4 0 0 1 0 341 1 0 5 5 0 18 0 3 0 0 2 0 0 1 0 0 0 0 1 0 0 2 1 0 5 0 0 8 0 0 3 2 0 3 2 5 7 0 1 5 0 0 6 0 1 5 0 0 4 1 0 0 1 0 9 0 0 10 2 0
4 0 0 1 0 1023 1 0 5 5 0 18 0 3 0 0 2 0 0 1 0 0 0 0 1 0 0 2 1 0 5 0 0 8 0 0 3 2 0 3 2 5 7 0 1 5 0 0 6 0 1 5 0 0 4 1 0 0 1 0 9 0 0 10 2 0
4 0 0 1 7 341 1 0 5 5 0 18 0 3 0 0 2 0 0 1 0 0 0 0 1 0 0 2 1 0 5 0 0 8 0 0 3 2 0 3 2 5 7 0 1 5 0 0 6 0 1 5 0 0 4 1 0 0 1 0 9 0 0 10 2 0
4 0 0 1 7 1023 1 0 5 5 0 18 0 3 0 0 2 0 0 1 0 0 0 0 1 0 0 2 1 0 5 0 0 8 0 0 3 2 0 3 2 5 7 0 1 5 0 0 6 0 1 5 0 0 4 1 0 0 1 0 9 0 0 10 2 0
4 0 1 0 0 341 1 0 5 5 0 18 0 3 0 0 2 0 0 1 0 0 0 0 1 0 0 2 1 0 5 0 0 8 0 0 3 2 0 3 2 5 7 0 0 5 0 0 6 0 1 5 0 0 4 1 0 0 1 0 9 0 1 10 2 0
4 0 1 0 0 1023 1 0 5 5 0 18 0 3 0 0 2 0 0 1 0 0 0 0 1 0 0 2 1 0 5 0 0 8 0 0 3 2 0 3 2 5 7 0 0 5 0 0 6 0 1 5 0 0 4 1 0 0 1 0 9 0 1 10 2 0
4 0 1 0 7 341 1 0 5 5 0 18 0 3 0 0 2 0 0 1 0 0 0 0 1 0 0 2 1 0 5 0 0 8 0 0 3 2 0 3 2 5 7 0 0 5 0 0 6 0 1 5 0 0 4 1 0 0 1 0 9 0 1 10 2 0
4 0 1 0 7 1023 1 0 5 5 0 18 0 3 0 0 2 0 0 1 0 0 0 0 1 0 0 2 1 0 5 0 0 8 0 0 3 2 0 3 2 5 7 0 0 5 0 0 6 0 1 5 0 0 4 1 0 0 1 0 9 0 1 10 2 0
4 0 1 1 0 341 1 0 5 5 0 18 0 3 0 0 2 0 0 1 0 0 0 0 1 0 0 2 1 0 5 0 0 8 0 0 3 2 0 3 2 5 7 0 0 5 0 0 6 0 1 5 0 0 4 1 0 0 1 0 9 0 0 10 2 0
4 0 1 1 0 1023 1 0 5 5 0 18 0 3 0 0 2 0 0 1 0 0 0 0 1 0 0 2 1 0 5 0 0 8 0 0 3 2 0 3 2 5 7 0 0 5 0 0 6 0 1 5 0 0 4 1 0 0 1 0 9 0 0 10 2 0
4 0 1 1 7 341 1 0 5 5 0 18 0 3 0 0 2 0 0 1 0 0 0 0 1 0 0 2 1 0 5 0 0 8 0 0 3 2 0 3 2 5 7 0 0 5 0 0 6 0 1 5 0 0 4 1 0 0 1 0 9 0 0 10 2 0
4 0 1 1 7 1023 1 0 5 5 0 18 0 3 0 0 2 0 0 1 0 0 0 0 1 0 0 2 1 0 5 0 0 8 0 0 3 2 0 3 2 5 7 0 0 5 0 0 6 0 1 5 0 0 4 1 0 0 1 0 9 0 0 10 2 0
4 1 0 0 0 341 1 0 5 5 0 18 0 3 0 0 2 0 0 1 0 0 0 0 1 0 0 2 1 0 5 0 0 8 0 0 3 2 0 3 2 5 7 0 1 5 0 0 6 0 0 5 0 0 4 1 0 0 1 0 9 0 1 10 2 0
4 1 0 0 0 1023 1 0 5 5 0 18 0 3 0 0 2 0 0 1 0 0 0 0 1 0 0 2 1 0 5 0 0 8 0 0 3 2 0 3 2 5 7 0 1 5 0 0 6 0 0 5 0 0 4 1 0 0 1 0 9 0 1 10 2 0
4 1 0 0 7 341 1 0 5 5 0 18 0 3 0 0 2 0 0 1 0 0 0 0 1 0 0 2 1 0 5 0 0 8 0 0 3 2 0 3 2 5 7 0 1 5 0 0 6 0 0 5 0 0 4 1 0 0 1 0 9 0 1 10 2 0
4 1 0 0 7 1023 1 0 5 5 0 18 0 3 0 0 2 0 0 1 0 0 0 0 1 0 0 2 1 0 5 0 0 8 0 0 3 2 0 3 2 5 7 0 1 5 0 0 6 0 0 5 0 0 4 1 0 0 1 0 9 0 1 10 2 0
4 1 0 1 0 341 1 0 5 5 0 18 0 3 0 0 2 0 0 1 0 0 0 0 1 0 0 2 1 0 5 0 0 8 0 0 3 2 0 3 2 5 7 0 1 5 0 0 6 0 0 5 0 0 4 1 0 0 1 0 9 0 0 10 2 0
4 1 0 1 0 1023 1 0 5 5 0 18 0 3 0 0 2 0 0 1 0 0 0 0 1 0 0 2 1 0 5 0 0 8 0 0 3 2 0 3 2 5 7 0 1 5 0 0 6 0 0 5 0 0 4 1 0 0 1 0 9 0 0 10 2 0
4 1 0 1 7 341 1 0 5 5 0 18 0 3 0 0 2 0 0 1 0 0 0 0 1 0 0 2 1 0 5 0 0 8 0 0 3 2 0 3 2 5 7 0 1 5 0 0 6 0 0 5 0 0 4 1 0 0 1 0 9 0 0 10 2 0
4 1 0 1 7 1023 1 0 5 5 0 18 0 3 0 0 2 0 0 1 0 0 0 0 1 0 0 2 1 0 5 0 0 8 0 0 3 2 0 3 2 5 7 0 1 5 0 0 6 0 0 5 0 0 4 1 0 0 1 0 9 0 0 10 2 0
4 1 1 0 0 341 1 0 5 5 0 18 0 3 0 0 2 0 0 1 0 0 0 0 1 0 0 2 1 0 5 0 0 8 0 0 3 2 0 3 2 5 7 0 0 5 0 0 6 0 0 5 0 0 4 1 0 0 1 0 9 0 1 10 2 0
4 1 1 0 0 1023 1 0 5 5 0 18 0 3 0 0 2 0 0 1 0 0 0 0 1 0 0 2 1 0 5 0 0 8 0 0 3 2 0 3 2 5 7 0 0 5 0 0 6 0 0 5 0 0 4 1 0 0 1 0 9 0 1 10 2 0
4 1 1 0 7 341 1 0 5 5 0 18 0 3 0 0 2 0 0 1 0 0 0 0 1 0 0 2 1 0 5 0 0 8 0 0 3 2 0 3 2 5 7 0 0 5 0 0 6 0 0 5 0 0 4 1 0 0 1 0 9 0 1 10 2 0
4 1 1 0 7 1023 1 0 5 5 0 18 0 3 0 0 2 0 0 1 0 0 0 0 1 0 0 2 1 0 5 0 0 8 0 0 3 2 0 3 2 5 7 0 0 5 0 0 6 0 0 5 0 0 4 1 0 0 1 0 9 0 1 10 2 0
4 1 1 1 0 341 1 0 5 5 0 18 0 3 0 0 2 0 0 1 0 0 0 0 1 0 0 2 1 0 5 0 0 8 0 0 3 2 0 3 2 5 7 0 0 5 0 0 6 0 0 5 0 0 4 1 0 0 1 0 9 0 0 10 2 0
4 1 1 1 0 1023 1 0 5 5 0 18 0 3 0 0 2 0 0 1 0 0 0 0 1 0 0 2 1 0 5 0 0 8 0 0 3 2 0 3 2 5 7 0 0 5 0 0 6 0 0 5 0 0 4 1 0 0 1 0 9 0 0 10 2 0
4 1 1 1 7 341 1 0 5 5 0 18 0 3 0 0 2 0 0 1 0 0 0 0 1 0 0 2 1 0 5 0 0 8 0 0 3 2 0 3 2 5 7 0 0 5 0 0 6 0 0 5 0 0 4 1 0 0 1 0 9 0 0 10 2 0
4 1 1 1 7 1023 1 0 5 5 0 18 0 3 0 0 2 0 0 1 0 0 0 0 1 0 0 2 1 0 5 0 0 8 0 0 3 2 0 3 2 5 7 0 0 5 0 0 6 0 0 5 0 0 4 1 0 0 1 0 9 0 0 10 2 0
4 0 0 0 0 341 1 0 5 5 0 18 0 2 0 0 0 0 0 3 0 0 1 0 1 0 0 2 1 0 5 0 0 8 0 0 3 2 0 3 2 5 7 0 1 5 0 0 6 0 1 5 0 0 4 1 0 0 1 0 9 0 1 10 2 0
4 0 0 0 0 1023 1 0 5 5 0 18 0 2 0 0 0 0 0 3 0 0 1 0 1 0 0 2 1 0 5 0 0 8 0 0 3 2 0 3 2 5 7 0 1 5 0 0 6 0 1 5 0 0 4 1 0 0 1 0 9 0 1 10 2 0
4 0 0 0 7 341 1 0 5 5 0 18 0 2 0 0 0 0 0 3 0 0 1 0 1 0 0 2 1 0 5 0 0 8 0 0 3 2 0 3 2 5 7 0 1 5 0 0 6 0 1 5 0 0 4 1 0 0 1 0 9 0 1 10 2 0
4 0 0 0 7 1023 1 0 5 5 0 18 0 2 0 0 0 0 0 3 0 0 1 0 1 0 0 2 1 0 5 0 0 8 0 0 3 2 0 3 2 5 7 0 1 5 0 0 6 0 1 5 0 0 4 1 0 0 1 0 9 0 1 10 2 0
4 0 0 1 0 341 1 0 5 5 0 18 0 2 0 0 0 0 0 3 0 0 1 0 1 0 0 2 1 0 5 0 0 8 0 0 3 2 0 3 2 5 7 0 1 5 0 0 6 0 1 5 0 0 4 1 0 0 1 0 9 0 0 10 2 0
4 0 0 1 0 1023 1 0 5 5 0 18 0 2 0 0 0 0 0 3 0 0 1 0 1 0 0 2 1 0 5 0 0 8 0 0 3 2 0 3 2 5 7 0 1 5 0 0 6 0 1 5 0 0 4 1 0 0 1 0 9 0 0 10 2 0
4 0 0 1 7 341 1 0 5 5 0 18 0 2 0 0 0 0 0 3 0 0 1 0 1 0 0 2 1 0 5 0 0 8 0 0 3 2 0 3 2 5 7 0 1 5 0 0 6 0 1 5 0 0 4 1 0 0 1 0 9 0 0 10 2 0
4 0 0 1 7 1023 1 0 5 5 0 18 0 2 0 0 0 0 0 3 0 0 1 0 1 0 0 2 1 0 5 0 0 8 0 0 3 2 0 3 2 5 7 0 1 5 0 0 6 0 1 5 0 0 4 1 0 0 1 0 9 0 0 10 2 0
4 0 1 0 0 341 1 0 5 5 0 18 0 2 0 0 0 0 0 3 0 0 1 0 1 0 0 2 1 0 5 0 0 8 0 0 3 2 0 3 2 5 7 0 0 5 0 0 6 0 1 5 0 0 4 1 0 0 1 0 9 0 1 10 2 0
4 0 1 0 0 1023 1 0 5 5 0 18 0 2 0 0 0 0 0 3 0 0 1 0 1 0 0 2 1 0 5 0 0 8 0 0 3 2 0 3 2 5 7 0 0 5 0 0 6 0 1 5 0 0 4 1 0 0 1 0 9 0 1 10 2 0
4 0 1 0 7 341 1 0 5 5 0 18 0 2 0 0 0 0 0 3 0 0 1 0 1 0 0 2 1 0 5 0 0 8 0 0 3 2 0 3 2 5 7 0 0 5 0 0 6 0 1 5 0 0 4 1 0 0 1 0 9 0 1 10 2 0
4 0 1 0 7 1023 1 0 5 5 0 18 0 2 0 0 0 0 0 3 0 0 1 0 1 0 0 2 1 0 5 0 0 8 0 0 3 2 0 3 2 5 7 0 0 5 0 0 6 0 1 5 0 0 4 1 0 0 1 0 9 0 1 10 2 0
4 0 1 1 0 341 1 0 5 5 0 18 0 2 0 0 0 0 0 3 0 0 1 0 1 0 0 2 1 0 5 0 0 8 0 0 3 2 0 3 2 5 7 0 0 5 0 0 6 0 1 5 0 0 4 1 0 0 1 0 9 0 0 10 2 0
4 0 1 1 0 1023 1 0 5 5 0 18 0 2 0 0 0 0 0 3 0 0 1 0 1 0 0 2 1 0 5 0 0 8 0 0 3 2 0 3 2 5 7 0 0 5 0 0 6 0 1 5 0 0 4 1 0 0 1 0 9 0 0 10 2 0
4 0 1 1 7 341 1 0 5 5 0 18 0 2 0 0 0 0 0 3 0 0 1 0 1 0 0 2 1 0 5 0 0 8 0 0 3 2 0 3 2 5 7 0 0 5 0 0 6 0 1 5 0 0 4 1 0 0 1 0 9 0 0 10 2 0
4 0 1 1 7 1023 1 0 5 5 0 18 0 2 0 0 0 0 0 3 0 0 1 0 1 0 0 2 1 0 5 0 0 8 0 0 3 2 0 3 2 5 7 0 0 5 0 0 6 0 1 5 0 0 4 1 0 0 1 0 9 0 0 10 2 0
4 1 0 0 0 341 1 0 5 5 0 18 0 2 0 0 0 0 0 3 0 0 1 0 1 0 0 2 1 0 5 0 0 8 0 0 3 2 0 3 2 5 7 0 1 5 0 0 6 0 0 5 0 0 4 1 0 0 1 0 9 0 1 10 2 0
4 1 0 0 0 1023 1 0 5 5 0 18 0 2 0 0 0 0 0 3 0 0 1 0 1 0 0 2 1 0 5 0 0 8 0 0 3 2 0 3 2 5 7 0 1 5 0 0 6 0 0 5 0 0 4 1 0 0 1 0 9 0 1 10 2 0
4 1 0 0 7 341 1 0 5 5 0 18 0 2 0 0 0 0 0 3 0 0 1 0 1 0 0 2 1 0 5 0 0 8 0 0 3 2 0 3 2 5 7 0 1 5 0 0 6 0 0 5 0 0 4 1 0 0 1 0 9 0 1 10 2 0
4 1 0 0 7 1023 1 0 5 5 0 18 0 2 0 0 0 0 0 3 0 0 1 0 1 0 0 2 1 0 5 0 0 8 0 0 3 2 0 3 2 5 7 0 1 5 0 0 6 0 0 5 0 0 4 1 0 0 1 0 9 0 1 10 2 0
4 1 0 1 0 341 1 0 5 5 0 18 0 2 0 0 0 0 0 3 0 0 1 0 1 0 0 2 1 0 5 0 0 8 0 0 3 2 0 3 2 5 7 0 1 5 0 0 6 0 0 5 0 0 4 1 0 0 1 0 9 0 0 10 2 0
4 1 0 1 0 1023 1 0 5 5 0 18 0 2 0 0 0 0 0 3 0 0 1 0 1 0 0 2 1 0 5 0 0 8 0 0 3 2 0 3 2 5 7 0 1 5 0 0 6 0 0 5 0 0 4 1 0 0 1 0 9 0 0 10 2 0
4 1 0 1 7 341 1 0 5 5 0 18 0 2 0 0 0 0 0 3 0 0 1 0 1 0 0 2 1 0 5 0 0 8 0 0 3 2 0 3 2 5 7 0 1 5 0 0 6 0 0 5 0 0 4 1 0 0 1 0 9 0 0 10 2 0
4 1 0 1 7 1023 1 0 5 5 0 18 0 2 0 0 0 0 0 3 0 0 1 0 1 0 0 2 1 0 5 0 0 8 0 0 3 2 0 3 2 5 7 0 1 5 0 0 6 0 0 5 0 0 4 1 0 0 1 0 9 0 0 10 2 0
4 1 1 0 0 341 1 0 5 5 0 18 0 2 0 0 0 0 0 3 0 0 1 0 1 0 0 2 1 0 5 0 0 8 0 0 3 2 0 3 2 5 7 0 0 5 0 0 6 0 0 5 0 0 4 1 0 0 1 0 9 0 1 10 2 0
4 1 1 0 0 1023 1 0 5 5 0 18 0 2 0 0 0 0 0 3 0 0 1 0 1 0 0 2 1 0 5 0 0 8 0 0 3 2 0 3 2 5 7 0 0 5 0 0 6 0 0 5 0 0 4 1 0 0 1 0 9 0 1 10 2 0
4 1 1 0 7 341 1 0 5 5 0 18 0 2 0 0 0 0 0 3 0 0 1 0 1 0 0 2 1 0 5 0 0 8 0 0 3 2 0 3 2 5 7 0 0 5 0 0 6 0 0 5 0 0 4 1 0 0 1 0 9 0 1 10 2 0
4 1 1 0 7 1023 1 0 5 5 0 18 0 2 0 0 0 0 0 3 0 0 1 0 1 0 0 2 1 0 5 0 0 8 0 0 3 2 0 3 2 5 7 0 0 5 0 0 6 0 0 5 0 0 4 1 0 0 1 0 9 0 1 10 2 0
4 1 1 1 0 341 1 0 5 5 0 18 0 2 0 0 0 0 0 3 0 0 1 0 1 0 0 2 1 0 5 0 0 8 0 0 3 2 0 3 2 5 7 0 0 5 0 0 6 0 0 5 0 0 4 1 0 0 1 0 9 0 0 10 2 0
4 1 1 1 0 1023 1 0 5 5 0 18 0 2 0 0 0 0 0 3 0 0 1 0 1 0 0 2 1 0 5 0 0 8 0 0 3 2 0 3 2 5 7 0 0 5 0 0 6 0 0 5 0 0 4 1 0 0 1 0 9 0 0 10 2 0
4 1 1 1 7 341 1 0 5 5 0 18 0 2 0 0 0 0 0 3 0 0 1 0 1 0 0 2 1 0 5 0 0 8 0 0 3 2 0 3 2 5 7 0 0 5 0 0 6 0 0 5 0 0 4 1 0 0 1 0 9 0 0 10 2 0
4 1 1 1 7 1023 1 0 5 5 0 18 0 2 0 0 0 0 0 3 0 0 1 0 1 0 0 2 1 0 5 0 0 8 0 0 3 2 0 3 2 5 7 0 0 5 0 0 6 0 0 5 0 0 4 1 0 0 1 0 9 0 0 10 2 0
4 0 0 0 0 341 0 0 6 6 0 18 0 0 0 0 1 0 0 2 0 0 3 0 1 0 0 2 1 0 5 0 0 8 0 0 3 2 0 3 2 6 7 0 1 5 0 0 6 0 1 5 0 0 4 1 0 0 1 0 9 0 1 10 2 0
4 0 0 0 0 1023 0 0 6 6 0 18 0 0 0 0 1 0 0 2 0 0 3 0 1 0 0 2 1 0 5 0 0 8 0 0 3 2 0 3 2 6 7 0 1 5 0 0 6 0 1 5 0 0 4 1 0 0 1 0 9 0 1 10 2 0
4 0 0 0 7 341 0 0 6 6 0 18 0 0 0 0 1 0 0 2 0 0 3 0 1 0 0 2 1 0 5 0 0 8 0 0 3 2 0 3 2 6 7 0 1 5 0 0 6 0 1 5 0 0 4 1 0 0 1 0 9 0 1 10 2 0
4 0 0 0 7 1023 0 0 6 6 0 18 0 0 0 0 1 0 0 2 0 0 3 0 1 0 0 2 1 0 5 0 0 8 0 0 3 2 0 3 2 6 7 0 1 5 0 0 6 0 1 5 0 0 4 1 0 0 1 0 9 0 1 10 2 0
4 0 0 1 0 341 0 0 6 6 0 18 0 0 0 0 1 0 0 2 0 0 3 0 1 0 0 2 1 0 5 0 0 8 0 0 3 2 0 3 2 6 7 0 1 5 0 0 6 0 1 5 0 0 4 1 0 0 1 0 9 0 0 10 2 0
4 0 0 1 0 1023 0 0 6 6 0 18 0 0 0 0 1 0 0 2 0 0 3 0 1 0 0 2 1 0 5 0 0 8 0 0 3 2 0 3 2 6 7 0 1 5 0 0 6 0 1 5 0 0 4 1 0 0 1 0 9 0 0 10 2 0
4 0 0 1 7 341 0 0 6 6 0 18 0 0 0 0 1 0 0 2 0 0 3 0 1 0 0 2 1 0 5 0 0 8 0 0 3 2 0 3 2 6 7 0 1 5 0 0 6 0 1 5 0 0 4 1 0 0 1 0 9 0 0 10 2 0
4 0 0 1 7 1023 0 0 6 6 0 18 0 0 0 0 1 0 0 2 0 0 3 0 1 0 0 2 1 0 5 0 0 8 0 0 3 2 0 3 2 6 7 0 1 5 0 0 6 0 1 5 0 0 4 1 0 0 1 0 9 0 0 10 2 0
4 0 1 0 0 341 0 0 6 6 0 18 0 0 0 0 1 0 0 2 0 0 3 0 1 0 0 2 1 0 5 0 0 8 0 0 3 2 0 3 2 6 7 0 0 5 0 0 6 0 1 5 0 0 4 1 0 0 1 0 9 0 1 10 2 0
4 0 1 0 0 1023 0 0 6 6 0 18 0 0 0 0 1 0 0 2 0 0 3 0 1 0 0 2 1 0 5 0 0 8 0 0 3 2 0 3 2 6 7 0 0 5 0 0 6 0 1 5 0 0 4 1 0 0 1 0 9 0 1 10 2 0
4 0 1 0 7 341 0 0 6 6 0 18 0 0 0 0 1 0 0 2 0 0 3 0 1 0 0 2 1 0 5 0 0 8 0 0 3 2 0 3 2 6 7 0 0 5 0 0 6 0 1 5 0 0 4 1 0 0 1 0 9 0 1 10 2 0
4 0 1 0 7 1023 0 0 6 6 0 18 0 0 0 0 1 0 0 2 0 0 3 0 1 0 0 2 1 0 5 0 0 8 0 0 3 2 0 3 2 6 7 0 0 5 0 0 6 0 1 5 0 0 4 1 0 0 1 0 9 0 1 10 2 0
4 0 1 1 0 341 0 0 6 6 0 18 0 0 0 0 1 0 0 2 0 0 3 0 1 0 0 2 1 0 5 0 0 8 0 0 3 2 0 3 2 6 7 0 0 5 0 0 6 0 1 5 0 0 4 1 0 0 1 0 9 0 0 10 2 0
4 0 1 1 0 1023 0 0 6 6 0 18 0 0 0 0 1 0 0 2 0 0 3 0 1 0 0 2 1 0 5 0 0 8 0 0 3 2 0 3 2 6 7 0 0 5 0 0 6 0 1 5 0 0 4 1 0 0 1 0 9 0 0 10 2 0
4 0 1 1 7 341 0 0 6 6 0 18 0 0 0 0 1 0 0 2 0 0 3 0 1 0 0 2 1 0 5 0 0 8 0 0 3 2 0 3 2 6 7 0 0 5 0 0 6 0 1 5 0 0 4 1 0 0 1 0 9 0 0 10 2 0
4 0 1 1 7 1023 0 0 6 6 0 18 0 0 0 0 1 0 0 2 0 0 3 0 1 0 0 2 1 0 5 0 0 8 0 0 3 2 0 3 2 6 7 0 0 5 0 0 6 0 1 5 0 0 4 1 0 0 1 0 9 0 0 10 2 0
4 1 0 0 0 341 0 0 6 6 0 18 0 0 0 0 1 0 0 2 0 0 3 0 1 0 0 2 1 0 5 0 0 8 0 0 3 2 0 3 2 6 7 0 1 5 0 0 6 0 0 5 0 0 4 1 0 0 1 0 9 0 1 10 2 0
4 1 0 0 0 1023 0 0 6 6 0 18 0 0 0 0 1 0 0 2 0 0 3 0 1 0 0 2 1 0 5 0 0 8 0 0 3 2 0 3 2 6 7 0 1 5 0 0 6 0 0 5 0 0 4 1 0 0 1 0 9 0 1 10 2 0
4 1 0 0 7 341 0 0 6 6 0 18 0 0 0 0 1 0 0 2 0 0 3 0 1 0 0 2 1 0 5 0 0 8 0 0 3 2 0 3 2 6 7 0 1 5 0 0 6 0 0 5 0 0 4 1 0 0 1 0 9 0 1 10 2 0
4 1 0 0 7 1023 0 0 6 6 0 18 0 0 0 0 1 0 0 2 0 0 3 0 1 0 0 2 1 0 5 0 0 8 0 0 3 2 0 3 2 6 7 0 1 5 0 0 6 0 0 5 0 0 4 1 0 0 1 0 9 0 1 10 2 0
4 1 0 1 0 341 0 0 6 6 0 18 0 0 0 0 1 0 0 2 0 0 3 0 1 0 0 2 1 0 5 0 0 8 0 0 3 2 0 3 2 6 7 0 1 5 0 0 6 0 0 5 0 0 4 1 0 0 1 0 9 0 0 10 2 0
4 1 0 1 0 1023 0 0 6 6 0 18 0 0 0 0 1 0 0 2 0 0 3 0 1 0 0 2 1 0 5 0 0 8 0 0 3 2 0 3 2 6 7 0 1 5 0 0 6 0 0 5 0 0 4 1 0 0 1 0 9 0 0 10 2 0
4 1 0 1 7 341 0 0 6 6 0 18 0 0 0 0 1 0 0 2 0 0 3 0 1 0 0 2 1 0 5 0 0 8 0 0 3 2 0 3 2 6 7 0 1 5 0 0 6 0 0 5 0 0 4 1 0 0 1 0 9 0 0 10 2 0
4 1 0 1 7 1023 0 0 6 6 0 18 0 0 0 0 1 0 0 2 0 0 3 0 1 0 0 2 1 0 5 0 0 8 0 0 3 2 0 3 2 6 7 0 1 5 0 0 6 0 0 5 0 0 4 1 0 0 1 0 9 0 0 10 2 0
4 1 1 0 0 341 0 0 6 6 0 18 0 0 0 0 1 0 0 2 0 0 3 0 1 0 0 2 1 0 5 0 0 8 0 0 3 2 0 3 2 6 7 0 0 5 0 0 6 0 0 5 0 0 4 1 0 0 1 0 9 0 1 10 2 0
4 1 1 0 0 1023 0 0 6 6 0 18 0 0 0 0 1 0 0 2 0 0 3 0 1 0 0 2 1 0 5 0 0 8 0 0 3 2 0 3 2 6 7 0 0 5 0 0 6 0 0 5 0 0 4 1 0 0 1 0 9 0 1 10 2 0
4 1 1 0 7 341 0 0 6 6 0 18 0 0 0 0 1 0 0 2 0 0 3 0 1 0 0 2 1 0 5 0 0 8 0 0 3 2 0 3 2 6 7 0 0 5 0 0 6 0 0 5 0 0 4 1 0 0 1 0 9 0 1 10 2 0
4 1 1 0 7 1023 0 0 6 6 0 18 0 0 0 0 1 0 0 2 0 0 3 0 1 0 0 2 1 0 5 0 0 8 0 0 3 2 0 3 2 6 7 0 0 5 0 0 6 0 0 5 0 0 4 1 0 0 1 0 9 0 1 10 2 0
4 1 1 1 0 341 0 0 6 6 0 18 0 0 0 0 1 0 0 2 0 0 3 0 1 0 0 2 1 0 5 0 0 8 0 0 3 2 0 3 2 6 7 0 0 5 0 0 6 0 0 5 0 0 4 1 0 0 1 0 9 0 0 10 2 0
4 1 1 1 0 1023 0 0 6 6 0 18 0 0 0 0 1 0 0 2 0 0 3 0 1 0 0 2 1 0 5 0 0 8 0 0 3 2 0 3 2 6 7 0 0 5 0 0 6 0 0 5 0 0 4 1 0 0 1 0 9 0 0 10 2 0
4 1 1 1 7 341 0 0 6 6 0 18 0 0 0 0 1 0 0 2 0 0 3 0 1 0 0 2 1 0 5 0 0 8 0 0 3 2 0 3 2 6 7 0 0 5 0 0 6 0 0 5 0 0 4 1 0 0 1 0 9 0 0 10 2 0
4 1 1 1 7 1023 0 0 6 6 0 18 0 0 0 0 1 0 0 2 0 0 3 0 1 0 0 2 1 0 5 0 0 8 0 0 3 2 0 3 2 6 7 0 0 5 0 0 6 0 0 5 0 0 4 1 0 0 1 0 9 0 0 10 2 0
4 0 0 0 0 341 1 0 6 6 0 18 0 3 0 0 2 0 0 1 0 0 0 0 1 0 0 2 1 0 5 0 0 8 0 0 3 2 0 3 2 6 7 0 1 5 0 0 6 0 1 5 0 0 4 1 0 0 1 0 9 0 1 10 2 0
4 0 0 0 0 1023 1 0 6 6 0 18 0 3 0 0 2 0 0 1 0 0 0 0 1 0 0 2 1 0 5 0 0 8 0 0 3 2 0 3 2 6 7 0 1 5 0 0 6 0 1 5 0 0 4 1 0 0 1 0 9 0 1 10 2 0
4 0 0 0 7 341 1 0 6 6 0 18 0 3 0 0 2 0 0 1 0 0 0 0 1 0 0 2 1 0 5 0 0 8 0 0 3 2 0 3 2 6 7 0 1 5 0 0 6 0 1 5 0 0 4 1 0 0 1 0 9 0 1 10 2 0
4 0 0 0 7 1023 1 0 6 6 0 18 0 3 0 0 2 0 0 1 0 0 0 0 1 0 0 2 1 0 5 0 0 8 0 0 3 2 0 3 2 6 7 0 1 5 0 0 6 0 1 5 0 0 4 1 0 0 1 0 9 0 1 10 2 0
4 0 0 1 0 341 1 0 6 6 0 18 0 3 0 0 2 0 0 1 0 0 0 0 1 0 0 2 1 0 5 0 0 8 0 0 3 2 0 3 2 6 7 0 1 5 0 0 6 0 1 5 0 0 4 1 0 0 1 0 9 0 0 10 2 0
4 0 0 1 0 1023 1 0 6 6 0 18 0 3 0 0 2 0 0 1 0 0 0 0 1 0 0 2 1 0 5 0 0 8 0 0 3 2 0 3 2 6 7 0 1 5 0 0 6 0 1 5 0 0 4 1 0 0 1 0 9 0 0 10 2 0
4 0 0 1 7 341 1 0 6 6 0 18 0 3 0 0 2 0 0 1 0 0 0 0 1 0 0 2 1 0 5 0 0 8 0 0 3 2 0 3 2 6 7 0 1 5 0 0 6 0 1 5 0 0 4 1 0 0 1 0 9 0 0 10 2 0
4 0 0 1 7 1023 1 0 6 6 0 18 0 3 0 0 2 0 0 1 0 0 0 0 1 0 0 2 1 0 5 0 0 8 0 0 3 2 0 3 2 6 7 0 1 5 0 0 6 0 1 5 0 0 4 1 0 0 1 0 9 0 0 10 2 0
4 0 1 0 0 341 1 0 6 6 0 18 0 3 0 0 2 0 0 1 0 0 0 0 1 0 0 2 1 0 5 0 0 8 0 0 3 2 0 3 2 6 7 0 0 5 0 0 6 0 1 5 0 0 4 1 0 0 1 0 9 0 1 10 2 0
4 0 1 0 0 1023 1 0 6 6 0 18 0 3 0 0 2 0 0 1 0 0 0 0 1 0 0 2 1 0 5 0 0 8 0 0 3 2 0 3 2 6 7 0 0 5 0 0 6 0 1 5 0 0 4 1 0 0 1 0 9 0 1 10 2 0
4 0 1 0 7 341 1 0 6 6 0 18 0 3 0 0 2 0 0 1 0 0 0 0 1 0 0 2 1 0 5 0 0 8 0 0 3 2 0 3 2 6 7 0 0 5 0 0 6 0 1 5 0 0 4 1 0 0 1 0 9 0 1 10 2 0
4 0 1 0 7 1023 1 0 6 6 0 18 0 3 0 0 2 0 0 1 0 0 0 0 1 0 0 2 1 0 5 0 0 8 0 0 3 2 0 3 2 6 7 0 0 5 0 0 6 0 1 5 0 0 4 1 0 0 1 0 9 0 1 10 2 0
4 0 1 1 0 341 1 0 6 6 0 18 0 3 0 0 2 0 0 1 0 0 0 0 1 0 0 2 1 0 5 0 0 8 0 0 3 2 0 3 2 6 7 0 0 5 0 0 6 0 1 5 0 0 4 1 0 0 1 0 9 0 0 10 2 0
4 0 1 1 0 1023 1 0 6 6 0 18 0 3 0 0 2 0 0 1 0 0 0 0 1 0 0 2 1 0 5 0 0 8 0 0 3 2 0 3 2 6 7 0 0 5 0 0 6 0 1 5 0 0 4 1 0 0 1 0 9 0 0 10 2 0
4 0 1 1 7 341 1 0 6 6 0 18 0 3 0 0 2 0 0 1 0 0 0 0 1 0 0 2 1 0 5 0 0 8 0 0 3 2 0 3 2 6 7 0 0 5 0 0 6 0 1 5 0 0 4 1 0 0 1 0 9 0 0 10 2 0
4 0 1 1 7 1023 1 0 6 6 0 18 0 3 0 0 2 0 0 1 0 0 0 0 1 0 0 2 1 0 5 0 0 8 0 0 3 2 0 3 2 6 7 0 0 5 0 0 6 0 1 5 0 0 4 1 0 0 1 0 9 0 0 10 2 0
4 1 0 0 0 341 1 0 6 6 0 18 0 3 0 0 2 0 0 1 0 0 0 0 1 0 0 2 1 0 5 0 0 8 0 0 3 2 0 3 2 6 7 0 1 5 0 0 6 0 0 5 0 0 4 1 0 0 1 0 9 0 1 10 2 0
4 1 0 0 0 1023 1 0 6 6 0 18 0 3 0 0 2 0 0 1 0 0 0 0 1 0 0 2 1 0 5 0 0 8 0 0 3 2 0 3 2 6 7 0 1 5 0 0 6 0 0 5 0 0 4 1 0 0 1 0 9 0 1 10 2 0
4 1 0 0 7 341 1 0 6 6 0 18 0 3 0 0 2 0 0 1 0 0 0 0 1 0 0 2 1 0 5 0 0 8 0 0 3 2 0 3 2 6 7 0 1 5 0 0 6 0 0 5 0 0 4 1 0 0 1 0 9 0 1 10 2 0
4 1 0 0 7 1023 1 0 6 6 0 18 0 3 0 0 2 0 0 1 0 0 0 0 1 0 0 2 1 0 5 0 0 8 0 0 3 2 0 3 2 6 7 0 1 5 0 0 6 0 0 5 0 0 4 1 0 0 1 0 9 0 1 10 2 0
4 1 0 1 0 341 1 0 6 6 0 18 0 3 0 0 2 0 0 1 0 0 0 0 1 0 0 2 1 0 5 0 0 8 0 0 3 2 0 3 2 6 7 0 1 5 0 0 6 0 0 5 0 0 4 1 0 0 1 0 9 0 0 10 2 0
4 1 0 1 0 1023 1 0 6 6 0 18 0 3 0 0 2 0 0 1 0 0 0 0 1 0 0 2 1 0 5 0 0 8 0 0 3 2 0 3 2 6 7 0 1 5 0 0 6 0 0 5 0 0 4 1 0 0 1 0 9 0 0 10 2 0
4 1 0 1 7 341 1 0 6 6 0 18 0 3 0 0 2 0 0 1 0 0 0 0 1 0 0 2 1 0 5 0 0 8 0 0 3 2 0 3 2 6 7 0 1 5 0 0 6 0 0 5 0 0 4 1 0 0 1 0 9 0 0 10 2 0
4 1 0 1 7 1023 1 0 6 6 0 18 0 3 0 0 2 0 0 1 0 0 0 0 1 0 0 2 1 0 5 0 0 8 0 0 3 2 0 3 2 6 7 0 1 5 0 0 6 0 0 5 0 0 4 1 0 0 1 0 9 0 0 10 2 0
4 1 1 0 0 341 1 0 6 6 0 18 0 3 0 0 2 0 0 1 0 0 0 0 1 0 0 2 1 0 5 0 0 8 0 0 3 2 0 3 2 6 7 0 0 5 0 0 6 0 0 5 0 0 4 1 0 0 1 0 9 0 1 10 2 0
4 1 1 0 0 1023 1 0 6 6 0 18 0 3 0 0 2 0 0 1 0 0 0 0 1 0 0 2 1 0 5 0 0 8 0 0 3 2 0 3 2 6 7 0 0 5 0 0 6 0 0 5 0 0 4 1 0 0 1 0 9 0 1 10 2 0
4 1 1 0 7 341 1 0 6 6 0 18 0 3 0 0 2 0 0 1 0 0 0 0 1 0 0 2 1 0 5 0 0 8 0 0 3 2 0 3 2 6 7 0 0 5 0 0 6 0 0 5 0 0 4 1 0 0 1 0 9 0 1 10 2 0
4 1 1 0 7 1023 1 0 6 6 0 18 0 3 0 0 2 0 0 1 0 0 0 0 1 0 0 2 1 0 5 0 0 8 0 0 3 2 0 3 2 6 7 0 0 5 0 0 6 0 0 5 0 0 4 1 0 0 1 0 9 0 1 10 2 0
4 1 1 1 0 341 1 0 6 6 0 18 0 3 0 0 2 0 0 1 0 0 0 0 1 0 0 2 1 0 5 0 0 8 0 0 3 2 0 3 2 6 7 0 0 5 0 0 6 0 0 5 0 0 4 1 0 0 1 0 9 0 0 10 2 0
4 1 1 1 0 1023 1 0 6 6 0 18 0 3 0 0 2 0 0 1 0 0 0 0 1 0 0 2 1 0 5 0 0 8 0 0 3 2 0 3 2 6 7 0 0 5 0 0 6 0 0 5 0 0 4 1 0 0 1 0 9 0 0 10 2 0
4 1 1 1 7 341 1 0 6 6 0 18 0 3 0 0 2 0 0 1 0 0 0 0 1 0 0 2 1 0 5 0 0 8 0 0 3 2 0 3 2 6 7 0 0 5 0 0 6 0 0 5 0 0 4 1 0 0 1 0 9 0 0 10 2 0
4 1 1 1 7 1023 1 0 6 6 0 18 0 3 0 0 2 0 0 1 0 0 0 0 1 0 0 2 1 0 5 0 0 8 0 0 3 2 0 3 2 6 7 0 0 5 0 0 6 0 0 5 0 0 4 1 0 0 1 0 9 0 0 10 2 0
4 0 0 0 0 341 1 0 6 6 0 18 0 2 0 0 0 0 0 3 0 0 1 0 1 0 0 2 1 0 5 0 0 8 0 0 3 2 0 3 2 6 7 0 1 5 0 0 6 0 1 5 0 0 4 1 0 0 1 0 9 0 1 10 2 0
4 0 0 0 0 1023 1 0 6 6 0 18 0 2 0 0 0 0 0 3 0 0 1 0 1 0 0 2 1 0 5 0 0 8 0 0 3 2 0 3 2 6 7 0 1 5 0 0 6 0 1 5 0 0 4 1 0 0 1 0 9 0 1 10 2 0
4 0 0 0 7 341 1 0 6 6 0 18 0 2 0 0 0 0 0 3 0 0 1 0 1 0 0 2 1 0 5 0 0 8 0 0 3 2 0 3 2 6 7 0 1 5 0 0 6 0 1 5 0 0 4 1 0 0 1 0 9 0 1 10 2 0
4 0 0 0 7 1023 1 0 6 6 0 18 0 2 0 0 0 0 0 3 0 0 1 0 1 0 0 2 1 0 5 0 0 8 0 0 3 2 0 3 2 6 7 0 1 5 0 0 6 0 1 5 0 0 4 1 0 0 1 0 9 0 1 10 2 0
4 0 0 1 0 341 1 0 6 6 0 18 0 2 0 0 0 0 0 3 0 0 1 0 1 0 0 2 1 0 5 0 0 8 0 0 3 2 0 3 2 6 7 0 1 5 0 0 6 0 1 5 0 0 4 1 0 0 1 0 9 0 0 10 2 0
4 0 0 1 0 1023 1 0 6 6 0 18 0 2 0 0 0 0 0 3 0 0 1 0 1 0 0 2 1 0 5 0 0 8 0 0 3 2 0 3 2 6 7 0 1 5 0 0 6 0 1 5 0 0 4 1 0 0 1 0 9 0 0 10 2 0
4 0 0 1 7 341 1 0 6 6 0 18 0 2 0 0 0 0 0 3 0 0 1 0 1 0 0 2 1 0 5 0 0 8 0 0 3 2 0 3 2 6 7 0 1 5 0 0 6 0 1 5 0 0 4 1 0 0 1 0 9 0 0 10 2 0
4 0 0 1 7 1023 1 0 6 6 0 18 0 2 0 0 0 0 0 3 0 0 1 0 1 0 0 2 1 0 5 0 0 8 0 0 3 2 0 3 2 6 7 0 1 5 0 0 6 0 1 5 0 0 4 1 0 0 1 0 9 0 0 10 2 0
4 0 1 0 0 341 1 0 6 6 0 18 0 2 0 0 0 0 0 3 0 0 1 0 1 0 0 2 1 0 5 0 0 8 0 0 3 2 0 3 2 6 7 0 0 5 0 0 6 0 1 5 0 0 4 1 0 0 1 0 9 0 1 10 2 0
4 0 1 0 0 1023 1 0 6 6 0 18 0 2 0 0 0 0 0 3 0 0 1 0 1 0 0 2 1 0 5 0 0 8 0 0 3 2 0 3 2 6 7 0 0 5 0 0 6 0 1 5 0 0 4 1 0 0 1 0 9 0 1 10 2 0
4 0 1 0 7 341 1 0 6 6 0 18 0 2 0 0 0 0 0 3 0 0 1 0 1 0 0 2 1 0 5 0 0 8 0 0 3 2 0 3 2 6 7 0 0 5 0 0 6 0 1 5 0 0 4 1 0 0 1 0 9 0 1 10 2 0
4 0 1 0 7 1023 1 0 6 6 0 18 0 2 0 0 0 0 0 3 0 0 1 0 1 0 0 2 1 0 5 0 0 8 0 0 3 2 0 3 2 6 7 0 0 5 0 0 6 0 1 5 0 0 4 1 0 0 1 0 9 0 1 10 2 0
4 0 1 1 0 341 1 0 6 6 0 18 0 2 0 0 0 0 0 3 0 0 1 0 1 0 0 2 1 0 5 0 0 8 0 0 3 2 0 3 2 6 7 0 0 5 0 0 6 0 1 5 0 0 4 1 0 0 1 0 9 0 0 10 2 0
4 0 1 1 0 1023 1 0 6 6 0 18 0 2 0 0 0 0 0 3 0 0 1 0 1 0 0 2 1 0 5 0 0 8 0 0 3 2 0 3 2 6 7 0 0 5 0 0 6 0 1 5 0 0 4 1 0 0 1 0 9 0 0 10 2 0
4 0 1 1 7 341 1 0 6 6 0 18 0 2 0 0 0 0 0 3 0 0 1 0 1 0 0 2 1 0 5 0 0 8 0 0 3 2 0 3 2 6 7 0 0 5 0 0 6 0 1 5 0 0 4 1 0 0 1 0 9 0 0 10 2 0
4 0 1 1 7 1023 1 0 6 6 0 18 0 2 0 0 0 0 0 3 0 0 1 0 1 0 0 2 1 0 5 0 0 8 0 0 3 2 0 3 2 6 7 0 0 5 0 0 6 0 1 5 0 0 4 1 0 0 1 0 9 0 0 10 2 0
4 1 0 0 0 341 1 0 6 6 0 18 0 2 0 0 0 0 0 3 0 0 1 0 1 0 0 2 1 0 5 0 0 8 0 0 3 2 0 3 2 6 7 0 1 5 0 0 6 0 0 5 0 0 4 1 0 0 1 0 9 0 1 10 2 0
4 1 0 0 0 1023 1 0 6 6 0 18 0 2 0 0 0 0 0 3 0 0 1 0 1 0 0 2 1 0 5 0 0 8 0 0 3 2 0 3 2 6 7 0 1 5 0 0 6 0 0 5 0 0 4 1 0 0 1 0 9 0 1 10 2 0
4 1 0 0 7 341 1 0 6 6 0 18 0 2 0 0 0 0 0 3 0 0 1 0 1 0 0 2 1 0 5 0 0 8 0 0 3 2 0 3 2 6 7 0 1 5 0 0 6 0 0 5 0 0 4 1 0 0 1 0 9 0 1 10 2 0
4 1 0 0 7 1023 1 0 6 6 0 18 0 2 0 0 0 0 0 3 0 0 1 0 1 0 0 2 1 0 5 0 0 8 0 0 3 2 0 3 2 6 7 0 1 5 0 0 6 0 0 5 0 0 4 1 0 0 1 0 9 0 1 10 2 0
4 1 0 1 0 341 1 0 6 6 0 18 0 2 0 0 0 0 0 3 0 0 1 0 1 0 0 2 1 0 5 0 0 8 0 0 3 2 0 3 2 6 7 0 1 5 0 0 6 0 0 5 0 0 4 1 0 0 1 0 9 0 0 10 2 0
4 1 0 1 0 1023 1 0 6 6 0 18 0 2 0 0 0 0 0 3 0 0 1 0 1 0 0 2 1 0 5 0 0 8 0 0 3 2 0 3 2 6 7 0 1 5 0 0 6 0 0 5 0 0 4 1 0 0 1 0 9 0 0 10 2 0
4 1 0 1 7 341 1 0 6 6 0 18 0 2 0 0 0 0 0 3 0 0 1 0 1 0 0 2 1 0 5 0 0 8 0 0 3 2 0 3 2 6 7 0 1 5 0 0 6 0 0 5 0 0 4 1 0 0 1 0 9 0 0 10 2 0
4 1 0 1 7 1023 1 0 6 6 0 18 0 2 0 0 0 0 0 3 0 0 1 0 1 0 0 2 1 0 5 0 0 8 0 0 3 2 0 3 2 6 7 0 1 5 0 0 6 0 0 5 0 0 4 1 0 0 1 0 9 0 0 10 2 0
4 1 1 0 0 341 1 0 6 6 0 18 0 2 0 0 0 0 0 3 0 0 1 0 1 0 0 2 1 0 5 0 0 8 0 0 3 2 0 3 2 6 7 0 0 5 0 0 6 0 0 5 0 0 4 1 0 0 1 0 9 0 1 10 2 0
4 1 1 0 0 1023 1 0 6 6 0 18 0 2 0 0 0 0 0 3 0 0 1 0 1 0 0 2 1 0 5 0 0 8 0 0 3 2 0 3 2 6 7 0 0 5 0 0 6 0 0 5 0 0 4 1 0 0 1 0 9 0 1 10 2 0
4 1 1 0 7 341 1 0 6 6 0 18 0 2 0 0 0 0 0 3 0 0 1 0 1 0 0 2 1 0 5 0 0 8 0 0 3 2 0 3 2 6 7 0 0 5 0 0 6 0 0 5 0 0 4 1 0 0 1 0 9 0 1 10 2 0
4 1 1 0 7 1023 1 0 6 6 0 18 0 2 0 0 0 0 0 3 0 0 1 0 1 0 0 2 1 0 5 0 0 8 0 0 3 2 0 3 2 6 7 0 0 5 0 0 6 0 0 5 0 0 4 1 0 0 1 0 9 0 1 10 2 0
4 1 1 1 0 341 1 0 6 6 0 18 0 2 0 0 0 0 0 3 0 0 1 0 1 0 0 2 1 0 5 0 0 8 0 0 3 2 0 3 2 6 7 0 0 5 0 0 6 0 0 5 0 0 4 1 0 0 1 0 9 0 0 10 2 0
4 1 1 1 0 1023 1 0 6 6 0 18 0 2 0 0 0 0 0 3 0 0 1 0 1 0 0 2 1 0 5 0 0 8 0 0 3 2 0 3 2 6 7 0 0 5 0 0 6 0 0 5 0 0 4 1 0 0 1 0 9 0 0 10 2 0
4 1 1 1 7 341 1 0 6 6 0 18 0 2 0 0 0 0 0 3 0 0 1 0 1 0 0 2 1 0 5 0 0 8 0 0 3 2 0 3 2 6 7 0 0 5 0 0 6 0 0 5 0 0 4 1 0 0 1 0 9 0 0 10 2 0
4 1 1 1 7 1023 1 0 6 6 0 18 0 2 0 0 0 0 0 3 0 0 1 0 1 0 0 2 1 0 5 0 0 8 0 0 3 2 0 3 2 6 7 0 0 5 0 0 6 0 0 5 0 0 4 1 0 0 1 0 9 0 0 10 2 0
4 0 0 0 0 341 0 0 7 7 0 18 0 0 0 0 1 0 0 2 0 0 3 0 1 0 0 2 1 0 5 0 0 8 0 0 3 2 0 3 2 7 7 0 1 5 0 0 6 0 1 5 0 0 4 1 0 0 1 0 9 0 1 10 2 0
4 0 0 0 0 1023 0 0 7 7 0 18 0 0 0 0 1 0 0 2 0 0 3 0 1 0 0 2 1 0 5 0 0 8 0 0 3 2 0 3 2 7 7 0 1 5 0 0 6 0 1 5 0 0 4 1 0 0 1 0 9 0 1 10 2 0
4 0 0 0 7 341 0 0 7 7 0 18 0 0 0 0 1 0 0 2 0 0 3 0 1 0 0 2 1 0 5 0 0 8 0 0 3 2 0 3 2 7 7 0 1 5 0 0 6 0 1 5 0 0 4 1 0 0 1 0 9 0 1 10 2 0
4 0 0 0 7 1023 0 0 7 7 0 18 0 0 0 0 1 0 0 2 0 0 3 0 1 0 0 2 1 0 5 0 0 8 0 0 3 2 0 3 2 7 7 0 1 5 0 0 6 0 1 5 0 0 4 1 0 0 1 0 9 0 1 10 2 0
4 0 0 1 0 341 0 0 7 7 0 18 0 0 0 0 1 0 0 2 0 0 3 0 1 0 0 2 1 0 5 0 0 8 0 0 3 2 0 3 2 7 7 0 1 5 0 0 6 0 1 5 0 0 4 1 0 0 1 0 9 0 0 10 2 0
4 0 0 1 0 1023 0 0 7 7 0 18 0 0 0 0 1 0 0 2 0 0 3 0 1 0 0 2 1 0 5 0 0 8 0 0 3 2 0 3 2 7 7 0 1 5 0 0 6 0 1 5 0 0 4 1 0 0 1 0 9 0 0 10 2 0
4 0 0 1 7 341 0 0 7 7 0 18 0 0 0 0 1 0 0 2 0 0 3 0 1 0 0 2 1 0 5 0 0 8 0 0 3 2 0 3 2 7 7 0 1 5 0 0 6 0 1 5 0 0 4 1 0 0 1 0 9 0 0 10 2 0
4 0 0 1 7 1023 0 0 7 7 0 18 0 0 0 0 1 0 0 2 0 0 3 0 1 0 0 2 1 0 5 0 0 8 0 0 3 2 0 3 2 7 7 0 1 5 0 0 6 0 1 5 0 0 4 1 0 0 1 0 9 0 0 10 2 0
4 0 1 0 0 341 0 0 7 7 0 18 0 0 0 0 1 0 0 2 0 0 3 0 1 0 0 2 1 0 5 0 0 8 0 0 3 2 0 3 2 7 7 0 0 5 0 0 6 0 1 5 0 0 4 1 0 0 1 0 9 0 1 10 2 0
4 0 1 0 0 1023 0 0 7 7 0 18 0 0 0 0 1 0 0 2 0 0 3 0 1 0 0 2 1 0 5 0 0 8 0 0 3 2 0 3 2 7 7 0 0 5 0 0 6 0 1 5 0 0 4 1 0 0 1 0 9 0 1 10 2 0
4 0 1 0 7 341 0 0 7 7 0 18 0 0 0 0 1 0 0 2 0 0 3 0 1 0 0 2 1 0 5 0 0 8 0 0 3 2 0 3 2 7 7 0 0 5 0 0 6 0 1 5 0 0 4 1 0 0 1 0 9 0 1 10 2 0
4 0 1 0 7 1023 0 0 7 7 0 18 0 0 0 0 1 0 0 2 0 0 3 0 1 0 0 2 1 0 5 0 0 8 0 0 3 2 0 3 2 7 7 0 0 5 0 0 6 0 1 5 0 0 4 1 0 0 1 0 9 0 1 10 2 0
4 0 1 1 0 341 0 0 7 7 0 18 0 0 0 0 1 0 0 2 0 0 3 0 1 0 0 2 1 0 5 0 0 8 0 0 3 2 0 3 2 7 7 0 0 5 0 0 6 0 1 5 0 0 4 1 0 0 1 0 9 0 0 10 2 0
4 0 1 1 0 1023 0 0 7 7 0 18 0 0 0 0 1 0 0 2 0 0 3 0 1 0 0 2 1 0 5 0 0 8 0 0 3 2 0 3 2 7 7 0 0 5 0 0 6 0 1 5 0 0 4 1 0 0 1 0 9 0 0 10 2 0
4 0 1 1 7 341 0 0 7 7 0 18 0 0 0 0 1 0 0 2 0 0 3 0 1 0 0 2 1 0 5 0 0 8 0 0 3 2 0 3 2 7 7 0 0 5 0 0 6 0 1 5 0 0 4 1 0 0 1 0 9 0 0 10 2 0
4 0 1 1 7 1023 0 0 7 7 0 18 0 0 0 0 1 0 0 2 0 0 3 0 1 0 0 2 1 0 5 0 0 8 0 0 3 2 0 3 2 7 7 0 0 5 0 0 6 0 1 5 0 0 4 1 0 0 1 0 9 0 0 10 2 0
4 1 0 0 0 341 0 0 7 7 0 18 0 0 0 0 1 0 0 2 0 0 3 0 1 0 0 2 1 0 5 0 0 8 0 0 3 2 0 3 2 7 7 0 1 5 0 0 6 0 0 5 0 0 4 1 0 0 1 0 9 0 1 10 2 0
4 1 0 0 0 1023 0 0 7 7 0 18 0 0 0 0 1 0 0 2 0 0 3 0 1 0 0 2 1 0 5 0 0 8 0 0 3 2 0 3 2 7 7 0 1 5 0 0 6 0 0 5 0 0 4 1 0 0 1 0 9 0 1 10 2 0
4 1 0 0 7 341 0 0 7 7 0 18 0 0 0 0 1 0 0 2 0 0 3 0 1 0 0 2 1 0 5 0 0 8 0 0 3 2 0 3 2 7 7 0 1 5 0 0 6 0 0 5 0 0 4 1 0 0 1 0 9 0 1 10 2 0
4 1 0 0 7 1023 0 0 7 7 0 18 0 0 0 0 1 0 0 2 0 0 3 0 1 0 0 2 1 0 5 0 0 8 0 0 3 2 0 3 2 7 7 0 1 5 0 0 6 0 0 5 0 0 4 1 0 0 1 0 9 0 1 10 2 0
4 1 0 1 0 341 0 0 7 7 0 18 0 0 0 0 1 0 0 2 0 0 3 0 1 0 0 2 1 0 5 0 0 8 0 0 3 2 0 3 2 7 7 0 1 5 0 0 6 0 0 5 0 0 4 1 0 0 1 0 9 0 0 10 2 0
4 1 0 1 0 1023 0 0 7 7 0 18 0 0 0 0 1 0 0 2 0 0 3 0 1 0 0 2 1 0 5 0 0 8 0 0 3 2 0 3 2 7 7 0 1 5 0 0 6 0 0 5 0 0 4 1 0 0 1 0 9 0 0 10 2 0
4 1 0 1 7 341 0 0 7 7 0 18 0 0 0 0 1 0 0 2 0 0 3 0 1 0 0 2 1 0 5 0 0 8 0 0 3 2 0 3 2 7 7 0 1 5 0 0 6 0 0 5 0 0 4 1 0 0 1 0 9 0 0 10 2 0
4 1 0 1 7 1023 0 0 7 7 0 18 0 0 0 0 1 0 0 2 0 0 3 0 1 0 0 2 1 0 5 0 0 8 0 0 3 2 0 3 2 7 7 0 1 5 0 0 6 0 0 5 0 0 4 1 0 0 1 0 9 0 0 10 2 0
4 1 1 0 0 341 0 0 7 7 0 18 0 0 0 0 1 0 0 2 0 0 3 0 1 0 0 2 1 0 5 0 0 8 0 0 3 2 0 3 2 7 7 0 0 5 0 0 6 0 0 5 0 0 4 1 0 0 1 0 9 0 1 10 2 0
4 1 1 0 0 1023 0 0 7 7 0 18 0 0 0 0 1 0 0 2 0 0 3 0 1 0 0 2 1 0 5 0 0 8 0 0 3 2 0 3 2 7 7 0 0 5 0 0 6 0 0 5 0 0 4 1 0 0 1 0 9 0 1 10 2 0
4 1 1 0 7 341 0 0 7 7 0 18 0 0 0 0 1 0 0 2 0 0 3 0 1 0 0 2 1 0 5 0 0 8 0 0 3 2 0 3 2 7 7 0 0 5 0 0 6 0 0 5 0 0 4 1 0 0 1 0 9 0 1 10 2 0
4 1 1 0 7 1023 0 0 7 7 0 18 0 0 0 0 1 0 0 2 0 0 3 0 1 0 0 2 1 0 5 0 0 8 0 0 3 2 0 3 2 7 7 0 0 5 0 0 6 0 0 5 0 0 4 1 0 0 1 0 9 0 1 10 2 0
4 1 1 1 0 341 0 0 7 7 0 18 0 0 0 0 1 0 0 2 0 0 3 0 1 0 0 2 1 0 5 0 0 8 0 0 3 2 0 3 2 7 7 0 0 5 0 0 6 0 0 5 0 0 4 1 0 0 1 0 9 0 0 10 2 0
4 1 1 1 0 1023 0 0 7 7 0 18 0 0 0 0 1 0 0 2 0 0 3 0 1 0 0 2 1 0 5 0 0 8 0 0 3 2 0 3 2 7 7 0 0 5 0 0 6 0 0 5 0 0 4 1 0 0 1 0 9 0 0 10 2 0
4 1 1 1 7 341 0 0 7 7 0 18 0 0 0 0 1 0 0 2 0 0 3 0 1 0 0 2 1 0 5 0 0 8 0 0 3 2 0 3 2 7 7 0 0 5 0 0 6 0 0 5 0 0 4 1 0 0 1 0 9 0 0 10 2 0
4 1 1 1 7 1023 0 0 7 7 0 18 0 0 0 0 1 0 0 2 0 0 3 0 1 0 0 2 1 0 5 0 0 8 0 0 3 2 0 3 2 7 7 0 0 5 0 0 6 0 0 5 0 0 4 1 0 0 1 0 9 0 0 10 2 0
4 0 0 0 0 341 1 0 7 7 0 18 0 3 0 0 2 0 0 1 0 0 0 0 1 0 0 2 1 0 5 0 0 8 0 0 3 2 0 3 2 7 7 0 1 5 0 0 6 0 1 5 0 0 4 1 0 0 1 0 9 0 1 10 2 0
4 0 0 0 0 1023 1 0 7 7 0 18 0 3 0 0 2 0 0 1 0 0 0 0 1 0 0 2 1 0 5 0 0 8 0 0 3 2 0 3 2 7 7 0 1 5 0 0 6 0 1 5 0 0 4 1 0 0 1 0 9 0 1 10 2 0
4 0 0 0 7 341 1 0 7 7 0 18 0 3 0 0 2 0 0 1 0 0 0 0 1 0 0 2 1 0 5 0 0 8 0 0 3 2 0 3 2 7 7 0 1 5 0 0 6 0 1 5 0 0 4 1 0 0 1 0 9 0 1 10 2 0
4 0 0 0 7 1023 1 0 7 7 0 18 0 3 0 0 2 0 0 1 0 0 0 0 1 0 0 2 1 0 5 0 0 8 0 0 3 2 0 3 2 7 7 0 1 5 0 0 6 0 1 5 0 0 4 1 0 0 1 0 9 0 1 10 2 0
4 0 0 1 0 341 1 0 7 7 0 18 0 3 0 0 2 0 0 1 0 0 0 0 1 0 0 2 1 0 5 0 0 8 0 0 3 2 0 3 2 7 7 0 1 5 0 0 6 0 1 5 0 0 4 1 0 0 1 0 9 0 0 10 2 0
4 0 0 1 0 1023 1 0 7 7 0 18 0 3 0 0 2 0 0 1 0 0 0 0 1 0 0 2 1 0 5 0 0 8 0 0 3 2 0 3 2 7 7 0 1 5 0 0 6 0 1 5 0 0 4 1 0 0 1 0 9 0 0 10 2 0
4 0 0 1 7 341 1 0 7 7 0 18 0 3 0 0 2 0 0 1 0 0 0 0 1 0 0 2 1 0 5 0 0 8 0 0 3 2 0 3 2 7 7 0 1 5 0 0 6 0 1 5 0 0 4 1 0 0 1 0 9 0 0 10 2 0
4 0 0 1 7 1023 1 0 7 7 0 18 0 3 0 0 2 0 0 1 0 0 0 0 1 0 0 2 1 0 5 0 0 8 0 0 3 2 0 3 2 7 7 0 1 5 0 0 6 0 1 5 0 0 4 1 0 0 1 0 9 0 0 10 2 0
4 0 1 0 0 341 1 0 7 7 0 18 0 3 0 0 2 0 0 1 0 0 0 0 1 0 0 2 1 0 5 0 0 8 0 0 3 2 0 3 2 7 7 0 0 5 0 0 6 0 1 5 0 0 4 1 0 0 1 0 9 0 1 10 2 0
4 0 1 0 0 1023 1 0 7 7 0 18 0 3 0 0 2 0 0 1 0 0 0 0 1 0 0 2 1 0 5 0 0 8 0 0 3 2 0 3 2 7 7 0 0 5 0 0 6 0 1 5 0 0 4 1 0 0 1 0 9 0 1 10 2 0
4 0 1 0 7 341 1 0 7 7 0 18 0 3 0 0 2 0 0 1 0 0 0 0 1 0 0 2 1 0 5 0 0 8 0 0 3 2 0 3 2 7 7 0 0 5 0 0 6 0 1 5 0 0 4 1 0 0 1 0 9 0 1 10 2 0
4 0 1 0 7 1023 1 0 7 7 0 18 0 3 0 0 2 0 0 1 0 0 0 0 1 0 0 2 1 0 5 0 0 8 0 0 3 2 0 3 2 7 7 0 0 5 0 0 6 0 1 5 0 0 4 1 0 0 1 0 9 0 1 10 2 0
4 0 1 1 0 341 1 0 7 7 0 18 0 3 0 0 2 0 0 1 0 0 0 0 1 0 0 2 1 0 5 0 0 8 0 0 3 2 0 3 2 7 7 0 0 5 0 0 6 0 1 5 0 0 4 1 0 0 1 0 9 0 0 10 2 0
4 0 1 1 0 1023 1 0 7 7 0 18 0 3 0 0 2 0 0 1 0 0 0 0 1 0 0 2 1 0 5 0 0 8 0 0 3 2 0 3 2 7 7 0 0 5 0 0 6 0 1 5 0 0 4 1 0 0 1 0 9 0 0 10 2 0
4 0 1 1 7 341 1 0 7 7 0 18 0 3 0 0 2 0 0 1 0 0 0 0 1 0 0 2 1 0 5 0 0 8 0 0 3 2 0 3 2 7 7 0 0 5 0 0 6 0 1 5 0 0 4 1 0 0 1 0 9 0 0 10 2 0
4 0 1 1 7 1023 1 0 7 7 0 18 0 3 0 0 2 0 0 1 0 0 0 0 1 0 0 2 1 0 5 0 0 8 0 0 3 2 0 3 2 7 7 0 0 5 0 0 6 0 1 5 0 0 4 1 0 0 1 0 9 0 0 10 2 0
4 1 0 0 0 341 1 0 7 7 0 18 0 3 0 0 2 0 0 1 0 0 0 0 1 0 0 2 1 0 5 0 0 8 0 0 3 2 0 3 2 7 7 0 1 5 0 0 6 0 0 5 0 0 4 1 0 0 1 0 9 0 1 10 2 0
4 1 0 0 0 1023 1 0 7 7 0 18 0 3 0 0 2 0 0 1 0 0 0 0 1 0 0 2 1 0 5 0 0 8 0 0 3 2 0 3 2 7 7 0 1 5 0 0 6 0 0 5 0 0 4 1 0 0 1 0 9 0 1 10 2 0
4 1 0 0 7 341 1 0 7 7 0 18 0 3 0 0 2 0 0 1 0 0 0 0 1 0 0 2 1 0 5 0 0 8 0 0 3 2 0 3 2 7 7 0 1 5 0 0 6 0 0 5 0 0 4 1 0 0 1 0 9 0 1 10 2 0
4 1 0 0 7 1023 1 0 7 7 0 18 0 3 0 0 2 0 0 1 0 0 0 0 1 0 0 2 1 0 5 0 0 8 0 0 3 2 0 3 2 7 7 0 1 5 0 0 6 0 0 5 0 0 4 1 0 0 1 0 9 0 1 10 2 0
4 1 0 1 0 341 1 0 7 7 0 18 0 3 0 0 2 0 0 1 0 0 0 0 1 0 0 2 1 0 5 0 0 8 0 0 3 2 0 3 2 7 7 0 1 5 0 0 6 0 0 5 0 0 4 1 0 0 1 0 9 0 0 10 2 0
4 1 0 1 0 1023 1 0 7 7 0 18 0 3 0 0 2 0 0 1 0 0 0 0 1 0 0 2 1 0 5 0 0 8 0 0 3 2 0 3 2 7 7 0 1 5 0 0 6 0 0 5 0 0 4 1 0 0 1 0 9 0 0 10 2 0
4 1 0 1 7 341 1 0 7 7 0 18 0 3 0 0 2 0 0 1 0 0 0 0 1 0 0 2 1 0 5 0 0 8 0 0 3 2 0 3 2 7 7 0 1 5 0 0 6 0 0 5 0 0 4 1 0 0 1 0 9 0 0 10 2 0
4 1 0 1 7 1023 1 0 7 7 0 18 0 3 0 0 2 0 0 1 0 0 0 0 1 0 0 2 1 0 5 0 0 8 0 0 3 2 0 3 2 7 7 0 1 5 0 0 6 0 0 5 0 0 4 1 0 0 1 0 9 0 0 10 2 0
4 1 1 0 0 341 1 0 7 7 0 18 0 3 0 0 2 0 0 1 0 0 0 0 1 0 0 2 1 0 5 0 0 8 0 0 3 2 0 3 2 7 7 0 0 5 0 0 6 0 0 5 0 0 4 1 0 0 1 0 9 0 1 10 2 0
4 1 1 0 0 1023 1 0 7 7 0 18 0 3 0 0 2 0 0 1 0 0 0 0 1 0 0 2 1 0 5 0 0 8 0 0 3 2 0 3 2 7 7 0 0 5 0 0 6 0 0 5 0 0 4 1 0 0 1 0 9 0 1 10 2 0
4 1 1 0 7 341 1 0 7 7 0 18 0 3 0 0 2 0 0 1 0 0 0 0 1 0 0 2 1 0 5 0 0 8 0 0 3 2 0 3 2 7 7 0 0 5 0 0 6 0 0 5 0 0 4 1 0 0 1 0 9 0 1 10 2 0
4 1 1 0 7 1023 1 0 7 7 0 18 0 3 0 0 2 0 0 1 0 0 0 0 1 0 0 2 1 0 5 0 0 8 0 0 3 2 0 3 2 7 7 0 0 5 0 0 6 0 0 5 0 0 4 1 0 0 1 0 9 0 1 10 2 0
4 1 1 1 0 341 1 0 7 7 0 18 0 3 0 0 2 0 0 1 0 0 0 0 1 0 0 2 1 0 5 0 0 8 0 0 3 2 0 3 2 7 7 0 0 5 0 0 6 0 0 5 0 0 4 1 0 0 1 0 9 0 0 10 2 0
4 1 1 1 0 1023 1 0 7 7 0 18 0 3 0 0 2 0 0 1 0 0 0 0 1 0 0 2 1 0 5 0 0 8 0 0 3 2 0 3 2 7 7 0 0 5 0 0 6 0 0 5 0 0 4 1 0 0 1 0 9 0 0 10 2 0
4 1 1 1 7 341 1 0 7 7 0 18 0 3 0 0 2 0 0 1 0 0 0 0 1 0 0 2 1 0 5 0 0 8 0 0 3 2 0 3 2 7 7 0 0 5 0 0 6 0 0 5 0 0 4 1 0 0 1 0 9 0 0 10 2 0
4 1 1 1 7 1023 1 0 7 7 0 18 0 3 0 0 2 0 0 1 0 0 0 0 1 0 0 2 1 0 5 0 0 8 0 0 3 2 0 3 2 7 7 0 0 5 0 0 6 0 0 5 0 0 4 1 0 0 1 0 9 0 0 10 2 0
4 0 0 0 0 341 1 0 7 7 0 18 0 2 0 0 0 0 0 3 0 0 1 0 1 0 0 2 1 0 5 0 0 8 0 0 3 2 0 3 2 7 7 0 1 5 0 0 6 0 1 5 0 0 4 1 0 0 1 0 9 0 1 10 2 0
4 0 0 0 0 1023 1 0 7 7 0 18 0 2 0 0 0 0 0 3 0 0 1 0 1 0 0 2 1 0 5 0 0 8 0 0 3 2 0 3 2 7 7 0 1 5 0 0 6 0 1 5 0 0 4 1 0 0 1 0 9 0 1 10 2 0
4 0 0 0 7 341 1 0 7 7 0 18 0 2 0 0 0 0 0 3 0 0 1 0 1 0 0 2 1 0 5 0 0 8 0 0 3 2 0 3 2 7 7 0 1 5 0 0 6 0 1 5 0 0 4 1 0 0 1 0 9 0 1 10 2 0
4 0 0 0 7 1023 1 0 7 7 0 18 0 2 0 0 0 0 0 3 0 0 1 0 1 0 0 2 1 0 5 0 0 8 0 0 3 2 0 3 2 7 7 0 1 5 0 0 6 0 1 5 0 0 4 1 0 0 1 0 9 0 1 10 2 0
4 0 0 1 0 341 1 0 7 7 0 18 0 2 0 0 0 0 0 3 0 0 1 0 1 0 0 2 1 0 5 0 0 8 0 0 3 2 0 3 2 7 7 0 1 5 0 0 6 0 1 5 0 0 4 1 0 0 1 0 9 0 0 10 2 0
4 0 0 1 0 1023 1 0 7 7 0 18 0 2 0 0 0 0 0 3 0 0 1 0 1 0 0 2 1 0 5 0 0 8 0 0 3 2 0 3 2 7 7 0 1 5 0 0 6 0 1 5 0 0 4 1 0 0 1 0 9 0 0 10 2 0
4 0 0 1 7 341 1 0 7 7 0 18 0 2 0 0 0 0 0 3 0 0 1 0 1 0 0 2 1 0 5 0 0 8 0 0 3 2 0 3 2 7 7 0 1 5 0 0 6 0 1 5 0 0 4 1 0 0 1 0 9 0 0 10 2 0
4 0 0 1 7 1023 1 0 7 7 0 18 0 2 0 0 0 0 0 3 0 0 1 0 1 0 0 2 1 0 5 0 0 8 0 0 3 2 0 3 2 7 7 0 1 5 0 0 6 0 1 5 0 0 4 1 0 0 1 0 9 0 0 10 2 0
4 0 1 0 0 341 1 0 7 7 0 18 0 2 0 0 0 0 0 3 0 0 1 0 1 0 0 2 1 0 5 0 0 8 0 0 3 2 0 3 2 7 7 0 0 5 0 0 6 0 1 5 0 0 4 1 0 0 1 0 9 0 1 10 2 0
4 0 1 0 0 1023 1 0 7 7 0 18 0 2 0 0 0 0 0 3 0 0 1 0 1 0 0 2 1 0 5 0 0 8 0 0 3 2 0 3 2 7 7 0 0 5 0 0 6 0 1 5 0 0 4 1 0 0 1 0 9 0 1 10 2 0
4 0 1 0 7 341 1 0 7 7 0 18 0 2 0 0 0 0 0 3 0 0 1 0 1 0 0 2 1 0 5 0 0 8 0 0 3 2 0 3 2 7 7 0 0 5 0 0 6 0 1 5 0 0 4 1 0 0 1 0 9 0 1 10 2 0
4 0 1 0 7 1023 1 0 7 7 0 18 0 2 0 0 0 0 0 3 0 0 1 0 1 0 0 2 1 0 5 0 0 8 0 0 3 2 0 3 2 7 7 0 0 5 0 0 6 0 1 5 0 0 4 1 0 0 1 0 9 0 1 10 2 0
4 0 1 1 0 341 1 0 7 7 0 18 0 2 0 0 0 0 0 3 0 0 1 0 1 0 0 2 1 0 5 0 0 8 0 0 3 2 0 3 2 7 7 0 0 5 0 0 6 0 1 5 0 0 4 1 0 0 1 0 9 0 0 10 2 0
4 0 1 1 0 1023 1 0 7 7 0 18 0 2 0 0 0 0 0 3 0 0 1 0 1 0 0 2 1 0 5 0 0 8 0 0 3 2 0 3 2 7 7 0 0 5 0 0 6 0 1 5 0 0 4 1 0 0 1 0 9 0 0 10 2 0
4 0 1 1 7 341 1 0 7 7 0 18 0 2 0 0 0 0 0 3 0 0 1 0 1 0 0 2 1 0 5 0 0 8 0 0 3 2 0 3 2 7 7 0 0 5 0 0 6 0 1 5 0 0 4 1 0 0 1 0 9 0 0 10 2 0
4 0 1 1 7 1023 1 0 7 7 0 18 0 2 0 0 0 0 0 3 0 0 1 0 1 0 0 2 1 0 5 0 0 8 0 0 3 2 0 3 2 7 7 0 0 5 0 0 6 0 1 5 0 0 4 1 0 0 1 0 9 0 0 10 2 0
4 1 0 0 0 341 1 0 7 7 0 18 0 2 0 0 0 0 0 3 0 0 1 0 1 0 0 2 1 0 5 0 0 8 0 0 3 2 0 3 2 7 7 0 1 5 0 0 6 0 0 5 0 0 4 1 0 0 1 0 9 0 1 10 2 0
4 1 0 0 0 1023 1 0 7 7 0 18 0 2 0 0 0 0 0 3 0 0 1 0 1 0 0 2 1 0 5 0 0 8 0 0 3 2 0 3 2 7 7 0 1 5 0 0 6 0 0 5 0 0 4 1 0 0 1 0 9 0 1 10 2 0
4 1 0 0 7 341 1 0 7 7 0 18 0 2 0 0 0 0 0 3 0 0 1 0 1 0 0 2 1 0 5 0 0 8 0 0 3 2 0 3 2 7 7 0 1 5 0 0 6 0 0 5 0 0 4 1 0 0 1 0 9 0 1 10 2 0
4 1 0 0 7 1023 1 0 7 7 0 18 0 2 0 0 0 0 0 3 0 0 1 0 1 0 0 2 1 0 5 0 0 8 0 0 3 2 0 3 2 7 7 0 1 5 0 0 6 0 0 5 0 0 4 1 0 0 1 0 9 0 1 10 2 0
4 1 0 1 0 341 1 0 7 7 0 18 0 2 0 0 0 0 0 3 0 0 1 0 1 0 0 2 1 0 5 0 0 8 0 0 3 2 0 3 2 7 7 0 1 5 0 0 6 0 0 5 0 0 4 1 0 0 1 0 9 0 0 10 2 0
4 1 0 1 0 1023 1 0 7 7 0 18 0 2 0 0 0 0 0 3 0 0 1 0 1 0 0 2 1 0 5 0 0 8 0 0 3 2 0 3 2 7 7 0 1 5 0 0 6 0 0 5 0 0 4 1 0 0 1 0 9 0 0 10 2 0
4 1 0 1 7 341 1 0 7 7 0 18 0 2 0 0 0 0 0 3 0 0 1 0 1 0 0 2 1 0 5 0 0 8 0 0 3 2 0 3 2 7 7 0 1 5 0 0 6 0 0 5 0 0 4 1 0 0 1 0 9 0 0 10 2 0
4 1 0 1 7 1023 1 0 7 7 0 18 0 2 0 0 0 0 0 3 0 0 1 0 1 0 0 2 1 0 5 0 0 8 0 0 3 2 0 3 2 7 7 0 1 5 0 0 6 0 0 5 0 0 4 1 0 0 1 0 9 0 0 10 2 0
4 1 1 0 0 341 1 0 7 7 0 18 0 2 0 0 0 0 0 3 0 0 1 0 1 0 0 2 1 0 5 0 0 8 0 0 3 2 0 3 2 7 7 0 0 5 0 0 6 0 0 5 0 0 4 1 0 0 1 0 9 0 1 10 2 0
4 1 1 0 0 1023 1 0 7 7 0 18 0 2 0 0 0 0 0 3 0 0 1 0 1 0 0 2 1 0 5 0 0 8 0 0 3 2 0 3 2 7 7 0 0 5 0 0 6 0 0 5 0 0 4 1 0 0 1 0 9 0 1 10 2 0
4 1 1 0 7 341 1 0 7 7 0 18 0 2 0 0 0 0 0 3 0 0 1 0 1 0 0 2 1 0 5 0 0 8 0 0 3 2 0 3 2 7 7 0 0 5 0 0 6 0 0 5 0 0 4 1 0 0 1 0 9 0 1 10 2 0
4 1 1 0 7 1023 1 0 7 7 0 18 0 2 0 0 0 0 0 3 0 0 1 0 1 0 0 2 1 0 5 0 0 8 0 0 3 2 0 3 2 7 7 0 0 5 0 0 6 0 0 5 0 0 4 1 0 0 1 0 9 0 1 10 2 0
4 1 1 1 0 341 1 0 7 7 0 18 0 2 0 0 0 0 0 3 0 0 1 0 1 0 0 2 1 0 5 0 0 8 0 0 3 2 0 3 2 7 7 0 0 5 0 0 6 0 0 5 0 0 4 1 0 0 1 0 9 0 0 10 2 0
4 1 1 1 0 1023 1 0 7 7 0 18 0 2 0 0 0 0 0 3 0 0 1 0 1 0 0 2 1 0 5 0 0 8 0 0 3 2 0 3 2 7 7 0 0 5 0 0 6 0 0 5 0 0 4 1 0 0 1 0 9 0 0 10 2 0
4 1 1 1 7 341 1 0 7 7 0 18 0 2 0 0 0 0 0 3 0 0 1 0 1 0 0 2 1 0 5 0 0 8 0 0 3 2 0 3 2 7 7 0 0 5 0 0 6 0 0 5 0 0 4 1 0 0 1 0 9 0 0 10 2 0
4 1 1 1 7 1023 1 0 7 7 0 18 0 2 0 0 0 0 0 3 0 0 1 0 1 0 0 2 1 0 5 0 0 8 0 0 3 2 0 3 2 7 7 0 0 5 0 0 6 0 0 5 0 0 4 1 0 0 1 0 9 0 0 10 2 0
4 0 0 0 0 341 0 0 8 8 0 18 0 0 0 0 1 0 0 2 0 0 3 0 1 0 0 2 1 0 5 0 0 8 0 0 3 2 0 3 2 8 7 0 1 5 0 0 6 0 1 5 0 0 4 1 0 0 1 0 9 0 1 10 2 0
4 0 0 0 0 1023 0 0 8 8 0 18 0 0 0 0 1 0 0 2 0 0 3 0 1 0 0 2 1 0 5 0 0 8 0 0 3 2 0 3 2 8 7 0 1 5 0 0 6 0 1 5 0 0 4 1 0 0 1 0 9 0 1 10 2 0
4 0 0 0 7 341 0 0 8 8 0 18 0 0 0 0 1 0 0 2 0 0 3 0 1 0 0 2 1 0 5 0 0 8 0 0 3 2 0 3 2 8 7 0 1 5 0 0 6 0 1 5 0 0 4 1 0 0 1 0 9 0 1 10 2 0
4 0 0 0 7 1023 0 0 8 8 0 18 0 0 0 0 1 0 0 2 0 0 3 0 1 0 0 2 1 0 5 0 0 8 0 0 3 2 0 3 2 8 7 0 1 5 0 0 6 0 1 5 0 0 4 1 0 0 1 0 9 0 1 10 2 0
4 0 0 1 0 341 0 0 8 8 0 18 0 0 0 0 1 0 0 2 0 0 3 0 1 0 0 2 1 0 5 0 0 8 0 0 3 2 0 3 2 8 7 0 1 5 0 0 6 0 1 5 0 0 4 1 0 0 1 0 9 0 0 10 2 0
4 0 0 1 0 1023 0 0 8 8 0 18 0 0 0 0 1 0 0 2 0 0 3 0 1 0 0 2 1 0 5 0 0 8 0 0 3 2 0 3 2 8 7 0 1 5 0 0 6 0 1 5 0 0 4 1 0 0 1 0 9 0 0 10 2 0
4 0 0 1 7 341 0 0 8 8 0 18 0 0 0 0 1 0 0 2 0 0 3 0 1 0 0 2 1 0 5 0 0 8 0 0 3 2 0 3 2 8 7 0 1 5 0 0 6 0 1 5 0 0 4 1 0 0 1 0 9 0 0 10 2 0
4 0 0 1 7 1023 0 0 8 8 0 18 0 0 0 0 1 0 0 2 0 0 3 0 1 0 0 2 1 0 5 0 0 8 0 0 3 2 0 3 2 8 7 0 1 5 0 0 6 0 1 5 0 0 4 1 0 0 1 0 9 0 0 10 2 0
4 0 1 0 0 341 0 0 8 8 0 18 0 0 0 0 1 0 0 2 0 0 3 0 1 0 0 2 1 0 5 0 0 8 0 0 3 2 0 3 2 8 7 0 0 5 0 0 6 0 1 5 0 0 4 1 0 0 1 0 9 0 1 10 2 0
4 0 1 0 0 1023 0 0 8 8 0 18 0 0 0 0 1 0 0 2 0 0 3 0 1 0 0 2 1 0 5 0 0 8 0 0 3 2 0 3 2 8 7 0 0 5 0 0 6 0 1 5 0 0 4 1 0 0 1 0 9 0 1 10 2 0
4 0 1 0 7 341 0 0 8 8 0 18 0 0 0 0 1 0 0 2 0 0 3 0 1 0 0 2 1 0 5 0 0 8 0 0 3 2 0 3 2 8 7 0 0 5 0 0 6 0 1 5 0 0 4 1 0 0 1 0 9 0 1 10 2 0
4 0 1 0 7 1023 0 0 8 8 0 18 0 0 0 0 1 0 0 2 0 0 3 0 1 0 0 2 1 0 5 0 0 8 0 0 3 2 0 3 2 8 7 0 0 5 0 0 6 0 1 5 0 0 4 1 0 0 1 0 9 0 1 10 2 0
4 0 1 1 0 341 0 0 8 8 0 18 0 0 0 0 1 0 0 2 0 0 3 0 1 0 0 2 1 0 5 0 0 8 0 0 3 2 0 3 2 8 7 0 0 5 0 0 6 0 1 5 0 0 4 1 0 0 1 0 9 0 0 10 2 0
4 0 1 1 0 1023 0 0 8 8 0 18 0 0 0 0 1 0 0 2 0 0 3 0 1 0 0 2 1 0 5 0 0 8 0 0 3 2 0 3 2 8 7 0 0 5 0 0 6 0 1 5 0 0 4 1 0 0 1 0 9 0 0 10 2 0
4 0 1 1 7 341 0 0 8 8 0 18 0 0 0 0 1 0 0 2 0 0 3 0 1 0 0 2 1 0 5 0 0 8 0 0 3 2 0 3 2 8 7 0 0 5 0 0 6 0 1 5 0 0 4 1 0 0 1 0 9 0 0 10 2 0
4 0 1 1 7 1023 0 0 8 8 0 18 0 0 0 0 1 0 0 2 0 0 3 0 1 0 0 2 1 0 5 0 0 8 0 0 3 2 0 3 2 8 7 0 0 5 0 0 6 0 1 5 0 0 4 1 0 0 1 0 9 0 0 10 2 0
4 1 0 0 0 341 0 0 8 8 0 18 0 0 0 0 1 0 0 2 0 0 3 0 1 0 0 2 1 0 5 0 0 8 0 0 3 2 0 3 2 8 7 0 1 5 0 0 6 0 0 5 0 0 4 1 0 0 1 0 9 0 1 10 2 0
4 1 0 0 0 1023 0 0 8 8 0 18 0 0 0 0 1 0 0 2 0 0 3 0 1 0 0 2 1 0 5 0 0 8 0 0 3 2 0 3 2 8 7 0 1 5 0 0 6 0 0 5 0 0 4 1 0 0 1 0 9 0 1 10 2 0
4 1 0 0 7 341 0 0 8 8 0 18 0 0 0 0 1 0 0 2 0 0 3 0 1 0 0 2 1 0 5 0 0 8 0 0 3 2 0 3 2 8 7 0 1 5 0 0 6 0 0 5 0 0 4 1 0 0 1 0 9 0 1 10 2 0
4 1 0 0 7 1023 0 0 8 8 0 18 0 0 0 0 1 0 0 2 0 0 3 0 1 0 0 2 1 0 5 0 0 8 0 0 3 2 0 3 2 8 7 0 1 5 0 0 6 0 0 5 0 0 4 1 0 0 1 0 9 0 1 10 2 0
4 1 0 1 0 341 0 0 8 8 0 18 0 0 0 0 1 0 0 2 0 0 3 0 1 0 0 2 1 0 5 0 0 8 0 0 3 2 0 3 2 8 7 0 1 5 0 0 6 0 0 5 0 0 4 1 0 0 1 0 9 0 0 10 2 0
4 1 0 1 0 1023 0 0 8 8 0 18 0 0 0 0 1 0 0 2 0 0 3 0 1 0 0 2 1 0 5 0 0 8 0 0 3 2 0 3 2 8 7 0 1 5 0 0 6 0 0 5 0 0 4 1 0 0 1 0 9 0 0 10 2 0
4 1 0 1 7 341 0 0 8 8 0 18 0 0 0 0 1 0 0 2 0 0 3 0 1 0 0 2 1 0 5 0 0 8 0 0 3 2 0 3 2 8 7 0 1 5 0 0 6 0 0 5 0 0 4 1 0 0 1 0 9 0 0 10 2 0
4 1 0 1 7 1023 0 0 8 8 0 18 0 0 0 0 1 0 0 2 0 0 3 0 1 0 0 2 1 0 5 0 0 8 0 0 3 2 0 3 2 8 7 0 1 5 0 0 6 0 0 5 0 0 4 1 0 0 1 0 9 0 0 10 2 0
4 1 1 0 0 341 0 0 8 8 0 18 0 0 0 0 1 0 0 2 0 0 3 0 1 0 0 2 1 0 5 0 0 8 0 0 3 2 0 3 2 8 7 0 0 5 0 0 6 0 0 5 0 0 4 1 0 0 1 0 9 0 1 10 2 0
4 1 1 0 0 1023 0 0 8 8 0 18 0 0 0 0 1 0 0 2 0 0 3 0 1 0 0 2 1 0 5 0 0 8 0 0 3 2 0 3 2 8 7 0 0 5 0 0 6 0 0 5 0 0 4 1 0 0 1 0 9 0 1 10 2 0
4 1 1 0 7 341 0 0 8 8 0 18 0 0 0 0 1 0 0 2 0 0 3 0 1 0 0 2 1 0 5 0 0 8 0 0 3 2 0 3 2 8 7 0 0 5 0 0 6 0 0 5 0 0 4 1 0 0 1 0 9 0 1 10 2 0
4 1 1 0 7 1023 0 0 8 8 0 18 0 0 0 0 1 0 0 2 0 0 3 0 1 0 0 2 1 0 5 0 0 8 0 0 3 2 0 3 2 8 7 0 0 5 0 0 6 0 0 5 0 0 4 1 0 0 1 0 9 0 1 10 2 0
4 1 1 1 0 341 0 0 8 8 0 18 0 0 0 0 1 0 0 2 0 0 3 0 1 0 0 2 1 0 5 0 0 8 0 0 3 2 0 3 2 8 7 0 0 5 0 0 6 0 0 5 0 0 4 1 0 0 1 0 9 0 0 10 2 0
4 1 1 1 0 1023 0 0 8 8 0 18 0 0 0 0 1 0 0 2 0 0 3 0 1 0 0 2 1 0 5 0 0 8 0 0 3 2 0 3 2 8 7 0 0 5 0 0 6 0 0 5 0 0 4 1 0 0 1 0 9 0 0 10 2 0
4 1 1 1 7 341 0 0 8 8 0 18 0 0 0 0 1 0 0 2 0 0 3 0 1 0 0 2 1 0 5 0 0 8 0 0 3 2 0 3 2 8 7 0 0 5 0 0 6 0 0 5 0 0 4 1 0 0 1 0 9 0 0 10 2 0
4 1 1 1 7 1023 0 0 8 8 0 18 0 0 0 0 1 0 0 2 0 0 3 0 1 0 0 2 1 0 5 0 0 8 0 0 3 2 0 3 2 8 7 0 0 5 0 0 6 0 0 5 0 0 4 1 0 0 1 0 9 0 0 10 2 0
4 0 0 0 0 341 1 0 8 8 0 18 0 3 0 0 2 0 0 1 0 0 0 0 1 0 0 2 1 0 5 0 0 8 0 0 3 2 0 3 2 8 7 0 1 5 0 0 6 0 1 5 0 0 4 1 0 0 1 0 9 0 1 10 2 0
4 0 0 0 0 1023 1 0 8 8 0 18 0 3 0 0 2 0 0 1 0 0 0 0 1 0 0 2 1 0 5 0 0 8 0 0 3 2 0 3 2 8 7 0 1 5 0 0 6 0 1 5 0 0 4 1 0 0 1 0 9 0 1 10 2 0
4 0 0 0 7 341 1 0 8 8 0 18 0 3 0 0 2 0 0 1 0 0 0 0 1 0 0 2 1 0 5 0 0 8 0 0 3 2 0 3 2 8 7 0 1 5 0 0 6 0 1 5 0 0 4 1 0 0 1 0 9 0 1 10 2 0
4 0 0 0 7 1023 1 0 8 8 0 18 0 3 0 0 2 0 0 1 0 0 0 0 1 0 0 2 1 0 5 0 0 8 0 0 3 2 0 3 2 8 7 0 1 5 0 0 6 0 1 5 0 0 4 1 0 0 1 0 9 0 1 10 2 0
4 0 0 1 0 341 1 0 8 8 0 18 0 3 0 0 2 0 0 1 0 0 0 0 1 0 0 2 1 0 5 0 0 8 0 0 3 2 0 3 2 8 7 0 1 5 0 0 6 0 1 5 0 0 4 1 0 0 1 0 9 0 0 10 2 0
4 0 0 1 0 1023 1 0 8 8 0 18 0 3 0 0 2 0 0 1 0 0 0 0 1 0 0 2 1 0 5 0 0 8 0 0 3 2 0 3 2 8 7 0 1 5 0 0 6 0 1 5 0 0 4 1 0 0 1 0 9 0 0 10 2 0
4 0 0 1 7 341 1 0 8 8 0 18 0 3 0 0 2 0 0 1 0 0 0 0 1 0 0 2 1 0 5 0 0 8 0 0 3 2 0 3 2 8 7 0 1 5 0 0 6 0 1 5 0 0 4 1 0 0 1 0 9 0 0 10 2 0
4 0 0 1 7 1023 1 0 8 8 0 18 0 3 0 0 2 0 0 1 0 0 0 0 1 0 0 2 1 0 5 0 0 8 0 0 3 2 0 3 2 8 7 0 1 5 0 0 6 0 1 5 0 0 4 1 0 0 1 0 9 0 0 10 2 0
4 0 1 0 0 341 1 0 8 8 0 18 0 3 0 0 2 0 0 1 0 0 0 0 1 0 0 2 1 0 5 0 0 8 0 0 3 2 0 3 2 8 7 0 0 5 0 0 6 0 1 5 0 0 4 1 0 0 1 0 9 0 1 10 2 0
4 0 1 0 0 1023 1 0 8 8 0 18 0 3 0 0 2 0 0 1 0 0 0 0 1 0 0 2 1 0 5 0 0 8 0 0 3 2 0 3 2 8 7 0 0 5 0 0 6 0 1 5 0 0 4 1 0 0 1 0 9 0 1 10 2 0
4 0 1 0 7 341 1 0 8 8 0 18 0 3 0 0 2 0 0 1 0 0 0 0 1 0 0 2 1 0 5 0 0 8 0 0 3 2 0 3 2 8 7 0 0 5 0 0 6 0 1 5 0 0 4 1 0 0 1 0 9 0 1 10 2 0
4 0 1 0 7 1023 1 0 8 8 0 18 0 3 0 0 2 0 0 1 0 0 0 0 1 0 0 2 1 0 5 0 0 8 0 0 3 2 0 3 2 8 7 0 0 5 0 0 6 0 1 5 0 0 4 1 0 0 1 0 9 0 1 10 2 0
4 0 1 1 0 341 1 0 8 8 0 18 0 3 0 0 2 0 0 1 0 0 0 0 1 0 0 2 1 0 5 0 0 8 0 0 3 2 0 3 2 8 7 0 0 5 0 0 6 0 1 5 0 0 4 1 0 0 1 0 9 0 0 10 2 0
4 0 1 1 0 1023 1 0 8 8 0 18 0 3 0 0 2 0 0 1 0 0 0 0 1 0 0 2 1 0 5 0 0 8 0 0 3 2 0 3 2 8 7 0 0 5 0 0 6 0 1 5 0 0 4 1 0 0 1 0 9 0 0 10 2 0
4 0 1 1 7 341 1 0 8 8 0 18 0 3 0 0 2 0 0 1 0 0 0 0 1 0 0 2 1 0 5 0 0 8 0 0 3 2 0 3 2 8 7 0 0 5 0 0 6 0 1 5 0 0 4 1 0 0 1 0 9 0 0 10 2 0
4 0 1 1 7 1023 1 0 8 8 0 18 0 3 0 0 2 0 0 1 0 0 0 0 1 0 0 2 1 0 5 0 0 8 0 0 3 2 0 3 2 8 7 0 0 5 0 0 6 0 1 5 0 0 4 1 0 0 1 0 9 0 0 10 2 0
4 1 0 0 0 341 1 0 8 8 0 18 0 3 0 0 2 0 0 1 0 0 0 0 1 0 0 2 1 0 5 0 0 8 0 0 3 2 0 3 2 8 7 0 1 5 0 0 6 0 0 5 0 0 4 1 0 0 1 0 9 0 1 10 2 0
4 1 0 0 0 1023 1 0 8 8 0 18 0 3 0 0 2 0 0 1 0 0 0 0 1 0 0 2 1 0 5 0 0 8 0 0 3 2 0 3 2 8 7 0 1 5 0 0 6 0 0 5 0 0 4 1 0 0 1 0 9 0 1 10 2 0
4 1 0 0 7 341 1 0 8 8 0 18 0 3 0 0 2 0 0 1 0 0 0 0 1 0 0 2 1 0 5 0 0 8 0 0 3 2 0 3 2 8 7 0 1 5 0 0 6 0 0 5 0 0 4 1 0 0 1 0 9 0 1 10 2 0
4 1 0 0 7 1023 1 0 8 8 0 18 0 3 0 0 2 0 0 1 0 0 0 0 1 0 0 2 1 0 5 0 0 8 0 0 3 2 0 3 2 8 7 0 1 5 0 0 6 0 0 5 0 0 4 1 0 0 1 0 9 0 1 10 2 0
4 1 0 1 0 341 1 0 8 8 0 18 0 3 0 0 2 0 0 1 0 0 0 0 1 0 0 2 1 0 5 0 0 8 0 0 3 2 0 3 2 8 7 0 1 5 0 0 6 0 0 5 0 0 4 1 0 0 1 0 9 0 0 10 2 0
4 1 0 1 0 1023 1 0 8 8 0 18 0 3 0 0 2 0 0 1 0 0 0 0 1 0 0 2 1 0 5 0 0 8 0 0 3 2 0 3 2 8 7 0 1 5 0 0 6 0 0 5 0 0 4 1 0 0 1 0 9 0 0 10 2 0
4 1 0 1 7 341 1 0 8 8 0 18 0 3 0 0 2 0 0 1 0 0 0 0 1 0 0 2 1 0 5 0 0 8 0 0 3 2 0 3 2 8 7 0 1 5 0 0 6 0 0 5 0 0 4 1 0 0 1 0 9 0 0 10 2 0
4 1 0 1 7 1023 1 0 8 8 0 18 0 3 0 0 2 0 0 1 0 0 0 0 1 0 0 2 1 0 5 0 0 8 0 0 3 2 0 3 2 8 7 0 1 5 0 0 6 0 0 5 0 0 4 1 0 0 1 0 9 0 0 10 2 0
4 1 1 0 0 341 1 0 8 8 0 18 0 3 0 0 2 0 0 1 0 0 0 0 1 0 0 2 1 0 5 0 0 8 0 0 3 2 0 3 2 8 7 0 0 5 0 0 6 0 0 5 0 0 4 1 0 0 1 0 9 0 1 10 2 0
4 1 1 0 0 1023 1 0 8 8 0 18 0 3 0 0 2 0 0 1 0 0 0 0 1 0 0 2 1 0 5 0 0 8 0 0 3 2 0 3 2 8 7 0 0 5 0 0 6 0 0 5 0 0 4 1 0 0 1 0 9 0 1 10 2 0
4 1 1 0 7 341 1 0 8 8 0 18 0 3 0 0 2 0 0 1 0 0 0 0 1 0 0 2 1 0 5 0 0 8 0 0 3 2 0 3 2 8 7 0 0 5 0 0 6 0 0 5 0 0 4 1 0 0 1 0 9 0 1 10 2 0
4 1 1 0 7 1023 1 0 8 8 0 18 0 3 0 0 2 0 0 1 0 0 0 0 1 0 0 2 1 0 5 0 0 8 0 0 3 2 0 3 2 8 7 0 0 5 0 0 6 0 0 5 0 0 4 1 0 0 1 0 9 0 1 10 2 0
4 1 1 1 0 341 1 0 8 8 0 18 0 3 0 0 2 0 0 1 0 0 0 0 1 0 0 2 1 0 5 0 0 8 0 0 3 2 0 3 2 8 7 0 0 5 0 0 6 0 0 5 0 0 4 1 0 0 1 0 9 0 0 10 2 0
4 1 1 1 0 1023 1 0 8 8 0 18 0 3 0 0 2 0 0 1 0 0 0 0 1 0 0 2 1 0 5 0 0 8 0 0 3 2 0 3 2 8 7 0 0 5 0 0 6 0 0 5 0 0 4 1 0 0 1 0 9 0 0 10 2 0
4 1 1 1 7 341 1 0 8 8 0 18 0 3 0 0 2 0 0 1 0 0 0 0 1 0 0 2 1 0 5 0 0 8 0 0 3 2 0 3 2 8 7 0 0 5 0 0 6 0 0 5 0 0 4 1 0 0 1 0 9 0 0 10 2 0
4 1 1 1 7 1023 1 0 8 8 0 18 0 3 0 0 2 0 0 1 0 0 0 0 1 0 0 2 1 0 5 0 0 8 0 0 3 2 0 3 2 8 7 0 0 5 0 0 6 0 0 5 0 0 4 1 0 0 1 0 9 0 0 10 2 0
4 0 0 0 0 341 1 0 8 8 0 18 0 2 0 0 0 0 0 3 0 0 1 0 1 0 0 2 1 0 5 0 0 8 0 0 3 2 0 3 2 8 7 0 1 5 0 0 6 0 1 5 0 0 4 1 0 0 1 0 9 0 1 10 2 0
4 0 0 0 0 1023 1 0 8 8 0 18 0 2 0 0 0 0 0 3 0 0 1 0 1 0 0 2 1 0 5 0 0 8 0 0 3 2 0 3 2 8 7 0 1 5 0 0 6 0 1 5 0 0 4 1 0 0 1 0 9 0 1 10 2 0
4 0 0 0 7 341 1 0 8 8 0 18 0 2 0 0 0 0 0 3 0 0 1 0 1 0 0 2 1 0 5 0 0 8 0 0 3 2 0 3 2 8 7 0 1 5 0 0 6 0 1 5 0 0 4 1 0 0 1 0 9 0 1 10 2 0
4 0 0 0 7 1023 1 0 8 8 0 18 0 2 0 0 0 0 0 3 0 0 1 0 1 0 0 2 1 0 5 0 0 8 0 0 3 2 0 3 2 8 7 0 1 5 0 0 6 0 1 5 0 0 4 1 0 0 1 0 9 0 1 10 2 0
4 0 0 1 0 341 1 0 8 8 0 18 0 2 0 0 0 0 0 3 0 0 1 0 1 0 0 2 1 0 5 0 0 8 0 0 3 2 0 3 2 8 7 0 1 5 0 0 6 0 1 5 0 0 4 1 0 0 1 0 9 0 0 10 2 0
4 0 0 1 0 1023 1 0 8 8 0 18 0 2 0 0 0 0 0 3 0 0 1 0 1 0 0 2 1 0 5 0 0 8 0 0 3 2 0 3 2 8 7 0 1 5 0 0 6 0 1 5 0 0 4 1 0 0 1 0 9 0 0 10 2 0
4 0 0 1 7 341 1 0 8 8 0 18 0 2 0 0 0 0 0 3 0 0 1 0 1 0 0 2 1 0 5 0 0 8 0 0 3 2 0 3 2 8 7 0 1 5 0 0 6 0 1 5 0 0 4 1 0 0 1 0 9 0 0 10 2 0
4 0 0 1 7 1023 1 0 8 8 0 18 0 2 0 0 0 0 0 3 0 0 1 0 1 0 0 2 1 0 5 0 0 8 0 0 3 2 0 3 2 8 7 0 1 5 0 0 6 0 1 5 0 0 4 1 0 0 1 0 9 0 0 10 2 0
4 0 1 0 0 341 1 0 8 8 0 18 0 2 0 0 0 0 0 3 0 0 1 0 1 0 0 2 1 0 5 0 0 8 0 0 3 2 0 3 2 8 7 0 0 5 0 0 6 0 1 5 0 0 4 1 0 0 1 0 9 0 1 10 2 0
4 0 1 0 0 1023 1 0 8 8 0 18 0 2 0 0 0 0 0 3 0 0 1 0 1 0 0 2 1 0 5 0 0 8 0 0 3 2 0 3 2 8 7 0 0 5 0 0 6 0 1 5 0 0 4 1 0 0 1 0 9 0 1 10 2 0
4 0 1 0 7 341 1 0 8 8 0 18 0 2 0 0 0 0 0 3 0 0 1 0 1 0 0 2 1 0 5 0 0 8 0 0 3 2 0 3 2 8 7 0 0 5 0 0 6 0 1 5 0 0 4 1 0 0 1 0 9 0 1 10 2 0
4 0 1 0 7 1023 1 0 8 8 0 18 0 2 0 0 0 0 0 3 0 0 1 0 1 0 0 2 1 0 5 0 0 8 0 0 3 2 0 3 2 8 7 0 0 5 0 0 6 0 1 5 0 0 4 1 0 0 1 0 9 0 1 10 2 0
4 0 1 1 0 341 1 0 8 8 0 18 0 2 0 0 0 0 0 3 0 0 1 0 1 0 0 2 1 0 5 0 0 8 0 0 3 2 0 3 2 8 7 0 0 5 0 0 6 0 1 5 0 0 4 1 0 0 1 0 9 0 0 10 2 0
4 0 1 1 0 1023 1 0 8 8 0 18 0 2 0 0 0 0 0 3 0 0 1 0 1 0 0 2 1 0 5 0 0 8 0 0 3 2 0 3 2 8 7 0 0 5 0 0 6 0 1 5 0 0 4 1 0 0 1 0 9 0 0 10 2 0
4 0 1 1 7 341 1 0 8 8 0 18 0 2 0 0 0 0 0 3 0 0 1 0 1 0 0 2 1 0 5 0 0 8 0 0 3 2 0 3 2 8 7 0 0 5 0 0 6 0 1 5 0 0 4 1 0 0 1 0 9 0 0 10 2 0
4 0 1 1 7 1023 1 0 8 8 0 18 0 2 0 0 0 0 0 3 0 0 1 0 1 0 0 2 1 0 5 0 0 8 0 0 3 2 0 3 2 8 7 0 0 5 0 0 6 0 1 5 0 0 4 1 0 0 1 0 9 0 0 10 2 0
4 1 0 0 0 341 1 0 8 8 0 18 0 2 0 0 0 0 0 3 0 0 1 0 1 0 0 2 1 0 5 0 0 8 0 0 3 2 0 3 2 8 7 0 1 5 0 0 6 0 0 5 0 0 4 1 0 0 1 0 9 0 1 10 2 0
4 1 0 0 0 1023 1 0 8 8 0 18 0 2 0 0 0 0 0 3 0 0 1 0 1 0 0 2 1 0 5 0 0 8 0 0 3 2 0 3 2 8 7 0 1 5 0 0 6 0 0 5 0 0 4 1 0 0 1 0 9 0 1 10 2 0
4 1 0 0 7 341 1 0 8 8 0 18 0 2 0 0 0 0 0 3 0 0 1 0 1 0 0 2 1 0 5 0 0 8 0 0 3 2 0 3 2 8 7 0 1 5 0 0 6 0 0 5 0 0 4 1 0 0 1 0 9 0 1 10 2 0
4 1 0 0 7 1023 1 0 8 8 0 18 0 2 0 0 0 0 0 3 0 0 1 0 1 0 0 2 1 0 5 0 0 8 0 0 3 2 0 3 2 8 7 0 1 5 0 0 6 0 0 5 0 0 4 1 0 0 1 0 9 0 1 10 2 0
4 1 0 1 0 341 1 0 8 8 0 18 0 2 0 0 0 0 0 3 0 0 1 0 1 0 0 2 1 0 5 0 0 8 0 0 3 2 0 3 2 8 7 0 1 5 0 0 6 0 0 5 0 0 4 1 0 0 1 0 9 0 0 10 2 0
4 1 0 1 0 1023 1 0 8 8 0 18 0 2 0 0 0 0 0 3 0 0 1 0 1 0 0 2 1 0 5 0 0 8 0 0 3 2 0 3 2 8 7 0 1 5 0 0 6 0 0 5 0 0 4 1 0 0 1 0 9 0 0 10 2 0
4 1 0 1 7 341 1 0 8 8 0 18 0 2 0 0 0 0 0 3 0 0 1 0 1 0 0 2 1 0 5 0 0 8 0 0 3 2 0 3 2 8 7 0 1 5 0 0 6 0 0 5 0 0 4 1 0 0 1 0 9 0 0 10 2 0
4 1 0 1 7 1023 1 0 8 8 0 18 0 2 0 0 0 0 0 3 0 0 1 0 1 0 0 2 1 0 5 0 0 8 0 0 3 2 0 3 2 8 7 0 1 5 0 0 6 0 0 5 0 0 4 1 0 0 1 0 9 0 0 10 2 0
4 1 1 0 0 341 1 0 8 8 0 18 0 2 0 0 0 0 0 3 0 0 1 0 1 0 0 2 1 0 5 0 0 8 0 0 3 2 0 3 2 8 7 0 0 5 0 0 6 0 0 5 0 0 4 1 0 0 1 0 9 0 1 10 2 0
4 1 1 0 0 1023 1 0 8 8 0 18 0 2 0 0 0 0 0 3 0 0 1 0 1 0 0 2 1 0 5 0 0 8 0 0 3 2 0 3 2 8 7 0 0 5 0 0 6 0 0 5 0 0 4 1 0 0 1 0 9 0 1 10 2 0
4 1 1 0 7 341 1 0 8 8 0 18 0 2 0 0 0 0 0 3 0 0 1 0 1 0 0 2 1 0 5 0 0 8 0 0 3 2 0 3 2 8 7 0 0 5 0 0 6 0 0 5 0 0 4 1 0 0 1 0 9 0 1 10 2 0
4 1 1 0 7 1023 1 0 8 8 0 18 0 2 0 0 0 0 0 3 0 0 1 0 1 0 0 2 1 0 5 0 0 8 0 0 3 2 0 3 2 8 7 0 0 5 0 0 6 0 0 5 0 0 4 1 0 0 1 0 9 0 1 10 2 0
4 1 1 1 0 341 1 0 8 8 0 18 0 2 0 0 0 0 0 3 0 0 1 0 1 0 0 2 1 0 5 0 0 8 0 0 3 2 0 3 2 8 7 0 0 5 0 0 6 0 0 5 0 0 4 1 0 0 1 0 9 0 0 10 2 0
4 1 1 1 0 1023 1 0 8 8 0 18 0 2 0 0 0 0 0 3 0 0 1 0 1 0 0 2 1 0 5 0 0 8 0 0 3 2 0 3 2 8 7 0 0 5 0 0 6 0 0 5 0 0 4 1 0 0 1 0 9 0 0 10 2 0
4 1 1 1 7 341 1 0 8 8 0 18 0 2 0 0 0 0 0 3 0 0 1 0 1 0 0 2 1 0 5 0 0 8 0 0 3 2 0 3 2 8 7 0 0 5 0 0 6 0 0 5 0 0 4 1 0 0 1 0 9 0 0 10 2 0
4 1 1 1 7 1023 1 0 8 8 0 18 0 2 0 0 0 0 0 3 0 0 1 0 1 0 0 2 1 0 5 0 0 8 0 0 3 2 0 3 2 8 7 0 0 5 0 0 6 0 0 5 0 0 4 1 0 0 1 0 9 0 0 10 2 0
